expiry,T,strike,forward,forward_source,k,option_type,bid,ask,price,price_source,rel_spread,volume,openInterest,iv,iv_svi,resid_iv_bps,total_var,vega,iv_method
2026-10-16,0.021695115437817096,728.0,774.9826403590937,put_call_parity,-0.06253958136913433,put,0.18,0.19,0.185,mid,0.054054054054054106,215.0,22879,0.2098559891397198,0.20828225338866166,-15.737357510581528,0.0009554428212055146,5.694562565604626,brent
2026-10-16,0.021695115437817096,729.0,774.9826403590937,put_call_parity,-0.061166897557162134,put,0.18,0.19,0.185,mid,0.054054054054054106,531.0,33113,0.2059357922090229,0.2056453057583246,-2.904864506982907,0.0009200800940402169,5.776598354039064,brent
2026-10-16,0.021695115437817096,730.0,774.9826403590937,put_call_parity,-0.05979609542338357,put,0.19,0.2,0.195,mid,0.05128205128205133,910.0,59979,0.20368928401114791,0.20301352320056865,-6.757608105792679,0.0009001156827500766,6.0588226309854205,brent
2026-10-16,0.021695115437817096,731.0,774.9826403590937,put_call_parity,-0.05842716981604186,put,0.2,0.21,0.20500000000000002,mid,0.04878048780487795,94.0,2197,0.2013367135293903,0.20038768615652455,-9.490273728657572,0.0008794434441422936,6.344114471404707,brent
2026-10-16,0.021695115437817096,732.0,774.9826403590937,put_call_parity,-0.057060115604508785,put,0.2,0.21,0.20500000000000002,mid,0.04878048780487795,107.0,56434,0.19735452357213198,0.19776860667705307,4.140831049210814,0.0008449988851696146,6.439941891334592,brent
2026-10-16,0.021695115437817096,733.0,774.9826403590937,put_call_parity,-0.05569492767916884,put,0.21,0.22,0.215,mid,0.046511627906976785,88.0,21304,0.1948738443833889,0.19515712862376364,2.8328424037474265,0.0008238896951464077,6.734622432754772,brent
2026-10-16,0.021695115437817096,734.0,774.9826403590937,put_call_parity,-0.05433160095130473,put,0.22,0.23,0.225,mid,0.04444444444444448,476.0,15526,0.19229919273999238,0.1925541277869861,2.5493504699372616,0.0008022632296424573,7.033518390413068,brent
2026-10-16,0.021695115437817096,735.0,774.9826403590937,put_call_parity,-0.05297013035298362,put,0.23,0.24,0.235,mid,0.042553191489361625,4119.0,27896,0.1896352888785965,0.18996051191549976,3.252230369032716,0.0007801898221091502,7.337096901138273,brent
2026-10-16,0.021695115437817096,736.0,774.9826403590937,put_call_parity,-0.05161051083694404,put,0.24,0.25,0.245,mid,0.04081632653061228,203.0,38081,0.1868862484638288,0.18737722065311485,4.909721892860375,0.0007577337955540976,7.645837059130919,brent
2026-10-16,0.021695115437817096,737.0,774.9826403590937,put_call_parity,-0.05025273737648377,put,0.25,0.26,0.255,mid,0.03921568627450984,72.0,5294,0.18405566462663572,0.18480522537753738,7.495607509016566,0.0007349543108703945,7.96023438156911,brent
2026-10-16,0.021695115437817096,738.0,774.9826403590937,put_call_parity,-0.04889680496534786,put,0.27,0.28,0.275,mid,0.03636363636363639,16.0,8811,0.18234105305541917,0.1822455289373264,-0.9552411809277128,0.0007213248307654615,8.464370423534046,brent
2026-10-16,0.021695115437817096,739.0,774.9826403590937,put_call_parity,-0.04754270861761856,put,0.28,0.29,0.28500000000000003,mid,0.035087719298245446,704.0,21032,0.17931153182926265,0.1796991652831699,3.8763345390724346,0.0006975549207006206,8.790538320631137,brent
2026-10-16,0.021695115437817096,740.0,774.9826403590937,put_call_parity,-0.04619044336760489,put,0.3,0.31,0.305,mid,0.03278688524590167,15920.0,57818,0.1772964718073786,0.17716719899013336,-1.2927281724522954,0.0006819651029452358,9.302175722203412,brent
2026-10-16,0.021695115437817096,741.0,774.9826403590937,put_call_parity,-0.04484000426973342,put,0.31,0.32,0.315,mid,0.03174603174603177,767.0,3754,0.17408813621056093,0.1746507246679859,5.625884574249618,0.0006575069031141303,9.64289082448949,brent
2026-10-16,0.021695115437817096,742.0,774.9826403590937,put_call_parity,-0.04349138639843984,put,0.33,0.34,0.335,mid,0.02985074626865674,123.0,9342,0.1718062014719882,0.1721508662571417,3.4466478515352006,0.0006403827683204025,10.165735853397779,brent
2026-10-16,0.021695115437817096,743.0,774.9826403590937,put_call_parity,-0.042144584848061224,put,0.35,0.36,0.355,mid,0.028169014084507067,208.0,4557,0.16937603780604543,0.16966877620817045,2.9273840212501456,0.0006223947258655256,10.693856742738589,brent
2026-10-16,0.021695115437817096,744.0,774.9826403590937,put_call_parity,-0.040799594732728504,put,0.37,0.38,0.375,mid,0.02666666666666669,447.0,3990,0.16680665465773808,0.16720563454319945,3.9897988546136465,0.0006036548725216361,11.22845591696562,brent
2026-10-16,0.021695115437817096,745.0,774.9826403590937,put_call_parity,-0.03945641118626084,put,0.39,0.4,0.395,mid,0.025316455696202552,1798.0,32695,0.16410560965512666,0.1647626477978455,6.570381427188354,0.0005842635848700702,11.770735530993543,brent
2026-10-16,0.021695115437817096,746.0,774.9826403590937,put_call_parity,-0.03811502936205948,put,0.42,0.43,0.425,mid,0.023529411764705903,508.0,2181,0.1620856255409331,0.16234104784253886,2.554223016057733,0.0005699686491552412,12.480338290068085,brent
2026-10-16,0.021695115437817096,747.0,774.9826403590937,put_call_parity,-0.03677544443300301,put,0.45,0.46,0.455,mid,0.021978021978021997,685.0,4109,0.1598668500001427,0.15994209058223902,0.7524058209631979,0.0005544709543615533,13.192813674993591,brent
2026-10-16,0.021695115437817096,748.0,774.9826403590937,put_call_parity,-0.03543765159134306,put,0.48,0.49,0.485,mid,0.020618556701030948,31594.0,6066,0.15746339703979464,0.15756705453355793,1.0365749376328726,0.0005379243431801489,13.910228047030019,brent
2026-10-16,0.021695115437817096,749.0,774.9826403590937,put_call_parity,-0.0341016460486008,put,0.51,0.52,0.515,mid,0.019417475728155355,367.0,5376,0.15488678148736298,0.1552172392781942,3.304577908312123,0.0005204639769934882,14.634572253510845,brent
2026-10-16,0.021695115437817096,750.0,774.9826403590937,put_call_parity,-0.03276742303546425,put,0.55,0.56,0.555,mid,0.018018018018018032,41897.0,75078,0.15279418229117253,0.15289396379133258,0.997815001600455,0.0005064955131897503,15.507423146344685,brent
2026-10-16,0.021695115437817096,751.0,774.9826403590937,put_call_parity,-0.03143497780168562,put,0.59,0.6,0.595,mid,0.016806722689075647,535.0,14345,0.15048094108860152,0.15059856464327004,1.176235546685167,0.0004912753372558404,16.382514720666173,brent
2026-10-16,0.021695115437817096,752.0,774.9826403590937,put_call_parity,-0.03010430561598052,put,0.63,0.65,0.64,mid,0.03125000000000003,856.0,4899,0.148250628587293,0.14833239407199697,0.8176548470398282,0.00047682064649733785,17.326955485293656,brent
2026-10-16,0.021695115437817096,753.0,774.9826403590937,put_call_parity,-0.02877540176592675,put,0.68,0.7,0.69,mid,0.02898550724637668,4507.0,34238,0.14606971738648603,0.14609681792378762,0.2710053730159423,0.00046289484393228955,18.335836324685285,brent
2026-10-16,0.021695115437817096,754.0,774.9826403590937,put_call_parity,-0.02744826155786424,put,0.74,0.75,0.745,mid,0.01342281879194632,1358.0,3543,0.14390836136475665,0.1438932134580779,-0.15147906678752987,0.0004492975200045245,19.40425029223704,brent
2026-10-16,0.021695115437817096,755.0,774.9826403590937,put_call_parity,-0.02612288031679559,put,0.8,0.82,0.81,mid,0.024691358024691242,11433.0,26479,0.14198339358893836,0.14172296701203094,-2.6042657690741877,0.0004373579947176514,20.582467135877245,brent
2026-10-16,0.021695115437817096,756.0,774.9826403590937,put_call_parity,-0.02479925338628728,put,0.87,0.88,0.875,mid,0.011428571428571439,1278.0,4187,0.13977182621325854,0.13958747151926854,-1.8435469399000204,0.00042383932023991154,21.752600724753652,brent
2026-10-16,0.021695115437817096,757.0,774.9826403590937,put_call_parity,-0.0234773761283716,put,0.94,0.96,0.95,mid,0.02105263157894739,2531.0,29504,0.13772763346421246,0.13748812387631898,-2.3950958789348276,0.00041153249734988647,23.01701461249215,brent
2026-10-16,0.021695115437817096,758.0,774.9826403590937,put_call_parity,-0.0221572439234487,put,1.03,1.04,1.0350000000000001,mid,0.009661835748792277,3367.0,6228,0.13579722646641398,0.13542632214945766,-3.7090431695632753,0.0004000771660786884,24.361661171635195,brent
2026-10-16,0.021695115437817096,759.0,774.9826403590937,put_call_parity,-0.020838852170190415,put,1.12,1.13,1.125,mid,0.0088888888888887,1500.0,6120,0.13373925627233302,0.13340346261387415,-3.3579365845887166,0.00038804292790084054,25.730670462575475,brent
2026-10-16,0.021695115437817096,760.0,774.9826403590937,put_call_parity,-0.01952219628544356,put,1.22,1.23,1.225,mid,0.008163265306122455,9627.0,24619,0.1317273462088958,0.13142093661654988,-3.064095923459298,0.0003764556767605982,27.158827562457017,brent
2026-10-16,0.021695115437817096,761.0,774.9826403590937,put_call_parity,-0.01820727170413447,put,1.33,1.35,1.34,mid,0.01492537313432837,577.0,5693,0.12989776896947738,0.12948012725398605,-4.176417154913292,0.00036607101999652965,28.667479342168363,brent
2026-10-16,0.021695115437817096,762.0,774.9826403590937,put_call_parity,-0.016894073879174014,put,1.45,1.47,1.46,mid,0.013698630136986314,976.0,8881,0.12785896532265756,0.12758240585605848,-2.765594665990745,0.0003546699033829142,30.170033975749842,brent
2026-10-16,0.021695115437817096,763.0,774.9826403590937,put_call_parity,-0.01558259828136338,put,1.59,1.6,1.5950000000000002,mid,0.006269592476489033,1433.0,8364,0.1259224000885648,0.1257291282678984,-1.9327182066641857,0.00034400753149605356,31.71981062291378,brent
2026-10-16,0.021695115437817096,764.0,774.9826403590937,put_call_parity,-0.014272840399299876,put,1.74,1.76,1.75,mid,0.011428571428571439,2452.0,3377,0.12418867786328126,0.12392163092290696,-2.670469403742992,0.00033460002753364475,33.31833401495986,brent
2026-10-16,0.021695115437817096,765.0,774.9826403590937,put_call_parity,-0.012964795739284513,put,1.9,1.92,1.91,mid,0.010471204188481685,23827.0,21934,0.12216380823870972,0.12216122670190335,-0.02581536806364748,0.0003237778169547467,34.86932444987059,brent
2026-10-16,0.021695115437817096,766.0,774.9826403590937,put_call_parity,-0.011658459825229036,put,2.09,2.11,2.0999999999999996,mid,0.009523809523809533,2297.0,6184,0.1205337935179178,0.12044920057605032,-0.8459294186748123,0.0003151952148914444,36.46014264535791,brent
2026-10-16,0.021695115437817096,767.0,774.9826403590937,put_call_parity,-0.010353828198564131,put,2.29,2.32,2.3049999999999997,mid,0.013015184381778658,3421.0,8286,0.11881699192890874,0.11878680503469004,-0.3018689421870058,0.00030628030559438425,37.99593051618058,brent
2026-10-16,0.021695115437817096,768.0,774.9826403590937,put_call_parity,-0.009050896418148133,put,2.52,2.54,2.5300000000000002,mid,0.007905138339920955,4487.0,16305,0.11711142526102894,0.11717525530357867,0.6383004254972846,0.00029755037241867695,39.46768978066491,brent
2026-10-16,0.021695115437817096,769.0,774.9826403590937,put_call_parity,-0.0077496600601763095,put,2.77,2.79,2.7800000000000002,mid,0.007194244604316552,1243.0,4280,0.11549907982706784,0.1156157243642632,1.166445371953706,0.0002894136522251144,40.85513351830889,brent
2026-10-16,0.021695115437817096,770.0,774.9826403590937,put_call_parity,-0.006450114718090845,put,3.04,3.07,3.0549999999999997,mid,0.009819967266775715,18526.0,20426,0.11393203318039179,0.11410933779146452,1.773046110727372,0.00028161362350681487,42.1221122328224,brent
2026-10-16,0.021695115437817096,771.0,774.9826403590937,put_call_parity,-0.005152256002490872,put,3.34,3.37,3.355,mid,0.008941877794336885,3359.0,3895,0.11236810900963659,0.11265716843225988,2.890594226232918,0.000273935369342711,43.234435190975326,brent
2026-10-16,0.021695115437817096,772.0,774.9826403590937,put_call_parity,-0.0038560795410441744,put,3.67,3.7,3.685,mid,0.008141112618724626,8933.0,11884,0.11088257610556818,0.1112602309584769,3.776548529087209,0.0002667402659118865,44.16208001057468,brent
2026-10-16,0.021695115437817096,773.0,774.9826403590937,put_call_parity,-0.002561580978398367,put,4.03,4.06,4.045,mid,0.007416563658837914,5385.0,3044,0.10943479855407116,0.10991947633183985,4.846777777686856,0.00025982016302492626,44.869558119769835,brent
2026-10-16,0.021695115437817096,774.0,774.9826403590937,put_call_parity,-0.0012687559760931962,put,4.42,4.45,4.4350000000000005,mid,0.006764374295377733,5564.0,7189,0.10798918236430827,0.1086357862298457,6.46603865537429,0.00025300113599678717,45.324735714954286,brent
2026-10-16,0.021695115437817096,775.0,774.9826403590937,put_call_parity,2.2399787526588826e-05,call,4.92,4.95,4.9350000000000005,mid,0.00607902735562315,19717.0,21996,0.10865328954358973,0.10740996748877817,-12.433220548115631,0.0002561224951503719,45.49845764227367,brent
2026-10-16,0.021695115437817096,776.0,774.9826403590937,put_call_parity,0.0013118906173984718,call,4.37,4.4,4.385,mid,0.006841505131128906,9963.0,3217,0.10710546619072579,0.10624274662839397,-8.62719562331818,0.00024887727161795637,45.37074055151698,brent
2026-10-16,0.021695115437817096,777.0,774.9826403590937,put_call_parity,0.002599720801827068,call,3.87,3.89,3.88,mid,0.005154639175257737,3823.0,4019,0.10581849146650629,0.10513476453024297,-6.837269362633264,0.00024293220791197094,44.927916848614665,brent
2026-10-16,0.021695115437817096,778.0,774.9826403590937,put_call_parity,0.0038858946125713565,call,3.4,3.42,3.41,mid,0.005865102639296193,6408.0,5765,0.10455564510644805,0.10408657134792486,-4.690737585231891,0.00023716846198075696,44.15822640994081,brent
2026-10-16,0.021695115437817096,779.0,774.9826403590937,put_call_parity,0.005170416304927925,call,2.96,2.99,2.975,mid,0.010084033613445462,1720.0,3122,0.1033053209285975,0.10309862173244716,-2.0669919615033674,0.00023153004051237517,43.05700251071954,brent
2026-10-16,0.021695115437817096,780.0,774.9826403590937,put_call_parity,0.0064532901178169875,call,2.57,2.58,2.575,mid,0.0038834951456311576,14321.0,18924,0.10206154338012836,0.10217127045880618,1.0972707867781817,0.00022598844209740905,41.6274187278285,brent
2026-10-16,0.021695115437817096,781.0,774.9826403590937,put_call_parity,0.007734520273865659,call,2.21,2.24,2.225,mid,0.013483146067415842,1879.0,9425,0.10120079800810289,0.10130476854066657,1.039705325636825,0.00022219272718978283,39.92171981288814,brent
2026-10-16,0.021695115437817096,782.0,774.9826403590937,put_call_parity,0.00901411097949068,call,1.89,1.91,1.9,mid,0.010526315789473694,3960.0,4091,0.10013216770358252,0.10049925991822725,3.6709221464473196,0.00021752501207227134,37.9174075390624,brent
2026-10-16,0.021695115437817096,783.0,774.9826403590937,put_call_parity,0.010292066424982827,call,1.61,1.63,1.62,mid,0.012345679012345552,3402.0,7769,0.09940192892068894,0.09975477879987343,3.528498791844914,0.00021436387026152725,35.72131017748334,brent
2026-10-16,0.021695115437817096,784.0,774.9826403590937,put_call_parity,0.011568390784587481,call,1.36,1.37,1.3650000000000002,mid,0.007326007326007331,3610.0,7676,0.09851383596145846,0.09907124773093398,5.574117694755188,0.00021055057194760377,33.303217371181326,brent
2026-10-16,0.021695115437817096,785.0,774.9826403590937,put_call_parity,0.01284308821658819,call,1.14,1.15,1.145,mid,0.00873362445414848,59908.0,40737,0.09780102678877613,0.09844847645282351,6.474496640473809,0.00020751466521160466,30.773880342923206,brent
2026-10-16,0.021695115437817096,786.0,774.9826403590937,put_call_parity,0.014116162863386211,call,0.95,0.96,0.955,mid,0.010471204188481685,2373.0,6233,0.09719185349689333,0.09788616160326649,6.943081063731649,0.00020493762275299233,28.178801954425857,brent
2026-10-16,0.021695115437817096,787.0,774.9826403590937,put_call_parity,0.0153876188515828,call,0.79,0.8,0.795,mid,0.012578616352201269,1801.0,3201,0.09678934890314303,0.09738388729346588,5.945383903228491,0.00020324370447746758,25.607080025092237,brent
2026-10-16,0.021695115437817096,788.0,774.9826403590937,put_call_parity,0.016657460292058824,call,0.65,0.66,0.655,mid,0.015267175572519097,1672.0,2078,0.09631277072424498,0.09694112658147952,6.283558572345443,0.00020124714082886888,23.026025040474877,brent
2026-10-16,0.021695115437817096,789.0,774.9826403590937,put_call_parity,0.01792569128005385,call,0.53,0.54,0.535,mid,0.018691588785046745,942.0,2263,0.09583069157494958,0.0965572438432442,7.26552268294614,0.00019923755793423907,20.496168710266872,brent
2026-10-16,0.021695115437817096,790.0,774.9826403590937,put_call_parity,0.01919231589524691,call,0.43,0.44,0.435,mid,0.022988505747126457,8910.0,29684,0.09545042750334545,0.09623149802429816,7.810705209527064,0.00019765951300787643,18.09264068294461,brent
2026-10-16,0.021695115437817096,791.0,774.9826403590937,put_call_parity,0.020457338201833514,call,0.35,0.36,0.355,mid,0.028169014084507067,1114.0,2928,0.09533884319503,0.09596304673699012,6.242035419601194,0.00019719764376868845,15.907318322115863,brent
2026-10-16,0.021695115437817096,792.0,774.9826403590937,put_call_parity,0.02172076224860562,call,0.28,0.29,0.28500000000000003,mid,0.035087719298245446,1354.0,3064,0.09502707650125809,0.09575095115050879,7.238746492506943,0.00019591004401767426,13.796758920752014,brent
2026-10-16,0.021695115437817096,793.0,774.9826403590937,put_call_parity,0.022982592069027655,call,0.23,0.24,0.235,mid,0.042553191489361625,2000.0,7364,0.09539143510125492,0.09559418160510276,2.0274650384784207,0.0001974152646276414,12.077918358114827,brent
2026-10-16,0.021695115437817096,794.0,774.9826403590937,put_call_parity,0.024242831681315302,call,0.18,0.19,0.185,mid,0.054054054054054106,1158.0,5442,0.09498075776620925,0.09549162386795064,5.108661017413918,0.00019571910698736934,10.261230529779521,brent
2026-10-16,0.021695115437817096,795.0,774.9826403590937,put_call_parity,0.025501485088511605,call,0.15,0.16,0.155,mid,0.06451612903225812,25205.0,24348,0.09578747623835528,0.09544208593677951,-3.4539030157576533,0.00019905790407598857,8.997233288259592,brent
2026-10-16,0.021695115437817096,796.0,774.9826403590937,put_call_parity,0.026758556278562627,call,0.12,0.13,0.125,mid,0.08000000000000007,675.0,6674,0.09598619043836847,0.09544430528885751,-5.418851495109511,0.00019988466480578909,7.690384672337178,brent
2026-10-16,0.021695115437817096,797.0,774.9826403590937,put_call_parity,0.028014049224394776,call,0.1,0.11,0.10500000000000001,mid,0.09523809523809518,593.0,16970,0.09688862670604338,0.09549695646759812,-13.916702384452611,0.0002036608565058618,6.7192818081906,brent
2026-10-16,0.021695115437817096,798.0,774.9826403590937,put_call_parity,0.02926796788398841,call,0.08,0.09,0.08499999999999999,mid,0.11764705882352937,343.0,6234,0.09724341285876495,0.09559865889676948,-16.447539619954682,0.00020515511537967275,5.723531192785541,brent
2026-10-16,0.021695115437817096,799.0,774.9826403590937,put_call_parity,0.030520316200454436,call,0.07,0.08,0.07500000000000001,mid,0.13333333333333325,3410.0,3703,0.09888411432276292,0.09574798481309688,-31.36129509666047,0.00021213631543762616,5.1419680262086755,brent
2026-10-16,0.021695115437817096,800.0,774.9826403590937,put_call_parity,0.03177109810210697,call,0.05,0.06,0.055,mid,0.18181818181818174,4739.0,27597,0.09791854725873254,0.09594346721166642,-19.75080047066119,0.00020801367578369642,4.08479097716872,brent
2026-10-16,0.021695115437817096,801.0,774.9826403590937,put_call_parity,0.03302031750253881,call,0.05,0.06,0.055,mid,0.18181818181818174,172.0,636,0.10122378436568268,0.09618360770464005,-50.40176661042631,0.00022229367464508067,3.9816769575378914,brent
2026-10-30,0.06005127982137874,690.0,776.3265485251696,put_call_parity,-0.11788164403135137,put,0.45,0.46,0.455,mid,0.021978021978021997,1010.0,5505,0.2491840248746227,0.24672591778021283,-24.581070944098837,0.0037287447966127224,11.069293268841152,brent
2026-10-30,0.06005127982137874,691.0,776.3265485251696,put_call_parity,-0.11643341785498654,put,0.46,0.47,0.46499999999999997,mid,0.021505376344085923,8.0,417,0.24748620798586707,0.24512252028162387,-23.636877042431948,0.0036781062480717667,11.3065378805672,brent
2026-10-30,0.06005127982137874,692.0,776.3265485251696,put_call_parity,-0.11498728600498687,put,0.47,0.48,0.475,mid,0.02105263157894739,2.0,145,0.2457631049583132,0.24351781249738105,-22.452924609321357,0.0036270675012891654,11.545691929631404,brent
2026-10-30,0.06005127982137874,693.0,776.3265485251696,put_call_parity,-0.11354324243275318,put,0.47,0.48,0.475,mid,0.02105263157894739,101.0,2765,0.24316157786735348,0.24191184992833348,-12.497279390200067,0.003550685227410347,11.638344394657846,brent
2026-10-30,0.06005127982137874,694.0,776.3265485251696,put_call_parity,-0.11210128111585191,put,0.48,0.49,0.485,mid,0.020618556701030948,2.0,241,0.24140718940436035,0.24030469071019658,-11.024986941637616,0.0034996343220237832,11.882138506787323,brent
2026-10-30,0.06005127982137874,695.0,776.3265485251696,put_call_parity,-0.11066139605786428,put,0.49,0.5,0.495,mid,0.02020202020202022,106.0,3385,0.23962878501984555,0.23869639570074186,-9.323893191036936,0.0034482618641808647,12.128081459879553,brent
2026-10-30,0.06005127982137874,696.0,776.3265485251696,put_call_parity,-0.10922358128823675,put,0.51,0.52,0.515,mid,0.019417475728155355,51.0,534,0.23863015950020275,0.2370870285693654,-15.431309308373553,0.0034195812776370844,12.523165838348405,brent
2026-10-30,0.06005127982137874,697.0,776.3265485251696,put_call_parity,-0.1077878308621325,put,0.52,0.53,0.525,mid,0.019047619047619063,51.0,363,0.23678954554110204,0.23547665588906874,-13.128896520333,0.0033670325557721725,12.77320302462029,brent
2026-10-30,0.06005127982137874,698.0,776.3265485251696,put_call_parity,-0.10635413886028391,put,0.53,0.54,0.535,mid,0.018691588785046745,51.0,1257,0.2349269655008917,0.2338653472308899,-10.616182700018129,0.003314270915334447,13.025695850626754,brent
2026-10-30,0.06005127982137874,699.0,776.3265485251696,put_call_parity,-0.10492249938884612,put,0.54,0.55,0.545,mid,0.018348623853211024,34.0,455,0.23304285885774348,0.2322531752608148,-7.8968359692868635,0.0032613233983647036,13.280742160544099,brent
2026-10-30,0.06005127982137874,700.0,776.3265485251696,put_call_parity,-0.1034929065792517,put,0.55,0.56,0.555,mid,0.018018018018018032,709.0,12588,0.23113763759687067,0.2306402158392024,-4.974217576682594,0.0032082160551622795,13.53844227203644,brent
2026-10-30,0.06005127982137874,701.0,776.3265485251696,put_call_parity,-0.10206535458806627,put,0.56,0.57,0.565,mid,0.017699115044247607,4.0,795,0.229211687715277,0.2290265481227508,-1.851395925261956,0.003154974006259166,13.798899185924022,brent
2026-10-30,0.06005127982137874,702.0,776.3265485251696,put_call_parity,-0.10063983759684536,put,0.58,0.59,0.585,mid,0.01709401709401711,1.0,544,0.22797289934260614,0.2274122546690316,-5.606446735745562,0.0031209636666417635,14.20520238925375,brent
2026-10-30,0.06005127982137874,703.0,776.3265485251696,put_call_parity,-0.09921634981199157,put,0.59,0.6,0.595,mid,0.016806722689075647,101.0,292,0.22599347711825202,0.22579742154361476,-1.9605557463725498,0.003067002118968317,14.471154799113267,brent
2026-10-30,0.06005127982137874,704.0,776.3265485251696,put_call_parity,-0.09779488546461405,put,0.6,0.61,0.605,mid,0.016528925619834725,13.0,278,0.22399467214389693,0.22418213842980664,1.8746628590970982,0.0030129896828513117,14.740209387217787,brent
2026-10-30,0.06005127982137874,705.0,776.3265485251696,put_call_parity,-0.0963754388103878,put,0.62,0.63,0.625,mid,0.016000000000000014,49.0,9874,0.22263976841154,0.2225664987410155,-0.7326967052451172,0.002976649850807678,15.153228729297107,brent
2026-10-30,0.06005127982137874,706.0,776.3265485251696,put_call_parity,-0.09495800412941437,put,0.63,0.64,0.635,mid,0.015748031496063006,2.0,458,0.22059112460701208,0.2209505997357595,3.5947512874742737,0.002922121954212806,15.428565336056208,brent
2026-10-30,0.06005127982137874,707.0,776.3265485251696,put_call_parity,-0.09354257572608368,put,0.65,0.66,0.655,mid,0.015267175572519097,55.0,21292,0.21915799488440468,0.21933454263532612,1.7654775092143526,0.002884276584752237,15.84637548742178,brent
2026-10-30,0.06005127982137874,708.0,776.3265485251696,put_call_parity,-0.09212914792893667,put,0.66,0.67,0.665,mid,0.015037593984962419,55.0,324,0.2170617701889002,0.2177184327440874,6.566625551872041,0.002829364815079786,16.12856284314699,brent
2026-10-30,0.06005127982137874,709.0,776.3265485251696,put_call_parity,-0.09071771509052892,put,0.68,0.69,0.685,mid,0.014598540145985252,98.0,599,0.2155545498374093,0.21610237957247044,5.478297350611506,0.0027902084908527176,16.551880188199522,brent
2026-10-30,0.06005127982137874,710.0,776.3265485251696,put_call_parity,-0.0893082715872953,put,0.7,0.71,0.705,mid,0.014184397163120581,1616.0,3543,0.2140040472421532,0.21448649696257865,4.8244972042546515,0.0027502124336899183,16.977563276741616,brent
2026-10-30,0.06005127982137874,711.0,776.3265485251696,put_call_parity,-0.08790081181941553,put,0.71,0.73,0.72,mid,0.027777777777777804,108.0,348,0.21212387057798393,0.21287090321645094,7.4703263846701,0.0027020996024919083,17.338595780148214,brent
2026-10-30,0.06005127982137874,712.0,776.3265485251696,put_call_parity,-0.08649533021068063,put,0.73,0.75,0.74,mid,0.027027027027027053,99.0,476,0.21049793332868466,0.21125572122694175,7.577878982570896,0.0026608349732273454,17.77031475794114,brent
2026-10-30,0.06005127982137874,713.0,776.3265485251696,put_call_parity,-0.08509182120836045,put,0.75,0.77,0.76,mid,0.026315789473684233,6.0,1476,0.20883236278497339,0.20964107861119696,8.087158262235771,0.0026188937068021135,18.205070081569122,brent
2026-10-30,0.06005127982137874,714.0,776.3265485251696,put_call_parity,-0.083690279283072,put,0.77,0.79,0.78,mid,0.025641025641025664,996.0,1006,0.20712828364723504,0.2080271078466931,8.988241994580537,0.002576327566551203,18.6430956430832,brent
2026-10-30,0.06005127982137874,715.0,776.3265485251696,put_call_parity,-0.08229069892864872,put,0.79,0.81,0.8,mid,0.025000000000000022,453.0,3688,0.2053867300320733,0.20641394640979954,10.272163777262367,0.00253318570545218,19.08462722107527,brent
2026-10-30,0.06005127982137874,716.0,776.3265485251696,put_call_parity,-0.08089307466201076,put,0.82,0.83,0.825,mid,0.012121212121212133,140.0,1396,0.20386424887885324,0.20480173691681405,9.374880379608152,0.002495769140040198,19.594314442983702,brent
2026-10-30,0.06005127982137874,717.0,776.3265485251696,put_call_parity,-0.07949740102303601,put,0.84,0.85,0.845,mid,0.011834319526627229,130.0,903,0.20204478677165663,0.20319062726741235,11.458404957557233,0.0024514191014803404,20.043067726751502,brent
2026-10-30,0.06005127982137874,718.0,776.3265485251696,put_call_parity,-0.07810367257443229,put,0.86,0.88,0.87,mid,0.022988505747126457,128.0,1052,0.20043425234629073,0.2015807707904425,11.46518444151784,0.0024124934806953407,20.55924797466266,brent
2026-10-30,0.06005127982137874,719.0,776.3265485251696,put_call_parity,-0.07671188390160978,put,0.89,0.9,0.895,mid,0.011173184357541908,31.0,550,0.19877847194270604,0.1999723263919825,11.938544492764713,0.0023727990679477456,21.07875749466941,brent
2026-10-30,0.06005127982137874,720.0,776.3265485251696,put_call_parity,-0.07532202961255546,put,0.92,0.93,0.925,mid,0.01081081081081082,357.0,8438,0.19730987511450965,0.19836545870556918,10.555835910595334,0.0023378675933682777,21.663499082214365,brent
2026-10-30,0.06005127982137874,721.0,776.3265485251696,put_call_parity,-0.07393410433770738,put,0.95,0.96,0.955,mid,0.010471204188481685,153.0,620,0.19578690791148262,0.19676033824448988,9.73430333007258,0.0023019164830078744,22.250698356495786,brent
2026-10-30,0.06005127982137874,722.0,776.3265485251696,put_call_parity,-0.07254810272983021,put,0.97,0.99,0.98,mid,0.02040816326530614,994.0,767,0.19399220562254904,0.19515714155601738,11.649359334683362,0.0022599083628172243,22.780841396209784,brent
2026-10-30,0.06005127982137874,723.0,776.3265485251696,put_call_parity,-0.07116401946389175,put,1.01,1.02,1.0150000000000001,mid,0.00985221674876848,1781.0,1251,0.19258501022202817,0.19355605137745113,9.71041155422958,0.002227241086318639,23.434053515968824,brent
2026-10-30,0.06005127982137874,724.0,776.3265485251696,put_call_parity,-0.06978184923694007,put,1.04,1.05,1.045,mid,0.00956937799043063,101.0,356,0.1909092426929776,0.1919572567938113,10.480141008336885,0.002188649298487413,24.030992728502596,brent
2026-10-30,0.06005127982137874,725.0,776.3265485251696,put_call_parity,-0.06840158676798165,put,1.07,1.09,1.08,mid,0.018518518518518535,13447.0,31338,0.18938821318958876,0.19036095339701367,9.727402074249103,0.0021539130169726736,24.68938650025958,brent
2026-10-30,0.06005127982137874,726.0,776.3265485251696,put_call_parity,-0.06702322679786032,put,1.11,1.12,1.1150000000000002,mid,0.008968609865470859,161.0,462,0.18781025234531257,0.1887673434463341,9.570911010215454,0.002118170230448781,25.35059643018997,brent
2026-10-30,0.06005127982137874,727.0,776.3265485251696,put_call_parity,-0.06564676408913704,put,1.14,1.16,1.15,mid,0.017391304347826105,445.0,11910,0.1861771314167166,0.18717663602995005,9.995046132334483,0.002081492913038269,26.01509521961564,brent
2026-10-30,0.06005127982137874,728.0,776.3265485251696,put_call_parity,-0.06427219342597043,put,1.18,1.2,1.19,mid,0.016806722689075647,50.0,2139,0.18467763785634028,0.18558904722732222,9.114093709819414,0.002048098736318341,26.73802811534372,brent
2026-10-30,0.06005127982137874,729.0,776.3265485251696,put_call_parity,-0.06289950961399825,put,1.22,1.24,1.23,mid,0.016260162601626032,154.0,671,0.18311647170355289,0.18400480027215588,8.883285686029918,0.002013618029172507,27.463423791616428,brent
2026-10-30,0.06005127982137874,730.0,776.3265485251696,put_call_parity,-0.061528707480219574,put,1.26,1.28,1.27,mid,0.015748031496063006,1509.0,16801,0.18149556460403235,0.18242412571565458,9.285611116222336,0.0019781275883899996,28.19183502901834,brent
2026-10-30,0.06005127982137874,731.0,776.3265485251696,put_call_parity,-0.06015978187287788,put,1.31,1.32,1.315,mid,0.0076045627376425924,141.0,1556,0.17998936120266543,0.18084726158974684,8.579003870814173,0.0019454314785870635,28.97554767932322,brent
2026-10-30,0.06005127982137874,732.0,776.3265485251696,put_call_parity,-0.058792727661344815,put,1.35,1.37,1.36,mid,0.014705882352941188,37.0,818,0.17841784956561713,0.17927445356993946,8.56604004322331,0.0019116081295324698,29.76148798932811,brent
2026-10-30,0.06005127982137874,733.0,776.3265485251696,put_call_parity,-0.057427539736004875,put,1.4,1.42,1.41,mid,0.014184397163120581,78.0,1349,0.17694654728572093,0.1777059551374132,7.59407851692262,0.0018802104111206065,30.599902036038575,brent
2026-10-30,0.06005127982137874,734.0,776.3265485251696,put_call_parity,-0.05606421300814078,put,1.45,1.47,1.46,mid,0.013698630136986314,82.0,1017,0.17540518857565135,0.1761420277399405,7.368391642891547,0.0018475965360035445,31.439776805893516,brent
2026-10-30,0.06005127982137874,735.0,776.3265485251696,put_call_parity,-0.054702742409819795,put,1.51,1.52,1.5150000000000001,mid,0.006600660066006606,857.0,12414,0.17395071845586438,0.17458294095116852,6.3222249530414665,0.0018170828156275128,32.32920417875762,brent
2026-10-30,0.06005127982137874,736.0,776.3265485251696,put_call_parity,-0.05334312289378023,put,1.56,1.58,1.57,mid,0.012738853503184724,46.0,1085,0.1724221948825074,0.17302897262776176,6.06777745254361,0.0017852893162891904,33.2193726031675,brent
2026-10-30,0.06005127982137874,737.0,776.3265485251696,put_call_parity,-0.05198534943331985,put,1.62,1.64,1.63,mid,0.012269938650306624,45.0,839,0.17096838891640223,0.17148040906386006,5.1202014745782565,0.0017553103194427214,34.156132156615186,brent
2026-10-30,0.06005127982137874,738.0,776.3265485251696,put_call_parity,-0.05062941702218395,put,1.68,1.7,1.69,mid,0.011834319526627229,45.0,1373,0.16943718234641889,0.169937545142251,5.003627958321266,0.0017240097159668753,35.092975149713716,brent
2026-10-30,0.06005127982137874,739.0,776.3265485251696,put_call_parity,-0.04927532067445467,put,1.74,1.77,1.755,mid,0.01709401709401711,70.0,1020,0.1679695960576749,0.1684006844816086,4.310884239337176,0.0016942739098521713,36.07344447677964,brent
2026-10-30,0.06005127982137874,740.0,776.3265485251696,put_call_parity,-0.047923055424441,put,1.81,1.83,1.82,mid,0.010989010989010999,9620.0,106842,0.16642179307549096,0.1668701395790885,4.483465035975409,0.001663193049493992,37.05340632987406,brent
2026-10-30,0.06005127982137874,741.0,776.3265485251696,put_call_parity,-0.04657261632656954,put,1.88,1.91,1.895,mid,0.015831134564643815,135.0,1169,0.1650587316290219,0.16534623194751213,2.8750031849023028,0.0016360601804094666,38.114244366753354,brent
2026-10-30,0.06005127982137874,742.0,776.3265485251696,put_call_parity,-0.04522399845527597,put,1.96,1.98,1.97,mid,0.0101522842639594,87.0,633,0.16360607682049005,0.1638292922463054,2.2321542581535403,0.001607389506686926,39.17158435431574,brent
2026-10-30,0.06005127982137874,743.0,776.3265485251696,put_call_parity,-0.043877196904897255,put,2.04,2.06,2.05,mid,0.009756097560975618,236.0,1289,0.16219085016964757,0.16231966040528695,1.288102356393761,0.0015797012731363386,40.264090211055375,brent
2026-10-30,0.06005127982137874,744.0,776.3265485251696,put_call_parity,-0.04253220678956454,put,2.12,2.14,2.13,mid,0.009389671361502356,415.0,1146,0.1606847778476142,0.1608176857403284,1.3290789271419579,0.0015504998942811202,41.35271001326037,brent
2026-10-30,0.06005127982137874,745.0,776.3265485251696,put_call_parity,-0.04118902324309689,put,2.21,2.23,2.2199999999999998,mid,0.009009009009009018,1778.0,26414,0.15932586708566102,0.15932372705982967,-0.021400258313486464,0.0015243856398746013,42.508498437614136,brent
2026-10-30,0.06005127982137874,746.0,776.3265485251696,put_call_parity,-0.039847641418895546,put,2.3,2.32,2.3099999999999996,mid,0.008658008658008667,158.0,1652,0.1578688097326527,0.15783815276086785,-0.3065697178483706,0.0014966316896650816,43.65746043894638,brent
2026-10-30,0.06005127982137874,747.0,776.3265485251696,put_call_parity,-0.038508056489839085,put,2.4,2.42,2.41,mid,0.008298755186721999,67.0,1090,0.15653946190691082,0.15636134091379025,-1.7812099312056184,0.0014715327797179848,44.865277088403815,brent
2026-10-30,0.06005127982137874,748.0,776.3265485251696,put_call_parity,-0.03717026364817914,put,2.5,2.52,2.51,mid,0.00796812749003985,351.0,1161,0.15510581920061858,0.15489367933393022,-2.1213986668836005,0.0014447025894573483,46.063375015703365,brent
2026-10-30,0.06005127982137874,749.0,776.3265485251696,put_call_parity,-0.035834258105436896,put,2.61,2.63,2.62,mid,0.007633587786259549,213.0,978,0.15378228447397002,0.15343556563902555,-3.4671883494447053,0.0014201521771171747,47.31192871292581,brent
2026-10-30,0.06005127982137874,750.0,776.3265485251696,put_call_parity,-0.03450003509230024,put,2.72,2.74,2.7300000000000004,mid,0.007326007326007331,3023.0,28694,0.15234924773050698,0.1519874072908184,-3.6184043968859325,0.0013938078167368376,48.54792879774842,brent
2026-10-30,0.06005127982137874,751.0,776.3265485251696,put_call_parity,-0.03316758985852173,put,2.84,2.86,2.8499999999999996,mid,0.00701754385964913,231.0,1418,0.15101038960942742,0.1505496216192097,-4.607679902177142,0.0013694176583110053,49.82597330489733,brent
2026-10-30,0.06005127982137874,752.0,776.3265485251696,put_call_parity,-0.03183691767281664,put,2.96,2.99,2.975,mid,0.010084033613445462,374.0,1882,0.14965536588696435,0.14912263582723057,-5.327300597337825,0.0013449522125646063,51.11384889276425,brent
2026-10-30,0.06005127982137874,753.0,776.3265485251696,put_call_parity,-0.030508013822762883,put,3.09,3.12,3.105,mid,0.00966183574879235,245.0,1271,0.14827976322023956,0.14770688697498616,-5.728762452534008,0.0013203407745375965,52.40876113658321,brent
2026-10-30,0.06005127982137874,754.0,776.3265485251696,put_call_parity,-0.02918087361470038,put,3.23,3.25,3.24,mid,0.006172839506172844,301.0,2867,0.1468793504036807,0.14630282194060615,-5.7652846307454375,0.0012955189019614659,53.70790779618101,brent
2026-10-30,0.06005127982137874,755.0,776.3265485251696,put_call_parity,-0.027855492373631743,put,3.37,3.4,3.385,mid,0.008862629246676457,2087.0,83371,0.14554092172787667,0.14491089735612697,-6.300243717496934,0.0012720158112199498,55.02943190063839,brent
2026-10-30,0.06005127982137874,756.0,776.3265485251696,put_call_parity,-0.026531865443123442,put,3.52,3.55,3.535,mid,0.008486562942008431,833.0,656,0.14416540771974687,0.14353157951611406,-6.33828203632808,0.0012480856695977188,56.34675578527397,brent
2026-10-30,0.06005127982137874,757.0,776.3265485251696,put_call_parity,-0.025209988185207657,put,3.68,3.71,3.6950000000000003,mid,0.00811907983761835,71.0,1662,0.14283593551752644,0.1421653442567189,-6.705912608075404,0.001225172484783255,57.67520253630922,brent
2026-10-30,0.06005127982137874,758.0,776.3265485251696,put_call_parity,-0.023889855980284768,put,3.85,3.88,3.865,mid,0.007761966364812368,311.0,1968,0.14154315036505613,0.1408126768027556,-7.304735623005209,0.0012030951686212471,59.00774731347884,brent
2026-10-30,0.06005127982137874,759.0,776.3265485251696,put_call_parity,-0.022571464227026494,put,4.03,4.06,4.045,mid,0.007416563658837914,225.0,1153,0.14027826362526763,0.1394740715802793,-8.041920449883278,0.001181688558619378,60.33738766301687,brent
2026-10-30,0.06005127982137874,760.0,776.3265485251696,put_call_parity,-0.02125480834227965,put,4.22,4.25,4.234999999999999,mid,0.007083825265643507,3048.0,15489,0.1390330141259753,0.13815003199204878,-8.82982133926513,0.0011608019891444273,61.657160888406125,brent
2026-10-30,0.06005127982137874,761.0,776.3265485251696,put_call_parity,-0.01993988376097057,put,4.42,4.45,4.4350000000000005,mid,0.006764374295377733,618.0,1365,0.1377996220945702,0.13684107015317204,-9.585519413981558,0.001140297889946947,62.96015176518474,brent
2026-10-30,0.06005127982137874,762.0,776.3265485251696,put_call_parity,-0.018626685936010124,put,4.62,4.65,4.635,mid,0.006472491909385167,565.0,1885,0.136415042674331,0.13554770658415805,-8.673360901729488,0.0011174981015415412,64.21679113699469,brent
2026-10-30,0.06005127982137874,763.0,776.3265485251696,put_call_parity,-0.017315210338199386,put,4.84,4.87,4.855,mid,0.006179196704428475,710.0,2323,0.1351866629287492,0.13427046985854332,-9.161930702058784,0.001097463191011292,65.46819250839671,brent
2026-10-30,0.06005127982137874,764.0,776.3265485251696,put_call_parity,-0.016005452456135893,put,5.07,5.08,5.075,mid,0.0019704433497536524,1153.0,2242,0.1337989754983538,0.13300989620222284,-7.890792961309511,0.0010750479705313387,66.66444308351043,brent
2026-10-30,0.06005127982137874,765.0,776.3265485251696,put_call_parity,-0.01469740779612054,put,5.31,5.34,5.324999999999999,mid,0.005633802816901456,1806.0,29703,0.13269553123862676,0.13176652904160674,-9.290021970200236,0.0010573891810705693,67.85198788369726,brent
2026-10-30,0.06005127982137874,766.0,776.3265485251696,put_call_parity,-0.013391071882065073,put,5.57,5.6,5.585,mid,0.005371530886302482,734.0,1584,0.13156513841886847,0.13054091849773675,-10.242199211317192,0.001039450761034724,68.98378666006238,brent
2026-10-30,0.06005127982137874,767.0,776.3265485251696,put_call_parity,-0.012086440255400179,put,5.83,5.86,5.845000000000001,mid,0.005132591958939306,952.0,1495,0.13025955209365958,0.12933362082354885,-9.259312701107303,0.0010189231476784323,70.04229966241776,brent
2026-10-30,0.06005127982137874,768.0,776.3265485251696,put_call_parity,-0.010783508474984304,put,6.11,6.14,6.125,mid,0.004897959183673365,333.0,1699,0.12906087141231193,0.12814519778155595,-9.15673630755981,0.0010002566648204798,71.04479215386344,brent
2026-10-30,0.06005127982137874,769.0,776.3265485251696,put_call_parity,-0.009482272117012488,put,6.41,6.44,6.425000000000001,mid,0.004669260700389143,903.0,2699,0.12795760947613827,0.12697621595935546,-9.813935167828081,0.0009832286015691977,71.97845353258451,brent
2026-10-30,0.06005127982137874,770.0,776.3265485251696,put_call_parity,-0.008182726774926924,put,6.72,6.75,6.734999999999999,mid,0.004454342984409837,5382.0,10777,0.1268020611872006,0.12582724602054848,-9.748151666521265,0.0009655502793596947,72.82573588851857,brent
2026-10-30,0.06005127982137874,771.0,776.3265485251696,put_call_parity,-0.00688486805932696,put,7.05,7.08,7.0649999999999995,mid,0.004246284501061607,813.0,1817,0.12572503312029937,0.1246988618888853,-10.261712314140608,0.0009492176062437098,73.58378499287228,brent
2026-10-30,0.06005127982137874,772.0,776.3265485251696,put_call_parity,-0.005588691597880272,put,7.39,7.42,7.404999999999999,mid,0.004051316677920358,654.0,2351,0.12458287388649622,0.12359163986375081,-9.912340227454102,0.0009320494565424031,74.2389043281844,brent
2026-10-30,0.06005127982137874,773.0,776.3265485251696,put_call_parity,-0.004294193035234475,put,7.75,7.78,7.765000000000001,mid,0.003863490019317482,478.0,1688,0.12350424664981169,0.12250615766545256,-9.980889843591301,0.0009159801228773586,74.78572932283856,brent
2026-10-30,0.06005127982137874,774.0,776.3265485251696,put_call_parity,-0.0030013680329293137,put,8.13,8.17,8.15,mid,0.004907975460122595,803.0,1531,0.12254785577410067,0.12144299340919863,-11.048623649020373,0.0009018487364655005,75.21470303878314,brent
2026-10-30,0.06005127982137874,775.0,776.3265485251696,put_call_parity,-0.0017102122693094276,put,8.52,8.57,8.545,mid,0.0058513750731422716,1800.0,2936,0.1215073324962444,0.12040272450714547,-11.046079890989352,0.0008865990079372896,75.51558458756871,brent
2026-10-30,0.06005127982137874,776.0,776.3265485251696,put_call_parity,-0.00042072143943766566,put,8.94,8.98,8.96,mid,0.004464285714285817,874.0,1127,0.12050989433926385,0.1193859264984607,-11.23967840803139,0.000872102796129595,75.68148843303615,brent
2026-10-30,0.06005127982137874,777.0,776.3265485251696,put_call_parity,0.0008671087449910315,call,8.61,8.64,8.625,mid,0.0034782608695653494,392.0,1516,0.11825310883036214,0.11839317180798863,1.4006297762649,0.0008397449515334445,75.70432954959603,brent
2026-10-30,0.06005127982137874,778.0,776.3265485251696,put_call_parity,0.002153282555735089,call,8.06,8.09,8.075,mid,0.003715170278637692,369.0,2115,0.11722517960664196,0.11742502843481963,1.998488281776678,0.0008252092381413903,75.57447354141753,brent
2026-10-30,0.06005127982137874,779.0,776.3265485251696,put_call_parity,0.003437804248091868,call,7.52,7.56,7.539999999999999,mid,0.005305039787798413,411.0,1307,0.11615528328163269,0.1164820585728536,3.2677529122090987,0.000810214859959713,75.28482888928997,brent
2026-10-30,0.06005127982137874,780.0,776.3265485251696,put_call_parity,0.0047206780609809216,call,7.01,7.02,7.015,mid,0.0014255167498217801,6490.0,8508,0.11497088363234646,0.11556481716630723,5.939335339607693,0.0007937760772644696,74.82696810941407,brent
2026-10-30,0.06005127982137874,781.0,776.3265485251696,put_call_parity,0.006001908217029583,call,6.53,6.55,6.54,mid,0.003058103975535103,474.0,1280,0.11420326252481265,0.11467385040403191,4.705878792192614,0.0007832119214606142,74.20715651866895,brent
2026-10-30,0.06005127982137874,782.0,776.3265485251696,put_call_parity,0.007281498922654594,call,6.05,6.08,6.0649999999999995,mid,0.004946413849958821,619.0,1867,0.11317957726424782,0.11380969415749123,6.3011689324340985,0.0007692338774396349,73.40822858482545,brent
2026-10-30,0.06005127982137874,783.0,776.3265485251696,put_call_parity,0.008559454368146733,call,5.61,5.63,5.62,mid,0.0035587188612098883,481.0,22918,0.11230183433937795,0.11297287236826228,6.710380288843382,0.0007573488455849815,72.4408674824415,brent
2026-10-30,0.06005127982137874,784.0,776.3265485251696,put_call_parity,0.009835778727751375,call,5.18,5.21,5.195,mid,0.005774783445620837,475.0,1128,0.11143363937337045,0.11216389539198489,7.302560186144419,0.0007456841239645002,71.30103286084332,brent
2026-10-30,0.06005127982137874,785.0,776.3265485251696,put_call_parity,0.011110476159752075,call,4.77,4.8,4.785,mid,0.00626959247648908,1698.0,12548,0.1105026102264017,0.11138325830674542,8.806480803437156,0.0007332757810315022,69.98255221823105,brent
2026-10-30,0.06005127982137874,786.0,776.3265485251696,put_call_parity,0.012383550806550086,call,4.39,4.42,4.404999999999999,mid,0.006810442678774177,444.0,1126,0.10972290095620627,0.11063143919495327,9.085382387470087,0.00072296426332119,68.51124027294104,brent
2026-10-30,0.06005127982137874,787.0,776.3265485251696,put_call_parity,0.013655006794746884,call,4.03,4.06,4.045,mid,0.007416563658837914,303.0,890,0.1089556472815552,0.10990889740880648,9.532501272512818,0.0007128887443121501,66.88104706359026,brent
2026-10-30,0.06005127982137874,788.0,776.3265485251696,put_call_parity,0.014924848235222679,call,3.7,3.72,3.71,mid,0.005390835579514829,545.0,1003,0.10828014541382011,0.1092160718304447,9.359264166245856,0.000704076628325623,65.1141691943505,brent
2026-10-30,0.06005127982137874,789.0,776.3265485251696,put_call_parity,0.016193079223217912,call,3.38,3.41,3.395,mid,0.008836524300441899,379.0,1309,0.10762805508772864,0.10855337913880882,9.25324051080173,0.0006956219096227646,63.21162465115934,brent
2026-10-30,0.06005127982137874,790.0,776.3265485251696,put_call_parity,0.017459703838410747,call,3.08,3.11,3.0949999999999998,mid,0.009693053311793152,1610.0,23290,0.10692396783324533,0.1079212120960625,9.972442628171653,0.0006865503624356921,61.165853749957165,brent
2026-10-30,0.06005127982137874,791.0,776.3265485251696,put_call_parity,0.018724726144997556,call,2.81,2.83,2.8200000000000003,mid,0.00709219858156029,568.0,1315,0.10633674260877027,0.10731993786713152,9.831952583612551,0.000679030016443924,59.03073515148231,brent
2026-10-30,0.06005127982137874,792.0,776.3265485251696,put_call_parity,0.019988150191769437,call,2.55,2.57,2.5599999999999996,mid,0.007812500000000009,208.0,2634,0.10571001726682394,0.10674989638648581,10.398791196618712,0.0006710494969225587,56.77959975438317,brent
2026-10-30,0.06005127982137874,793.0,776.3265485251696,put_call_parity,0.021249980012191465,call,2.31,2.33,2.3200000000000003,mid,0.00862068965517242,282.0,1436,0.10513815146722005,0.10621139878666988,10.73247319449827,0.0006638087023664029,54.45458806883738,brent
2026-10-30,0.06005127982137874,794.0,776.3265485251696,put_call_parity,0.022510219624479317,call,2.09,2.11,2.0999999999999996,mid,0.009523809523809533,515.0,2193,0.10463730371504656,0.1057047259032841,10.67422188237535,0.0006574993807116345,52.08079270155554,brent
2026-10-30,0.06005127982137874,795.0,776.3265485251696,put_call_parity,0.02376887303167539,call,1.89,1.91,1.9,mid,0.010526315789473694,1305.0,15225,0.10422791717247172,0.10523012687109994,10.022096986282147,0.0006523645993093176,49.68725502240817,brent
2026-10-30,0.06005127982137874,796.0,776.3265485251696,put_call_parity,0.02502594422172662,call,1.7,1.72,1.71,mid,0.01169590643274855,178.0,1209,0.10372396785802036,0.10478781782573822,10.638499677178558,0.000646071392733114,47.21395677866397,brent
2026-10-30,0.06005127982137874,797.0,776.3265485251696,put_call_parity,0.026281437167558545,call,1.53,1.55,1.54,mid,0.012987012987012998,346.0,1886,0.10334610103461624,0.10437798072485457,10.318796902383381,0.0006413726857988766,44.77050902522914,brent
2026-10-30,0.06005127982137874,798.0,776.3265485251696,put_call_parity,0.027535355827152386,call,1.37,1.39,1.38,mid,0.014492753623188259,780.0,6058,0.10289398612754116,0.10400076230203713,11.06776174495963,0.0006357732511814927,42.28211445971609,brent
2026-10-30,0.06005127982137874,799.0,776.3265485251696,put_call_parity,0.028787704143618184,call,1.23,1.24,1.2349999999999999,mid,0.008097165991902843,208.0,1337,0.10249472661937967,0.10365627316564704,11.615465462673779,0.0006308488422759756,39.82244547995698,brent
2026-10-30,0.06005127982137874,800.0,776.3265485251696,put_call_parity,0.03003848604527093,call,1.1,1.12,1.11,mid,0.018018018018018032,4447.0,50123,0.10230885137374343,0.10334458705361244,10.357356798690043,0.0006285628152380762,37.49239762077543,brent
2026-10-30,0.06005127982137874,801.0,776.3265485251696,put_call_parity,0.03128770544570275,call,0.98,1.0,0.99,mid,0.02020202020202022,326.0,1446,0.10197001126540943,0.10306574025375524,10.95728988345812,0.0006244061934411468,35.115375480643955,brent
2026-10-30,0.06005127982137874,802.0,776.3265485251696,put_call_parity,0.03253536624385814,call,0.88,0.89,0.885,mid,0.011299435028248598,737.0,1367,0.10176908179556161,0.10281973119758911,10.506494020274953,0.0006219478629120996,32.856466441814035,brent
2026-10-30,0.06005127982137874,803.0,776.3265485251696,put_call_parity,0.033781472324105215,call,0.78,0.79,0.785,mid,0.012738853503184724,99.0,2162,0.1014298245105968,0.10260652023371752,11.766957231207215,0.0006178081252942875,30.575225286275323,brent
2026-10-30,0.06005127982137874,804.0,776.3265485251696,put_call_parity,0.03502602755631003,call,0.7,0.71,0.705,mid,0.014184397163120581,36.0,2278,0.10146828898980366,0.10242602958500889,9.57740595205231,0.0006182767877170715,28.567211386947733,brent
2026-10-30,0.06005127982137874,805.0,776.3265485251696,put_call_parity,0.03626903579590693,call,0.62,0.63,0.625,mid,0.016000000000000014,465.0,9651,0.10123931232766385,0.10227814349167162,10.388311640077696,0.0006154894889518663,26.480185591992242,brent
2026-10-30,0.06005127982137874,806.0,776.3265485251696,put_call_parity,0.03751050088397196,call,0.55,0.56,0.555,mid,0.018018018018018032,301.0,2775,0.10110699312576903,0.1021627085402354,10.557154144663766,0.0006138816578718225,24.523109723081493,brent
2026-10-30,0.06005127982137874,807.0,776.3265485251696,put_call_parity,0.03875042664729237,call,0.49,0.5,0.495,mid,0.02020202020202022,76.0,3105,0.10111939827200027,0.10207953417630945,9.60135904309184,0.000614032305392268,22.72622512492318,brent
2026-10-30,0.06005127982137874,808.0,776.3265485251696,put_call_parity,0.03998881689843906,call,0.44,0.45,0.445,mid,0.02247191011235957,43.0,4503,0.10133568141564103,0.10202839339688126,6.927119812402266,0.0006166618080785087,21.12145925736145,brent
2026-10-30,0.06005127982137874,809.0,776.3265485251696,put_call_parity,0.041225675435835274,call,0.39,0.4,0.395,mid,0.025316455696202552,77.0,2307,0.10131564819126657,0.1020090236158801,6.933754246135349,0.0006164180143214159,19.470796563740894,brent
2026-10-30,0.06005127982137874,810.0,776.3265485251696,put_call_parity,0.04246100604382794,call,0.35,0.36,0.355,mid,0.028169014084507067,625.0,3621,0.10157618609650333,0.10202112769480143,4.449415982980959,0.0006195923858344447,18.050429603862487,brent
2026-10-30,0.06005127982137874,811.0,776.3265485251696,put_call_parity,0.043694812492756516,call,0.31,0.32,0.315,mid,0.03174603174603177,26.0,839,0.10161107524078049,0.10206437512841594,4.532998876354554,0.0006200180911391847,16.594350591157248,brent
2026-10-30,0.06005127982137874,812.0,776.3265485251696,put_call_parity,0.04492709853902145,call,0.28,0.29,0.28500000000000003,mid,0.035087719298245446,35.0,370,0.10203525266492737,0.10213840337399077,1.0315070906340151,0.0006252054512901601,15.411517685588764,brent
2026-10-30,0.06005127982137874,813.0,776.3265485251696,put_call_parity,0.0461578679251542,call,0.25,0.26,0.255,mid,0.03921568627450984,33.0,421,0.1022661319612491,0.10224281931107762,-0.2331265017148365,0.0006280380077012023,14.207368544898657,brent
2026-10-30,0.06005127982137874,814.0,776.3265485251696,put_call_parity,0.04738712437988381,call,0.22,0.23,0.225,mid,0.04444444444444448,6.0,1605,0.10227147374926449,0.10237720081777321,1.0572706850872637,0.0006281036195212099,12.974870871139354,brent
2026-10-30,0.06005127982137874,815.0,776.3265485251696,put_call_parity,0.04861487161820633,call,0.2,0.21,0.20500000000000002,mid,0.04878048780487795,1043.0,2957,0.10284789471614973,0.10254109844847442,-3.0679626767531056,0.0006352037888781231,12.071292559643473,brent
2026-10-30,0.06005127982137874,816.0,776.3265485251696,put_call_parity,0.049841113341450534,call,0.18,0.19,0.185,mid,0.054054054054054106,516.0,3022,0.10326432488114066,0.10273403719750836,-5.302876836323078,0.0006403580710310077,11.157907760197508,brent
2026-10-30,0.06005127982137874,817.0,776.3265485251696,put_call_parity,0.05106585323734652,call,0.16,0.17,0.165,mid,0.060606060606060656,36.0,2726,0.1034961416306251,0.10295551833265427,-5.406232979708187,0.0006432363612566184,10.23051557567574,brent
2026-10-30,0.06005127982137874,818.0,776.3265485251696,put_call_parity,0.05228909498009059,call,0.15,0.16,0.155,mid,0.06451612903225812,53.0,2715,0.10456439179356851,0.10320502128245283,-13.593705111156762,0.0006565834006694982,9.688244314862345,brent
2026-10-30,0.06005127982137874,819.0,776.3265485251696,put_call_parity,0.053510842230413073,call,0.13,0.14,0.135,mid,0.07407407407407414,615.0,1653,0.10443323363790544,0.10348200556133025,-9.51228076575189,0.0006549372904148357,8.73737125317066,brent
2026-10-30,0.06005127982137874,820.0,776.3265485251696,put_call_parity,0.05473109863564234,call,0.12,0.13,0.125,mid,0.08000000000000007,65.0,5441,0.10526005996733417,0.10378591271691948,-14.74147250414698,0.0006653489774824442,8.19207846260763,brent
2026-10-30,0.06005127982137874,821.0,776.3265485251696,put_call_parity,0.055949867829771883,call,0.11,0.12,0.11499999999999999,mid,0.0869565217391304,256.0,2967,0.10598031018865706,0.10411616828452411,-18.64141904132949,0.0006744855348996483,7.646673271492147,brent
2026-10-30,0.06005127982137874,822.0,776.3265485251696,put_call_parity,0.05716715343352348,call,0.1,0.11,0.10500000000000001,mid,0.09523809523809518,516.0,722,0.10658106614801834,0.10447218373441769,-21.088824136006462,0.0006821539340191921,7.099595630481769,brent
2026-10-30,0.06005127982137874,823.0,776.3265485251696,put_call_parity,0.058382959054413486,call,0.09,0.1,0.095,mid,0.10526315789473693,250.0,882,0.10704589127508513,0.10485335839857203,-21.925328765130953,0.000688116976721029,6.549067383291624,brent
2026-10-30,0.06005127982137874,824.0,776.3265485251696,put_call_parity,0.05959728828681527,call,0.09,0.1,0.095,mid,0.10526315789473693,4.0,1554,0.10895969139680349,0.10525908136443428,-37.00610032369212,0.0007129416659884007,6.460398813568267,brent
2026-10-30,0.06005127982137874,825.0,776.3265485251696,put_call_parity,0.060810144712024464,call,0.08,0.09,0.08499999999999999,mid,0.11764705882352937,316.0,4457,0.10923883991792047,0.10568873332450425,-35.50106593416216,0.0007165993772715118,5.9127782006245,brent
2026-10-30,0.06005127982137874,826.0,776.3265485251696,put_call_parity,0.06202153189832165,call,0.07,0.08,0.07500000000000001,mid,0.13333333333333325,13.0,303,0.10933044957918792,0.10614168837165189,-31.887612075360284,0.0007178017875648368,5.356956199828438,brent
2026-10-30,0.06005127982137874,827.0,776.3265485251696,put_call_parity,0.06323145340103481,call,0.07,0.08,0.07500000000000001,mid,0.13333333333333325,3.0,5888,0.1111798000575058,0.10661731573135962,-45.62484326146185,0.0007422907436520956,5.287346780027047,brent
2026-10-30,0.06005127982137874,828.0,776.3265485251696,put_call_parity,0.06443991276260329,call,0.06,0.07,0.065,mid,0.15384615384615397,12.0,598,0.11101194385603805,0.10711498142332505,-38.96962432712994,0.000740051055378586,4.7281340306895006,brent
2026-10-30,0.06005127982137874,829.0,776.3265485251696,put_call_parity,0.06564691351263847,call,0.06,0.07,0.065,mid,0.15384615384615397,1.0,7136,0.11282374255300116,0.1076340498461076,-51.896927068935675,0.0007644045639624424,4.668371744486412,brent
2026-10-30,0.06005127982137874,830.0,776.3265485251696,put_call_parity,0.06685245916798722,call,0.05,0.06,0.055,mid,0.18181818181818174,211.0,17742,0.11233289154965966,0.10817388527972283,-41.590062699368296,0.0007577677950151976,4.101396931311073,brent
2026-10-30,0.06005127982137874,831.0,776.3265485251696,put_call_parity,0.06805655323279171,call,0.05,0.06,0.055,mid,0.18181818181818174,1.0,4094,0.1141049552702297,0.10873385330226128,-53.71101967968417,0.0007818641092727361,4.050858469304606,brent
2026-10-30,0.06005127982137874,832.0,776.3265485251696,put_call_parity,0.06925919919855222,call,0.05,0.06,0.055,mid,0.18181818181818174,56.0,1545,0.11587169653565572,0.10931332211772575,-65.58374417929974,0.0008062634991878286,4.0018255242314815,brent
2026-10-30,0.06005127982137874,835.0,776.3265485251696,put_call_parity,0.07285848322819902,call,0.04,0.05,0.05,last,0.22222222222222227,5.0,3422,0.11980245370043764,0.11116248009396656,-86.39973606471077,0.0008618936749544062,3.610339479141271,brent
2026-11-06,0.07922936201315957,675.0,777.0305288627371,put_call_parity,-0.1407669494088922,put,0.62,0.64,0.63,mid,0.03174603174603177,62.0,1081,0.2660856284904109,0.26296109847776433,-31.245300126465647,0.005609562562165682,13.85121329925905,brent
2026-11-06,0.07922936201315957,680.0,777.0305288627371,put_call_parity,-0.13338684211126964,put,0.67,0.69,0.6799999999999999,mid,0.029411764705882217,67.0,924,0.25772640568203176,0.25571074716178094,-20.156585202508182,0.005262644004783065,14.997848480462658,brent
2026-11-06,0.07922936201315957,685.0,777.0305288627371,put_call_parity,-0.1260608020191967,put,0.73,0.75,0.74,mid,0.027027027027027053,216.0,1342,0.24962398199899513,0.24844311954333642,-11.8086245565871,0.004936950494862751,16.32329053377347,brent
2026-11-06,0.07922936201315957,690.0,777.0305288627371,put_call_parity,-0.11878804269011692,put,0.8,0.83,0.815,mid,0.036809815950920144,71.0,685,0.24193957873604482,0.24116317600655293,-7.764027294918929,0.004637671671297142,17.89268495754642,brent
2026-11-06,0.07922936201315957,695.0,777.0305288627371,put_call_parity,-0.11156779471662996,put,0.89,0.91,0.9,mid,0.02222222222222224,76.0,713,0.2342404949899232,0.2338768745670966,-3.6362042282658824,0.0043472049246894235,19.64235228814726,brent
2026-11-06,0.07922936201315957,700.0,777.0305288627371,put_call_parity,-0.10439930523801741,put,0.98,1.01,0.995,mid,0.030150753768844248,198.0,8883,0.22644370693574215,0.22659130879578032,1.4760186003817677,0.0040626243796144474,21.575524014419518,brent
2026-11-06,0.07922936201315957,705.0,777.0305288627371,put_call_parity,-0.0972818374691534,put,1.09,1.12,1.105,mid,0.02714932126696835,149.0,1208,0.2186900204626887,0.21931486027086464,6.24839808175931,0.0037891699917811973,23.75428927675055,brent
2026-11-06,0.07922936201315957,710.0,777.0305288627371,put_call_parity,-0.09021467024606093,put,1.23,1.25,1.24,mid,0.01612903225806453,95.0,3565,0.21124349513903434,0.2120573658616774,8.138707226430508,0.003535516332714477,26.288423305786804,brent
2026-11-06,0.07922936201315957,715.0,777.0305288627371,put_call_parity,-0.08319709758741438,put,1.39,1.42,1.4049999999999998,mid,0.021352313167259808,496.0,525,0.20406708261694023,0.20483029969825683,7.632170813166028,0.0032993779705583954,29.21575198411555,brent
2026-11-06,0.07922936201315957,716.0,777.0305288627371,put_call_parity,-0.0817994733207764,put,1.42,1.46,1.44,mid,0.027777777777777804,21.0,94,0.20259006404568417,0.20338967432322352,7.996102775393588,0.0032517896340600073,29.830155762367095,brent
2026-11-06,0.07922936201315957,717.0,777.0305288627371,put_call_parity,-0.08040379968180167,put,1.46,1.49,1.475,mid,0.020338983050847474,9.0,62,0.20107598562438786,0.2019509076849812,8.749220605933361,0.0032033660697514013,30.44757677480554,brent
2026-11-06,0.07922936201315957,718.0,777.0305288627371,put_call_parity,-0.07901007123319784,put,1.5,1.53,1.5150000000000001,mid,0.01980198019801982,182.0,186,0.19968647315407095,0.20051411896023258,8.276458061616253,0.0031592460559092417,31.117809633624784,brent
2026-11-06,0.07922936201315957,719.0,777.0305288627371,put_call_parity,-0.07761828256037533,put,1.54,1.57,1.5550000000000002,mid,0.019292604501607732,67.0,51,0.19825490070934196,0.1990794307271564,8.245300178144344,0.003114110521990753,31.79035734592955,brent
2026-11-06,0.07922936201315957,720.0,777.0305288627371,put_call_parity,-0.07622842827132102,put,1.58,1.61,1.5950000000000002,mid,0.0188087774294671,792.0,669,0.19678230613315906,0.1976469690352137,8.646629020546415,0.0030680204531007803,32.465546596279594,brent
2026-11-06,0.07922936201315957,721.0,777.0305288627371,put_call_parity,-0.07484050299647294,put,1.62,1.66,1.6400000000000001,mid,0.024390243902438907,9.0,170,0.19542039028659638,0.19621686347540407,7.964731888076837,0.003025700321735922,33.191100891627656,brent
2026-11-06,0.07922936201315957,722.0,777.0305288627371,put_call_parity,-0.07345450138859577,put,1.66,1.7,1.68,mid,0.023809523809523832,42.0,225,0.19386548832533942,0.1947892472509059,9.237589255664814,0.0029777426798783973,33.87191138320814,brent
2026-11-06,0.07922936201315957,723.0,777.0305288627371,put_call_parity,-0.07207041812265731,put,1.71,1.75,1.73,mid,0.023121387283237014,39.0,121,0.19256128058624633,0.1933642572480297,8.029766617833612,0.0029378126040055337,34.648332431569216,brent
2026-11-06,0.07922936201315957,724.0,777.0305288627371,put_call_parity,-0.07068824789570563,put,1.76,1.8,1.78,mid,0.02247191011235957,17.0,291,0.1912074965627956,0.19194203410740457,7.345375446089763,0.0028966497781591407,35.42589356190417,brent
2026-11-06,0.07922936201315957,725.0,777.0305288627371,put_call_parity,-0.06930798542674722,put,1.81,1.84,1.8250000000000002,mid,0.016438356164383574,722.0,3440,0.1896672642224368,0.19052272229531536,8.554580728785677,0.002850171011920547,36.16065996421193,brent
2026-11-06,0.07922936201315957,726.0,777.0305288627371,put_call_parity,-0.0679296254566259,put,1.87,1.9,1.885,mid,0.01591511936339512,256.0,128,0.18849144578063268,0.18910647017509558,6.150243944628986,0.0028149419941953632,37.02964939315269,brent
2026-11-06,0.07922936201315957,727.0,777.0305288627371,put_call_parity,-0.06655316274790263,put,1.92,1.95,1.935,mid,0.015503875968992262,16.0,297,0.18699355198850007,0.18769343007847686,6.998780899767909,0.0027703804974650993,37.81242804441014,brent
2026-11-06,0.07922936201315957,728.0,777.0305288627371,put_call_parity,-0.06517859208473602,put,1.97,2.01,1.9899999999999998,mid,0.020100502512562724,21.0,150,0.1855802321988745,0.18628375837678487,7.03526177910363,0.0027286610169689612,38.64000086752866,brent
2026-11-06,0.07922936201315957,729.0,777.0305288627371,put_call_parity,-0.06380590827276383,put,2.03,2.07,2.05,mid,0.019512195121951237,5.0,301,0.18424419791675203,0.18487761555186472,6.334176351126819,0.002689513938387078,39.51041765746482,brent
2026-11-06,0.07922936201315957,730.0,777.0305288627371,put_call_parity,-0.062435106138985286,put,2.09,2.13,2.11,mid,0.018957345971564,764.0,2383,0.1828545765167946,0.1834751662666046,6.205897498099966,0.0026490967976150435,40.38141834162691,brent
2026-11-06,0.07922936201315957,731.0,777.0305288627371,put_call_parity,-0.061066180531643595,put,2.15,2.2,2.175,mid,0.02298850574712656,210.0,335,0.1815338037441065,0.18207657943492236,5.42775690815872,0.0026109657457286067,41.292864542143164,brent
2026-11-06,0.07922936201315957,732.0,777.0305288627371,put_call_parity,-0.059699126320110533,put,2.21,2.26,2.235,mid,0.02237136465324377,41.0,560,0.1800382424938416,0.18068202829106264,6.43785797221047,0.0025681222193183776,42.16572866871803,brent
2026-11-06,0.07922936201315957,733.0,777.0305288627371,put_call_parity,-0.05833393839477059,put,2.28,2.33,2.3049999999999997,mid,0.021691973969631354,13.0,204,0.17872481844525273,0.17929169045804189,5.668720127891547,0.0025307887075689075,43.11600872004822,brent
2026-11-06,0.07922936201315957,734.0,777.0305288627371,put_call_parity,-0.05697061166690651,put,2.35,2.41,2.38,mid,0.02521008403361347,20.0,426,0.17746609662112278,0.177905748015068,4.396513939452229,0.0024952665972035565,44.10217373827103,brent
2026-11-06,0.07922936201315957,735.0,777.0305288627371,put_call_parity,-0.05560914106858541,put,2.45,2.47,2.46,mid,0.008130081300813016,473.0,1520,0.17625602690308292,0.17652438756374378,2.683606606608546,0.002461354177749184,45.121981137428676,brent
2026-11-06,0.07922936201315957,736.0,777.0305288627371,put_call_parity,-0.054249521552545844,put,2.51,2.55,2.53,mid,0.015810276679841914,24.0,182,0.17476358742340306,0.17514780029285157,3.8421286944850808,0.002419847853688384,46.0690916629468,brent
2026-11-06,0.07922936201315957,737.0,777.0305288627371,put_call_parity,-0.052891748092085474,put,2.59,2.64,2.615,mid,0.019120458891013485,8.0,252,0.17353509398636674,0.17377618204149958,2.4108805513284315,0.002385946984768721,47.11873469384956,brent
2026-11-06,0.07922936201315957,738.0,777.0305288627371,put_call_parity,-0.05153581568094957,put,2.68,2.72,2.7,mid,0.014814814814814828,257.0,210,0.17223956849997488,0.17240973336039303,1.7016486041815382,0.0023504554086508722,48.164482317218095,brent
2026-11-06,0.07922936201315957,739.0,777.0305288627371,put_call_parity,-0.0501817193332203,put,2.76,2.81,2.785,mid,0.017953321364452518,15.0,879,0.17087864740035225,0.17104865957097787,1.700121706256219,0.002313458717739644,49.207035994863936,brent
2026-11-06,0.07922936201315957,740.0,777.0305288627371,put_call_parity,-0.04882945408320663,put,2.85,2.9,2.875,mid,0.017391304347826025,175.0,2054,0.16955325014314282,0.16969317082218385,1.3992067904103345,0.002277709835119952,50.27793803270713,brent
2026-11-06,0.07922936201315957,741.0,777.0305288627371,put_call_parity,-0.047479014985335175,put,2.94,3.0,2.9699999999999998,mid,0.02020202020202022,7.0,206,0.16825843184224434,0.16834348214447403,0.850503022296889,0.002243054535987098,51.37495364880963,brent
2026-11-06,0.07922936201315957,742.0,777.0305288627371,put_call_parity,-0.04613039711404161,put,3.04,3.1,3.0700000000000003,mid,0.019543973941368094,9.0,646,0.16698946273251347,0.16699981350088836,0.10350768374883801,0.002209348842414734,52.495816638069364,brent
2026-11-06,0.07922936201315957,743.0,777.0305288627371,put_call_parity,-0.04478359556366289,put,3.15,3.21,3.1799999999999997,mid,0.018867924528301907,28.0,245,0.16583501997187639,0.16566238983474524,-1.7263013713114672,0.002178906797023974,53.66599747494452,brent
2026-11-06,0.07922936201315957,744.0,777.0305288627371,put_call_parity,-0.04343860544833019,put,3.25,3.31,3.2800000000000002,mid,0.018292682926829285,8.0,356,0.16441995524713815,0.1643314411136416,-0.885141334965589,0.002141880367695121,54.77316493651462,brent
2026-11-06,0.07922936201315957,745.0,777.0305288627371,put_call_parity,-0.04209542190186254,put,3.36,3.41,3.385,mid,0.014771048744460936,996.0,555,0.1630253892915456,0.16300720236936891,-0.18186922176699483,0.0021057007446231477,55.901347178488855,brent
2026-11-06,0.07922936201315957,746.0,777.0305288627371,put_call_parity,-0.040754040077661195,put,3.48,3.54,3.51,mid,0.01709401709401711,21.0,335,0.1619098765493443,0.16168991373333447,-2.1996281600983325,0.002076982522979653,57.12250988299344,brent
2026-11-06,0.07922936201315957,747.0,777.0305288627371,put_call_parity,-0.03941445514860474,put,3.61,3.66,3.635,mid,0.013755158184319194,53.0,226,0.16071011168168084,0.16037982046705235,-3.30291214628492,0.002046315362183342,58.33021554582907,brent
2026-11-06,0.07922936201315957,748.0,777.0305288627371,put_call_parity,-0.0380766623069448,put,3.73,3.78,3.755,mid,0.013315579227696358,54.0,526,0.15934396400636217,0.1590771729872397,-2.6679101912246983,0.0020116730262904683,59.50278670077994,brent
2026-11-06,0.07922936201315957,749.0,777.0305288627371,put_call_parity,-0.03674065676420256,put,3.86,3.92,3.8899999999999997,mid,0.01542416452442161,19.0,150,0.15814741693431672,0.15778222688502316,-3.651900492935567,0.0019815743159806516,60.73030466464903,brent
2026-11-06,0.07922936201315957,750.0,777.0305288627371,put_call_parity,-0.03540643375106591,put,4.0,4.05,4.025,mid,0.012422360248447159,1299.0,11359,0.15686500169413758,0.1564952429387337,-3.6975875540387615,0.0019495674976723026,61.94269396968312,brent
2026-11-06,0.07922936201315957,751.0,777.0305288627371,put_call_parity,-0.03407398851728729,put,4.14,4.2,4.17,mid,0.014388489208633212,35.0,172,0.15565658544791874,0.1552164871197327,-4.400983281860338,0.0019196460408019017,63.1796192269286,brent
2026-11-06,0.07922936201315957,752.0,777.0305288627371,put_call_parity,-0.03274331633158221,put,4.29,4.35,4.32,mid,0.013888888888888798,99.0,145,0.15443681304439127,0.1539462305906824,-4.905824537088654,0.0018896780599113345,64.41720107566573,brent
2026-11-06,0.07922936201315957,753.0,777.0305288627371,put_call_parity,-0.03141441248152845,put,4.44,4.51,4.475,mid,0.015642458100558525,52.0,518,0.1532027748992046,0.15268474969564236,-5.180252035622557,0.0018595995052162583,65.65308625936525,brent
2026-11-06,0.07922936201315957,754.0,777.0305288627371,put_call_parity,-0.03008727227346595,put,4.61,4.66,4.635,mid,0.010787486515641818,63.0,131,0.1519516453408675,0.15143232594133627,-5.193193995312317,0.001829350708130795,66.88490254030268,brent
2026-11-06,0.07922936201315957,755.0,777.0305288627371,put_call_parity,-0.02876189103239732,put,4.78,4.83,4.805,mid,0.010405827263267393,231.0,776,0.1507540686875135,0.1501892459689042,-5.6482271860930355,0.0018006290109708156,68.12548435463434,brent
2026-11-06,0.07922936201315957,756.0,777.0305288627371,put_call_parity,-0.02743826410188902,put,4.95,5.02,4.984999999999999,mid,0.014042126379137293,77.0,175,0.14960343229859677,0.14895580151542046,-6.476307831763117,0.0017732471635831643,69.36931229465114,brent
2026-11-06,0.07922936201315957,757.0,777.0305288627371,put_call_parity,-0.026116386843973237,put,5.13,5.19,5.16,mid,0.011627906976744281,26.0,344,0.14828098024351702,0.14773228936442132,-5.486908790957035,0.001742035718774155,70.57140151657792,brent
2026-11-06,0.07922936201315957,758.0,777.0305288627371,put_call_parity,-0.024796254639050355,put,5.32,5.39,5.355,mid,0.013071895424836487,27.0,628,0.1471397884806729,0.14651901128465936,-6.207771960135555,0.0017153249854783218,71.79618899110862,brent
2026-11-06,0.07922936201315957,759.0,777.0305288627371,put_call_parity,-0.02347786288579208,put,5.52,5.59,5.555,mid,0.012601260126012653,42.0,233,0.14596142147977795,0.14531627395626434,-6.451475235136062,0.0016879606855387203,72.99864849948736,brent
2026-11-06,0.07922936201315957,760.0,777.0305288627371,put_call_parity,-0.022161207001045242,put,5.74,5.79,5.765000000000001,mid,0.008673026886383316,1673.0,1685,0.1448111116310943,0.14412438888346407,-6.867227476302363,0.0016614601666980716,74.18648978791134,brent
2026-11-06,0.07922936201315957,761.0,777.0305288627371,put_call_parity,-0.020846282419736167,put,5.95,6.02,5.984999999999999,mid,0.011695906432748438,88.0,556,0.1436835255334887,0.14294367229298813,-7.398532405005764,0.0016356866538261854,75.35427842039218,brent
2026-11-06,0.07922936201315957,762.0,777.0305288627371,put_call_parity,-0.019533084594775724,put,6.17,6.25,6.21,mid,0.012882447665056373,348.0,1679,0.14250822305530542,0.14177444501725242,-7.337780380529956,0.0016090369173534125,76.48832111593516,brent
2026-11-06,0.07922936201315957,763.0,777.0305288627371,put_call_parity,-0.01822160899696499,put,6.4,6.47,6.4350000000000005,mid,0.010878010878010783,91.0,482,0.1412187118638805,0.14061703236140025,-6.016795024802457,0.0015800493453166711,77.57854436513774,brent
2026-11-06,0.07922936201315957,764.0,777.0305288627371,put_call_parity,-0.0169118511149015,put,6.66,6.72,6.6899999999999995,mid,0.008968609865470795,348.0,309,0.1401968747272769,0.13947176395325606,-7.251107740208484,0.0015572660788917476,78.66404241743513,brent
2026-11-06,0.07922936201315957,765.0,777.0305288627371,put_call_parity,-0.015603806454886153,put,6.91,6.99,6.95,mid,0.011510791366906485,800.0,1922,0.13911418314385948,0.13833897357523373,-7.752095686257565,0.0015333065072561656,79.70063600857772,brent
2026-11-06,0.07922936201315957,766.0,777.0305288627371,put_call_parity,-0.014297470540830689,put,7.17,7.25,7.21,mid,0.011095700416088776,102.0,208,0.13790688011542127,0.13721899897723272,-6.878811381885452,0.0015068083763845283,80.68069664091823,brent
2026-11-06,0.07922936201315957,767.0,777.0305288627371,put_call_parity,-0.012992838914165798,put,7.46,7.54,7.5,mid,0.010666666666666677,100.0,694,0.13694265061613767,0.13611218166955447,-8.304689465832016,0.0014858111673104455,81.6283783346768,brent
2026-11-06,0.07922936201315957,768.0,777.0305288627371,put_call_parity,-0.011689907133749927,put,7.76,7.82,7.79,mid,0.007702182284980808,279.0,642,0.13584566258157021,0.1350188666948706,-8.267958866996217,0.0014621021360283004,82.50905567121754,brent
2026-11-06,0.07922936201315957,769.0,777.0305288627371,put_call_parity,-0.010388670775778116,put,8.05,8.13,8.09,mid,0.009888751545117438,511.0,247,0.13473591611671343,0.1339394023782948,-7.9651373841863045,0.0014383113848196003,83.32727086723031,brent
2026-11-06,0.07922936201315957,770.0,777.0305288627371,put_call_parity,-0.009089125433692554,put,8.38,8.45,8.415,mid,0.008318478906714024,722.0,1072,0.13378792289604136,0.13287414005462592,-9.137828414154392,0.0014181428551667263,84.08423105210125,brent
2026-11-06,0.07922936201315957,771.0,777.0305288627371,put_call_parity,-0.007791266718092595,put,8.7,8.78,8.739999999999998,mid,0.009153318077803214,70.0,245,0.1326985793880912,0.131823433771865,-8.751456162262027,0.0013951429404865077,84.76157623553239,brent
2026-11-06,0.07922936201315957,772.0,777.0305288627371,put_call_parity,-0.0064950902566459105,put,9.05,9.13,9.09,mid,0.008800880088008809,306.0,316,0.13175991369161458,0.1307876399701511,-9.72273721463468,0.0013754751929605019,85.36303478955759,brent
2026-11-06,0.07922936201315957,773.0,777.0305288627371,put_call_parity,-0.005200591694000117,put,9.4,9.49,9.445,mid,0.009528851244044453,397.0,178,0.13073212759827085,0.12976711713531874,-9.650104629521095,0.0013541002464737483,85.87660617078853,brent
2026-11-06,0.07922936201315957,774.0,777.0305288627371,put_call_parity,-0.00390776669169496,put,9.75,9.87,9.809999999999999,mid,0.012232415902140595,358.0,365,0.12967076461537638,0.12876222542634566,-9.085391890307214,0.0013322026776997173,86.29882782151306,brent
2026-11-06,0.07922936201315957,775.0,777.0305288627371,put_call_parity,-0.0026166109280750774,put,10.14,10.27,10.205,mid,0.012738853503184615,319.0,1317,0.12880314472913887,0.1277733262760468,-10.298184530920796,0.0013144349304370722,86.625199056371,brent
2026-11-06,0.07922936201315957,776.0,777.0305288627371,put_call_parity,-0.0013271200982033192,put,10.54,10.67,10.605,mid,0.012258368694012332,653.0,433,0.12783590861826735,0.1268007819644673,-10.351266538000392,0.0012947677815473937,86.84824002850317,brent
2026-11-06,0.07922936201315957,777.0,777.0305288627371,put_call_parity,-3.9289913774625596e-05,put,10.96,11.09,11.025,mid,0.011791383219954557,35.0,930,0.12693870797519338,0.12584495516454478,-10.937528106486072,0.0012766572210346013,86.96345237181059,brent
2026-11-06,0.07922936201315957,778.0,777.0305288627371,put_call_parity,0.0012468838969696497,call,10.3,10.38,10.34,mid,0.00773694390715668,398.0,417,0.12428435779343598,0.12490620845974183,6.218506663058509,0.0012238243894156621,86.9647661079235,brent
2026-11-06,0.07922936201315957,779.0,777.0305288627371,put_call_parity,0.0025314055893262033,call,9.74,9.83,9.785,mid,0.009197751660705146,351.0,571,0.12330574437044697,0.12398490383350264,6.791594630556618,0.0012046275113545184,86.84484619765823,brent
2026-11-06,0.07922936201315957,780.0,777.0305288627371,put_call_parity,0.003814279402215474,call,9.21,9.28,9.245000000000001,mid,0.00757166035694954,1274.0,1255,0.12232712586662757,0.12308140213055291,7.542762639253381,0.0011855822882289391,86.59923897966733,brent
2026-11-06,0.07922936201315957,781.0,777.0305288627371,put_call_parity,0.005095509558263911,call,8.68,8.76,8.719999999999999,mid,0.009174311926605514,87.0,659,0.12134521648106819,0.12219606249025433,8.508460091861403,0.0011666255414832926,86.22341589377696,brent
2026-11-06,0.07922936201315957,782.0,777.0305288627371,put_call_parity,0.00637510026388914,call,8.19,8.26,8.225,mid,0.008510638297872375,109.0,658,0.12053182428631452,0.12132924175242278,7.9741746610825786,0.0011510378857281004,85.71749827614912,brent
2026-11-06,0.07922936201315957,783.0,777.0305288627371,put_call_parity,0.007653055709381053,call,7.7,7.77,7.734999999999999,mid,0.009049773755656031,25.0,384,0.11959393938154991,0.12048129383625195,8.873544547020328,0.0011331946150435152,85.07303388014496,brent
2026-11-06,0.07922936201315957,784.0,777.0305288627371,put_call_parity,0.008929380068985913,call,7.24,7.31,7.275,mid,0.009621993127147684,43.0,369,0.11882274228836943,0.119652569093214,8.298268048445717,0.0011186270092121376,84.2976078072686,brent
2026-11-06,0.07922936201315957,785.0,777.0305288627371,put_call_parity,0.01020407750098639,call,6.79,6.86,6.825,mid,0.010256410256410298,304.0,460,0.11798154629951342,0.11884341363507626,8.618673355628436,0.0011028446139716716,83.38140379087993,brent
2026-11-06,0.07922936201315957,786.0,777.0305288627371,put_call_parity,0.011477152147784615,call,6.35,6.42,6.385,mid,0.010963194988253764,16.0,156,0.11706644140825634,0.11805416863843422,9.877272301778845,0.0010858028881837016,82.31988845009464,brent
2026-11-06,0.07922936201315957,787.0,777.0305288627371,put_call_parity,0.01274860813598119,call,5.94,6.01,5.975,mid,0.011715481171548017,99.0,188,0.11631940444335878,0.1172851696274535,9.65765184094719,0.0010719894189480648,81.1339768496566,brent
2026-11-06,0.07922936201315957,788.0,777.0305288627371,put_call_parity,0.014018449576456982,call,5.55,5.61,5.58,mid,0.0107526881720431,49.0,238,0.1155595212991275,0.1165367457368006,9.772244376731049,0.0010580291350711026,79.81212287057457,brent
2026-11-06,0.07922936201315957,789.0,777.0305288627371,put_call_parity,0.015286680564452211,call,5.18,5.24,5.21,mid,0.01151631477927073,46.0,53,0.11491355627409917,0.11580921895705087,8.956626829517006,0.0010462336619786216,78.37478986959297,brent
2026-11-06,0.07922936201315957,790.0,777.0305288627371,put_call_parity,0.01655330517964504,call,4.82,4.87,4.845000000000001,mid,0.010319917440660437,484.0,1409,0.11412826727293177,0.11510290336516227,9.74636092230502,0.0010319831500415237,76.78855088236591,brent
2026-11-06,0.07922936201315957,791.0,777.0305288627371,put_call_parity,0.01781832748623185,call,4.47,4.54,4.505,mid,0.015538290788013382,70.0,165,0.11346168249059126,0.11441810434291352,9.564218523222673,0.001019963422216936,75.09921745384517,brent
2026-11-06,0.07922936201315957,792.0,777.0305288627371,put_call_parity,0.019081751533003725,call,4.15,4.22,4.1850000000000005,mid,0.01672640382317787,149.0,216,0.1128552755776305,0.1137551177865072,8.998422088766917,0.001009089971272209,73.307716427002,brent
2026-11-06,0.07922936201315957,793.0,777.0305288627371,put_call_parity,0.020343581353425965,call,3.85,3.91,3.88,mid,0.01546391752577321,145.0,2281,0.11224577521069161,0.11311422931083276,8.6845410014115,0.0009982197683224222,71.40837040177998,brent
2026-11-06,0.07922936201315957,794.0,777.0305288627371,put_call_parity,0.0216038209657136,call,3.57,3.62,3.5949999999999998,mid,0.013908205841446529,30.0,149,0.11170763204302729,0.11249571345216478,7.880814091374838,0.0009886711251597686,69.42933912180062,brent
2026-11-06,0.07922936201315957,795.0,777.0305288627371,put_call_parity,0.022862474372909888,call,3.3,3.35,3.325,mid,0.015037593984962485,358.0,1079,0.1111763849456063,0.11189983287333531,7.234479277290068,0.0009792898547296665,67.36349454490893,brent
2026-11-06,0.07922936201315957,796.0,777.0305288627371,put_call_parity,0.024119545562960896,call,3.04,3.1,3.0700000000000003,mid,0.019543973941368094,508.0,339,0.11065669636663578,0.11132683757565988,6.701412090241027,0.0009701559675472251,65.22103733408665,brent
2026-11-06,0.07922936201315957,797.0,777.0305288627371,put_call_parity,0.02537503850879303,call,2.8,2.85,2.825,mid,0.01769911504424788,217.0,218,0.11007495589662523,0.11077696412210108,7.020082254758503,0.0009599822412315271,62.983222010367655,brent
2026-11-06,0.07922936201315957,798.0,777.0305288627371,put_call_parity,0.026628957168386654,call,2.58,2.62,2.6,mid,0.015384615384615398,67.0,238,0.10959401498231983,0.11025043487633679,6.56419894016963,0.0009516118337801948,60.720672119434084,brent
2026-11-06,0.07922936201315957,799.0,777.0305288627371,put_call_parity,0.027881305484852664,call,2.37,2.41,2.39,mid,0.01673640167364018,41.0,775,0.10914582719154078,0.1097474572625267,6.016300709859173,0.0009438444623221649,58.42135529014383,brent
2026-11-06,0.07922936201315957,800.0,777.0305288627371,put_call_parity,0.02913208738650519,call,2.17,2.22,2.1950000000000003,mid,0.022779043280182352,689.0,3004,0.10874090945473606,0.10926822305067013,5.273135959340674,0.0009368543564440136,56.10226778780556,brent
2026-11-06,0.07922936201315957,801.0,777.0305288627371,put_call_parity,0.030381306786937224,call,1.99,2.04,2.015,mid,0.024813895781637736,280.0,437,0.10839201359984041,0.10881290767248128,4.208940726408706,0.0009308521953487784,53.78244063754179,brent
2026-11-06,0.07922936201315957,802.0,777.0305288627371,put_call_parity,0.03162896758509239,call,1.82,1.86,1.84,mid,0.021739130434782625,26.0,412,0.10792008287278543,0.10838166957270441,4.615866999189838,0.0009227641194107238,51.38284929332272,brent
2026-11-06,0.07922936201315957,803.0,777.0305288627371,put_call_parity,0.032875073665339684,call,1.66,1.7,1.68,mid,0.023809523809523832,98.0,210,0.10751960988713997,0.10797464960071666,4.5503971357668815,0.0009159283861842008,49.00902586104665,brent
2026-11-06,0.07922936201315957,804.0,777.0305288627371,put_call_parity,0.034119628897544274,call,1.52,1.55,1.5350000000000001,mid,0.019543973941368094,298.0,559,0.10721048007917824,0.10759197044714701,3.8149036796876477,0.0009106691830084744,46.68586448922844,brent
2026-11-06,0.07922936201315957,805.0,777.0305288627371,put_call_parity,0.035362637137141384,call,1.39,1.42,1.4049999999999998,mid,0.021352313167259808,1178.0,3408,0.10701658682753053,0.10723373613004684,2.1714930251631737,0.0009073782185317677,44.440606398722856,brent
2026-11-06,0.07922936201315957,806.0,777.0305288627371,put_call_parity,0.0366041022252062,call,1.26,1.3,1.28,mid,0.03125000000000003,53.0,85,0.10672946357751992,0.10690003153490943,1.7056795738951136,0.0009025157968571289,42.16393051922416,brent
2026-11-06,0.07922936201315957,807.0,777.0305288627371,put_call_parity,0.03784402798852682,call,1.15,1.18,1.165,mid,0.02575107296137341,124.0,159,0.10646921272678446,0.10659092201252493,1.2170928574047057,0.0008981197448606072,39.9313424447697,brent
2026-11-06,0.07922936201315957,808.0,777.0305288627371,put_call_parity,0.039082418239673296,call,1.05,1.08,1.065,mid,0.028169014084507067,144.0,157,0.10638410330021347,0.10630645303829907,-0.7765026191440538,0.0008966844397088274,37.840652753922875,brent
2026-11-06,0.07922936201315957,809.0,777.0305288627371,put_call_parity,0.040319276777069715,call,0.95,0.98,0.965,mid,0.03108808290155443,76.0,535,0.10609679227869769,0.10604664993624877,-0.5014234244891946,0.0008918476374432389,35.6705274546687,brent
2026-11-06,0.07922936201315957,810.0,777.0305288627371,put_call_parity,0.04155460738506237,call,0.86,0.89,0.875,mid,0.034285714285714315,380.0,4178,0.10587896438977738,0.10581151767042142,-0.6744671935596247,0.0008881892825339155,33.59079885309955,brent
2026-11-06,0.07922936201315957,811.0,777.0305288627371,put_call_parity,0.04278841383399095,call,0.78,0.81,0.795,mid,0.03773584905660381,430.0,494,0.10575706176633236,0.1056010407059798,-1.5602106035256247,0.0008861452452688558,31.623813508501385,brent
2026-11-06,0.07922936201315957,812.0,777.0305288627371,put_call_parity,0.04402069988025588,call,0.71,0.74,0.725,mid,0.04137931034482763,7.0,200,0.10576278629069417,0.10541518294164834,-3.4760334904583576,0.0008862411801833029,29.793371385883216,brent
2026-11-06,0.07922936201315957,813.0,777.0305288627371,put_call_parity,0.04525146926638863,call,0.64,0.67,0.655,mid,0.045801526717557293,9.0,145,0.10557637811545338,0.10525388771464154,-3.2249040081183677,0.0008831199118954626,27.90567576973201,brent
2026-11-06,0.07922936201315957,814.0,777.0305288627371,put_call_parity,0.04648072572111823,call,0.58,0.61,0.595,mid,0.05042016806722694,81.0,120,0.10555379618655122,0.10511707787860433,-4.367183079468928,0.000882742167959865,26.182157051720267,brent
2026-11-06,0.07922936201315957,815.0,777.0305288627371,put_call_parity,0.04770847295944075,call,0.53,0.55,0.54,mid,0.03703703703703707,379.0,1162,0.10553928290387196,0.10500465595448044,-5.346269493915202,0.0008824994366453746,24.52852473974822,brent
2026-11-06,0.07922936201315957,820.0,777.0305288627371,put_call_parity,0.05382469997687675,call,0.33,0.36,0.345,mid,0.08695652173913036,287.0,405,0.10653652350384077,0.10480356395449121,-17.32959549349558,0.0008992557023054198,17.8434499847006,brent
2026-11-06,0.07922936201315957,825.0,777.0305288627371,put_call_parity,0.05990374605325884,call,0.21,0.23,0.22,mid,0.090909090909091,131.0,446,0.10777966717587985,0.10518644020548022,-25.93226970399626,0.0009203644497514568,12.75632882259513,brent
2026-11-06,0.07922936201315957,830.0,777.0305288627371,put_call_parity,0.06594606050922158,call,0.14,0.16,0.15000000000000002,mid,0.13333333333333325,17.0,117,0.11026050601266268,0.10612075776021668,-41.397482524460074,0.0009632213966721893,9.403222359675166,brent
2026-11-06,0.07922936201315957,835.0,777.0305288627371,put_call_parity,0.07195208456943337,call,0.1,0.12,0.11,mid,0.18181818181818174,31.0,206,0.11378795067055626,0.10756553364661811,-62.22417023938151,0.001025837829720928,7.22944537786452,brent
2026-11-06,0.07922936201315957,840.0,777.0305288627371,put_call_parity,0.07792225155593731,call,0.07,0.08,0.07500000000000001,mid,0.13333333333333325,70.0,55,0.11609645369660578,0.10947401024775635,-66.22443448849421,0.0010678839681890794,5.267455221869935,brent
2026-11-06,0.07922936201315957,845.0,777.0305288627371,put_call_parity,0.08385698707575176,call,0.05,0.06,0.055,mid,0.18181818181818174,15.0,25,0.11934355899969434,0.1117963643097388,-75.47194689955545,0.0011284546976963051,4.021650682120708,brent
2026-11-20,0.11758552639672121,650.0,778.2317808854564,put_call_parity,-0.18005203579560045,put,0.9,0.91,0.905,mid,0.011049723756906087,351.0,17813,0.2860510131854687,0.2832727295728072,-27.78283612661525,0.00962145711496077,17.94208000789812,brent
2026-11-20,0.11758552639672121,655.0,778.2317808854564,put_call_parity,-0.17238916305003135,put,0.96,0.97,0.965,mid,0.010362694300518144,145.0,10685,0.2789963258976931,0.2769191398628929,-20.771860348001713,0.009152733893974849,19.14991851396475,brent
2026-11-20,0.11758552639672121,660.0,778.2317808854564,put_call_parity,-0.1647845636648121,put,1.03,1.04,1.0350000000000001,mid,0.009661835748792277,513.0,13290,0.2721746355630012,0.27055356767649796,-16.210678865032357,0.00871062200135308,20.510515446127123,brent
2026-11-20,0.11758552639672121,665.0,778.2317808854564,put_call_parity,-0.1572373580294291,put,1.1,1.12,1.11,mid,0.018018018018018032,1.0,3162,0.2652823774412801,0.26417797758820205,-11.043998530780307,0.008275050822169143,21.967664662293295,brent
2026-11-20,0.11758552639672121,670.0,778.2317808854564,put_call_parity,-0.14974668630027152,put,1.19,1.2,1.1949999999999998,mid,0.008368200836820092,253.0,9640,0.2585103221723171,0.25779472353902616,-7.155986332909592,0.007857956956371563,23.579878814208413,brent
2026-11-20,0.11758552639672121,675.0,778.2317808854564,put_call_parity,-0.14231170781275349,put,1.28,1.29,1.2850000000000001,mid,0.007782101167315181,2527.0,5596,0.2515986421233872,0.2514065969133361,-1.9204521005106168,0.007443384495825448,25.293743163412014,brent
2026-11-20,0.11758552639672121,680.0,778.2317808854564,put_call_parity,-0.13493160051513084,put,1.38,1.39,1.3849999999999998,mid,0.007220216606498202,307.0,51788,0.24471740316341964,0.24501687983795095,2.9947667453131266,0.007041798256541825,27.166757343330783,brent
2026-11-20,0.11758552639672121,685.0,778.2317808854564,put_call_parity,-0.12760556042305798,put,1.5,1.51,1.505,mid,0.006644518272425255,423.0,9006,0.23815772964409643,0.23862940411094796,4.716744668515349,0.0066693457228411464,29.30339770772789,brent
2026-11-20,0.11758552639672121,690.0,778.2317808854564,put_call_parity,-0.12033280109397824,put,1.63,1.65,1.64,mid,0.012195121951219523,2272.0,23064,0.23164226319837955,0.232248616154863,6.063529564834525,0.006309420413917346,31.647005992609962,brent
2026-11-20,0.11758552639672121,695.0,778.2317808854564,put_call_parity,-0.1131125531204911,put,1.78,1.8,1.79,mid,0.011173184357541908,56.0,6462,0.22510179775207195,0.22587964835793645,7.778506058644941,0.005958154966365749,34.19551452808411,brent
2026-11-20,0.11758552639672121,700.0,778.2317808854564,put_call_parity,-0.1059440636418786,put,1.96,1.97,1.9649999999999999,mid,0.005089058524173033,4262.0,48270,0.21874652247820806,0.21952839711039474,7.818746321866799,0.005626472270414257,37.039013038842604,brent
2026-11-20,0.11758552639672121,701.0,778.2317808854564,put_call_parity,-0.10451651165069316,put,1.99,2.01,2.0,mid,0.009999999999999898,23.0,341,0.2174076298494141,0.21826085048310143,8.532206336873127,0.005557806605514085,37.61488630771556,brent
2026-11-20,0.11758552639672121,702.0,778.2317808854564,put_call_parity,-0.10309099465947212,put,2.03,2.05,2.04,mid,0.00980392156862746,142.0,269,0.21617785378988527,0.21699433761825082,8.164838283655495,0.005495108468637631,38.238236793089875,brent
2026-11-20,0.11758552639672121,703.0,778.2317808854564,put_call_parity,-0.10166750687461831,put,2.07,2.09,2.08,mid,0.009615384615384623,6.0,292,0.21492262684965507,0.21572891834507452,8.062914954194422,0.005431479537703186,38.86363012169444,brent
2026-11-20,0.11758552639672121,704.0,778.2317808854564,put_call_parity,-0.1002460425272408,put,2.11,2.13,2.12,mid,0.009433962264150952,28.0,345,0.2136424250072073,0.21446465405839787,8.222290511905872,0.005366966265808365,39.49123910081525,brent
2026-11-20,0.11758552639672121,705.0,778.2317808854564,put_call_parity,-0.09882659587301465,put,2.16,2.17,2.165,mid,0.004618937644341702,1100.0,8698,0.21246224863175797,0.2132016077502735,7.393591185155257,0.0053078350127653655,40.164545873668615,brent
2026-11-20,0.11758552639672121,706.0,778.2317808854564,put_call_parity,-0.09740916119204121,put,2.2,2.21,2.205,mid,0.004535147392290152,173.0,290,0.2111314723863459,0.21193984404204289,8.08371655696999,0.0052415510565695395,40.79666926701671,brent
2026-11-20,0.11758552639672121,707.0,778.2317808854564,put_call_parity,-0.09599373278871051,put,2.24,2.26,2.25,mid,0.0088888888888887,28.0,1626,0.20989764217946164,0.21067942921682226,7.8178703736062065,0.005180467910805772,41.47390980422208,brent
2026-11-20,0.11758552639672121,708.0,778.2317808854564,put_call_parity,-0.0945803049915635,put,2.29,2.31,2.3,mid,0.008695652173913052,25.0,614,0.2087552829834569,0.2094204312524033,6.651482689463972,0.005124232395402052,42.1949729392214,brent
2026-11-20,0.11758552639672121,709.0,778.2317808854564,put_call_parity,-0.09316887215315574,put,2.34,2.35,2.3449999999999998,mid,0.004264392324093915,4.0,464,0.20746588605552296,0.2081629198545613,6.970337990383491,0.005061127265720999,42.87594251024047,brent
2026-11-20,0.11758552639672121,710.0,778.2317808854564,put_call_parity,-0.09175942864992212,put,2.38,2.4,2.3899999999999997,mid,0.008368200836820092,796.0,10712,0.20615039970276905,0.20690696649076104,7.565667879919912,0.004997148207190813,43.55931815065546,brent
2026-11-20,0.11758552639672121,711.0,778.2317808854564,put_call_parity,-0.09035196888204233,put,2.43,2.45,2.4400000000000004,mid,0.008196721311475415,39.0,247,0.20492219940912018,0.2056526444242502,7.3044501513003235,0.004937781686952039,44.28563638227008,brent
2026-11-20,0.11758552639672121,712.0,778.2317808854564,put_call_parity,-0.08894648727330742,put,2.48,2.5,2.49,mid,0.008032128514056231,3.0,654,0.20366516239959523,0.20440002874852717,7.348663489319396,0.004877388651126125,45.013779576285955,brent
2026-11-20,0.11758552639672121,713.0,778.2317808854564,put_call_parity,-0.08754297827098736,put,2.54,2.56,2.55,mid,0.007843137254901968,80.0,923,0.20259821928543945,0.20314919642216975,5.509771367303018,0.004826420038540605,45.822410355814476,brent
2026-11-20,0.11758552639672121,714.0,778.2317808854564,put_call_parity,-0.0861414363456989,put,2.59,2.61,2.5999999999999996,mid,0.0076923076923077005,21.0,537,0.2012815645496302,0.20190022630401064,6.186617543804395,0.004763891556114065,46.5538672217338,brent
2026-11-20,0.11758552639672121,715.0,778.2317808854564,put_call_parity,-0.08474185599127561,put,2.65,2.66,2.6550000000000002,mid,0.0037664783427496158,1453.0,31395,0.20004328221923726,0.2006531991886419,6.099169694046558,0.0047054570211608054,47.32596551304025,brent
2026-11-20,0.11758552639672121,716.0,778.2317808854564,put_call_parity,-0.08334423172463763,put,2.71,2.72,2.715,mid,0.003683241252302111,65.0,470,0.1988786680120808,0.1994081978422297,5.295298301489226,0.004650827941370197,48.13730731343133,brent
2026-11-20,0.11758552639672121,717.0,778.2317808854564,put_call_parity,-0.08194855808566287,put,2.76,2.78,2.7699999999999996,mid,0.007220216606498202,321.0,385,0.19757876155057547,0.19816530703861956,5.86545488044099,0.004590229349701801,48.912506434585964,brent
2026-11-20,0.11758552639672121,718.0,778.2317808854564,put_call_parity,-0.08055482963705904,put,2.83,2.84,2.835,mid,0.0035273368606701188,93.0,781,0.19645073729396825,0.1969246135957087,4.7387630174045015,0.004537965542550379,49.76272826309777,brent
2026-11-20,0.11758552639672121,719.0,778.2317808854564,put_call_parity,-0.07916304096423651,put,2.89,2.91,2.9000000000000004,mid,0.006896551724137936,107.0,257,0.1952874368297073,0.19568620641206105,3.9876958235374182,0.004484380736404917,50.6131168175777,brent
2026-11-20,0.11758552639672121,720.0,778.2317808854564,put_call_parity,-0.07777318667518231,put,2.95,2.97,2.96,mid,0.006756756756756763,1104.0,35254,0.19399235629931175,0.1944501765037386,4.57820204426862,0.00442510014837228,51.428790600401484,brent
2026-11-20,0.11758552639672121,721.0,778.2317808854564,put_call_parity,-0.0763852614003342,put,3.02,3.04,3.0300000000000002,mid,0.006600660066006606,55.0,639,0.1928576915874443,0.19321661704131732,3.5892545387300467,0.004373486557950422,52.31556419705795,brent
2026-11-20,0.11758552639672121,722.0,778.2317808854564,put_call_parity,-0.07499925979245704,put,3.09,3.11,3.0999999999999996,mid,0.0064516129032258125,111.0,726,0.19168646710372553,0.1919856233870583,2.991562833327688,0.004320527502714243,53.202147137066156,brent
2026-11-20,0.11758552639672121,723.0,778.2317808854564,put_call_parity,-0.07361517652651857,put,3.16,3.18,3.17,mid,0.006309148264984233,153.0,5829,0.19047936358338569,0.19075729313219658,2.779295488108957,0.004266283686163869,54.08885064471837,brent
2026-11-20,0.11758552639672121,724.0,778.2317808854564,put_call_parity,-0.07223300629956687,put,3.23,3.25,3.24,mid,0.006172839506172844,41.0,596,0.18923700477199368,0.18953172613431055,2.9472136231686874,0.004210813422414832,54.97597751711678,brent
2026-11-20,0.11758552639672121,725.0,778.2317808854564,put_call_parity,-0.07085274383060845,put,3.31,3.32,3.315,mid,0.0030165912518853055,666.0,26718,0.18804943839928678,0.18830902455473042,2.595861554436363,0.00415812891067984,55.89591887678083,brent
2026-11-20,0.11758552639672121,726.0,778.2317808854564,put_call_parity,-0.06947438386048711,put,3.38,3.4,3.3899999999999997,mid,0.0058997050147492685,358.0,8975,0.18682485622841338,0.18708929289594137,2.644366675279841,0.004104149584199188,56.815659011780575,brent
2026-11-20,0.11758552639672121,727.0,778.2317808854564,put_call_parity,-0.06809792115176394,put,3.46,3.48,3.4699999999999998,mid,0.005763688760806922,897.0,6939,0.1856504389603403,0.18587263803893198,2.221990785916672,0.0040527128047253445,57.766323566491494,brent
2026-11-20,0.11758552639672121,728.0,778.2317808854564,put_call_parity,-0.06672335048859733,put,3.54,3.56,3.55,mid,0.005633802816901414,72.0,10585,0.1844373954069037,0.18465916928043627,2.217738735325603,0.003999924821384492,58.71615891627248,brent
2026-11-20,0.11758552639672121,729.0,778.2317808854564,put_call_parity,-0.06535066667662513,put,3.63,3.65,3.6399999999999997,mid,0.0054945054945055,134.0,9468,0.1833538669952943,0.18344899837001286,0.9513137471856004,0.003953065544888282,59.724443952761455,brent
2026-11-20,0.11758552639672121,730.0,778.2317808854564,put_call_parity,-0.06397986454284645,put,3.71,3.73,3.7199999999999998,mid,0.00537634408602151,4888.0,54413,0.18206276031057278,0.18224223954690036,1.7947923632757878,0.003897589651830128,60.67236216249221,brent
2026-11-20,0.11758552639672121,731.0,778.2317808854564,put_call_parity,-0.06261093893550475,put,3.8,3.82,3.8099999999999996,mid,0.0052493438320210025,73.0,581,0.1808970103714564,0.18103900957658314,1.4199920512675268,0.003847836825030397,61.67677072112981,brent
2026-11-20,0.11758552639672121,732.0,778.2317808854564,put_call_parity,-0.06124388472397167,put,3.89,3.92,3.9050000000000002,mid,0.007682458386683688,331.0,1883,0.17976955628082994,0.17983942778699705,0.6987150616710736,0.0038000224349833077,62.7065350176474,brent
2026-11-20,0.11758552639672121,733.0,778.2317808854564,put_call_parity,-0.059878696798631725,put,3.99,4.01,4.0,mid,0.004999999999999893,4262.0,15134,0.17859873870973347,0.17864361610430055,0.4487739456707218,0.0037506854416223877,63.73321484513815,brent
2026-11-20,0.11758552639672121,734.0,778.2317808854564,put_call_parity,-0.05851537007076762,put,4.09,4.11,4.1,mid,0.004878048780487918,16242.0,3963,0.17746244570536768,0.17745169908812833,-0.10746617239348888,0.003703111533137017,64.78322761267981,brent
2026-11-20,0.11758552639672121,735.0,778.2317808854564,put_call_parity,-0.057153899472446625,put,4.19,4.21,4.2,mid,0.00476190476190466,7010.0,11145,0.17628167374001888,0.17626380396624206,-0.17869773776824083,0.0036539971006690404,65.829526912915,brent
2026-11-20,0.11758552639672121,736.0,778.2317808854564,put_call_parity,-0.055794279956407046,put,4.3,4.32,4.3100000000000005,mid,0.004640371229698482,47830.0,15424,0.1752065760858235,0.17508006066848378,-1.2651541733971206,0.0036095633889340084,66.92172318288237,brent
2026-11-20,0.11758552639672121,737.0,778.2317808854564,put_call_parity,-0.05443650649594667,put,4.41,4.43,4.42,mid,0.0045248868778279576,277.0,4208,0.17408358603071283,0.17390060185993397,-1.8298417077886042,0.003563440539295486,68.0081433707665,brent
2026-11-20,0.11758552639672121,738.0,778.2317808854564,put_call_parity,-0.05308057408481076,put,4.51,4.54,4.525,mid,0.006629834254143701,315.0,1704,0.17284108379131047,0.17272556297316624,-1.1552081814422688,0.0035127547479409478,69.06603881297305,brent
2026-11-20,0.11758552639672121,739.0,778.2317808854564,put_call_parity,-0.051726477737081465,put,4.63,4.66,4.645,mid,0.006458557588805221,24555.0,16970,0.17176813939867538,0.17155508223948618,-2.130571591892061,0.0034692779071457593,70.18772159697109,brent
2026-11-20,0.11758552639672121,740.0,778.2317808854564,put_call_parity,-0.050374212487067783,put,4.75,4.77,4.76,mid,0.004201680672268818,3170.0,39978,0.17057478334298828,0.1703893007190328,-1.854826239554852,0.0034212398689511163,71.28022758186569,brent
2026-11-20,0.11758552639672121,741.0,778.2317808854564,put_call_parity,-0.04902377338919632,put,4.87,4.9,4.885,mid,0.006141248720573234,185.0,583,0.1694721634682143,0.1692283623296142,-2.438011386001193,0.0033771520551437867,72.40907938663113,brent
2026-11-20,0.11758552639672121,742.0,778.2317808854564,put_call_parity,-0.04767515551790286,put,5.0,5.02,5.01,mid,0.003992015968063787,180.0,550,0.16831853119097193,0.16807241387413957,-2.4611731683235605,0.0033313305925065785,73.5297990270107,brent
2026-11-20,0.11758552639672121,743.0,778.2317808854564,put_call_parity,-0.046328353967524126,put,5.13,5.16,5.145,mid,0.005830903790087512,238.0,431,0.16724849388761592,0.16692160506650222,-3.268888211137022,0.00328910924754206,74.68178557812404,brent
2026-11-20,0.11758552639672121,744.0,778.2317808854564,put_call_parity,-0.04498336385219141,put,5.26,5.29,5.275,mid,0.005687203791469241,101.0,917,0.16605876727586552,0.1657760885557594,-2.8267872010612205,0.003242481351594993,75.80473609874268,brent
2026-11-20,0.11758552639672121,745.0,778.2317808854564,put_call_parity,-0.043640180305723746,put,5.4,5.43,5.415,mid,0.005540166204986032,2039.0,32239,0.16494790293589237,0.16463601994844365,-3.1188298744871945,0.0031992447412568423,76.95530721621024,brent
2026-11-20,0.11758552639672121,746.0,778.2317808854564,put_call_parity,-0.0422987984815224,put,5.55,5.58,5.5649999999999995,mid,0.00539083557951487,46.0,902,0.16391069429319532,0.1635015578288335,-4.091364643618311,0.0031591369085679556,78.1294231698948,brent
2026-11-20,0.11758552639672121,747.0,778.2317808854564,put_call_parity,-0.04095921355246592,put,5.7,5.73,5.715,mid,0.005249343832021041,158.0,809,0.16281601964366288,0.1623728637769983,-4.43155866664574,0.003117081333742925,79.28995751445757,brent
2026-11-20,0.11758552639672121,748.0,778.2317808854564,put_call_parity,-0.039621420710805974,put,5.85,5.88,5.865,mid,0.005115089514066538,74.0,1296,0.16166458206176895,0.16125010238442483,-4.144796773441206,0.0030731491282130706,80.43729150094734,brent
2026-11-20,0.11758552639672121,749.0,778.2317808854564,put_call_parity,-0.03828541516806372,put,6.01,6.04,6.025,mid,0.004979253112033236,364.0,756,0.16057953325927973,0.16013344126701975,-4.460919922599782,0.0030320352793638734,81.60183065223755,brent
2026-11-20,0.11758552639672121,750.0,778.2317808854564,put_call_parity,-0.036951192154927176,put,6.18,6.2,6.1899999999999995,mid,0.003231017770597813,13516.0,49790,0.15949582368644336,0.15902305107527312,-4.727726111702357,0.002991248537350148,82.76517609317546,brent
2026-11-20,0.11758552639672121,751.0,778.2317808854564,put_call_parity,-0.03561874692114854,put,6.34,6.37,6.355,mid,0.004720692368214044,2172.0,879,0.1583519439571925,0.15791910550135502,-4.328384558374698,0.00294849683653403,83.9118755302689,brent
2026-11-20,0.11758552639672121,752.0,778.2317808854564,put_call_parity,-0.034288074735443444,put,6.52,6.55,6.535,mid,0.004590665646518783,197.0,1200,0.15732476096244363,0.15682178128290994,-5.029796795336939,0.002910368819119664,85.08068462707361,brent
2026-11-20,0.11758552639672121,753.0,778.2317808854564,put_call_parity,-0.032959170885389674,put,6.69,6.73,6.710000000000001,mid,0.0059612518628912115,646.0,836,0.15617570817760665,0.15573125820329625,-4.4444997431039575,0.002868011151080826,86.21691386163826,brent
2026-11-20,0.11758552639672121,754.0,778.2317808854564,put_call_parity,-0.031632030677327165,put,6.88,6.92,6.9,mid,0.005797101449275368,150.0,1107,0.1551365410537721,0.15464771908801062,-4.888219657614712,0.002829971591903802,87.36846266812078,brent
2026-11-20,0.11758552639672121,755.0,778.2317808854564,put_call_parity,-0.03030664943625852,put,7.08,7.11,7.095000000000001,mid,0.0042283298097251934,890.0,14324,0.15408802731736923,0.15357134979702514,-5.1667752034409435,0.0027918472826150256,88.50773146921016,brent
2026-11-20,0.11758552639672121,756.0,778.2317808854564,put_call_parity,-0.02898302250575021,put,7.28,7.32,7.300000000000001,mid,0.005479452054794525,262.0,1674,0.1530842949236707,0.1525023392127518,-5.819557109189022,0.0027555934530101313,89.6426967717342,brent
2026-11-20,0.11758552639672121,757.0,778.2317808854564,put_call_parity,-0.02766114524783453,put,7.48,7.52,7.5,mid,0.0053333333333332195,332.0,696,0.15195637198529172,0.15144087922333727,-5.154927619544503,0.002715136698667733,90.74154880513689,brent
2026-11-20,0.11758552639672121,758.0,778.2317808854564,put_call_parity,-0.026341013042911633,put,7.7,7.73,7.715,mid,0.0038885288399222616,95.0,624,0.15092442563663738,0.15038716470098115,-5.372609356562307,0.002678384550667516,91.84064594925678,brent
2026-11-20,0.11758552639672121,759.0,778.2317808854564,put_call_parity,-0.02502262128965335,put,7.92,7.96,7.9399999999999995,mid,0.0050377833753148665,100.0,760,0.14992917038039322,0.14934139347495923,-5.877769054339899,0.0026431763724016305,92.9259607590418,brent
2026-11-20,0.11758552639672121,760.0,778.2317808854564,put_call_parity,-0.023705965404906496,put,8.15,8.19,8.17,mid,0.004895960832313237,3671.0,21220,0.1489140586465554,0.1483037662990199,-6.1029234753551265,0.002607505713143815,93.98622732638319,brent
2026-11-20,0.11758552639672121,761.0,778.2317808854564,put_call_parity,-0.02239104082359741,put,8.38,8.43,8.405000000000001,mid,0.005948839976204512,488.0,814,0.14787763786127517,0.1472744868128155,-6.031510484596769,0.0025713362778603268,95.0193855524291,brent
2026-11-20,0.11758552639672121,762.0,778.2317808854564,put_call_parity,-0.021077842998636957,put,8.63,8.67,8.65,mid,0.0046242774566473,109.0,540,0.14687050762783452,0.1462537614970188,-6.167461308157208,0.0025364310415619674,96.0292611407612,brent
2026-11-20,0.11758552639672121,763.0,778.2317808854564,put_call_parity,-0.01976636740082621,put,8.88,8.92,8.9,mid,0.004494382022471814,158.0,1527,0.14583805797130905,0.14524179962176498,-5.962583495440765,0.0025008958890815865,97.00651316318428,brent
2026-11-20,0.11758552639672121,764.0,778.2317808854564,put_call_parity,-0.01845660951876271,put,9.14,9.18,9.16,mid,0.004366812227074143,121.0,1757,0.1448298919386242,0.14423881318805423,-5.910787505699622,0.002466438443711396,97.95369133303252,brent
2026-11-20,0.11758552639672121,765.0,778.2317808854564,put_call_parity,-0.01714856485874746,put,9.42,9.45,9.434999999999999,mid,0.0031796502384737004,984.0,19869,0.1438936876908865,0.1432450168617398,-6.486708291467136,0.002434654577167224,98.87099737122884,brent
2026-11-20,0.11758552639672121,766.0,778.2317808854564,put_call_parity,-0.015842228944691984,put,9.7,9.72,9.71,mid,0.0020597322348096135,131.0,1539,0.14287495141433448,0.14226062789972507,-6.143235146094106,0.002400302951510518,99.74196651602327,brent
2026-11-20,0.11758552639672121,767.0,778.2317808854564,put_call_parity,-0.014537597318027081,put,9.98,10.03,10.004999999999999,mid,0.004997501249375206,147.0,1036,0.1419724440071798,0.14128586606798602,-6.865779391937721,0.0023700744307484202,100.57837352167424,brent
2026-11-20,0.11758552639672121,768.0,778.2317808854564,put_call_parity,-0.013234665537611085,put,10.28,10.33,10.305,mid,0.004852013585638109,1005.0,2192,0.14103321448624875,0.140320953551034,-7.122609352147591,0.0023388193430973884,101.36548289212494,brent
2026-11-20,0.11758552639672121,769.0,778.2317808854564,put_call_parity,-0.011933429179639262,put,10.59,10.64,10.615,mid,0.004710315591144674,274.0,2718,0.14010491987412832,0.13936611485243444,-7.38805021693878,0.0023081319881944535,102.10315604649955,brent
2026-11-20,0.11758552639672121,770.0,778.2317808854564,put_call_parity,-0.01063388383755369,put,10.91,10.96,10.935,mid,0.004572473708276242,4765.0,20237,0.1391851748193363,0.13842157668599858,-7.635981333377062,0.002277927125737855,102.78766956796439,brent
2026-11-20,0.11758552639672121,771.0,778.2317808854564,put_call_parity,-0.009336025121953717,put,11.24,11.29,11.265,mid,0.00443852640923204,165.0,1329,0.13827167146307456,0.13748756785726954,-7.841036058050255,0.002248124161574024,103.41534956321487,brent
2026-11-20,0.11758552639672121,772.0,778.2317808854564,put_call_parity,-0.008039848660507134,put,11.59,11.64,11.615,mid,0.004304778303917409,226.0,559,0.13745833951996667,0.13656431913493133,-8.940203850353324,0.002221754428413401,103.98464698870723,brent
2026-11-20,0.11758552639672121,773.0,778.2317808854564,put_call_parity,-0.006745350097861327,put,11.94,11.99,11.965,mid,0.004178854993731777,449.0,1228,0.1365501981594809,0.13565206311177846,-8.981350477024474,0.002192494624026642,104.48722277462979,brent
2026-11-20,0.11758552639672121,774.0,778.2317808854564,put_call_parity,-0.005452525095556158,put,12.31,12.36,12.335,mid,0.0040535062829346515,392.0,801,0.13573712288891482,0.13475103405490096,-9.86088834013854,0.0021664623540803177,104.92326652048914,brent
2026-11-20,0.11758552639672121,775.0,778.2317808854564,put_call_parity,-0.004161369331936264,put,12.71,12.74,12.725000000000001,mid,0.0023575638506875725,4617.0,10068,0.13501603510265334,0.13386146774475005,-11.545673579032856,0.002143505332730672,105.28803115054122,brent
2026-11-20,0.11758552639672121,776.0,778.2317808854564,put_call_parity,-0.0028718785020644937,put,13.08,13.13,13.105,mid,0.0038153376573827323,331.0,499,0.1341001497328226,0.13298360130277745,-11.165484300451611,0.0021145229019847622,105.57665526921416,brent
2026-11-20,0.11758552639672121,777.0,778.2317808854564,put_call_parity,-0.0015840483176357883,put,13.49,13.54,13.515,mid,0.003699593044764997,846.0,947,0.1333671034186426,0.13211767300735902,-12.494304112835863,0.002091468391796009,105.78772119650164,brent
2026-11-20,0.11758552639672121,778.0,778.2317808854564,put_call_parity,-0.0002978745068916121,put,13.91,13.96,13.935,mid,0.0035880875493362547,64.0,717,0.1326253478715168,0.1312639220977492,-13.61425773767605,0.002068268605612258,105.91732749326641,brent
2026-11-20,0.11758552639672121,779.0,778.2317808854564,put_call_parity,0.0009866471854650643,call,13.36,13.4,13.379999999999999,mid,0.0029895366218236864,146.0,643,0.12979346307869832,0.13042258856584013,6.291254871418072,0.001980886116330144,105.96276701295349,brent
2026-11-20,0.11758552639672121,780.0,778.2317808854564,put_call_parity,0.0022695209983542362,call,12.8,12.83,12.815000000000001,mid,0.0023410066328520764,3649.0,13030,0.1289371962212681,0.12959391293554212,6.567167142740304,0.0019548359261936203,105.91752823610658,brent
2026-11-20,0.11758552639672121,781.0,778.2317808854564,put_call_parity,0.0035507511544027952,call,12.24,12.28,12.26,mid,0.0032626427406198324,297.0,526,0.12806545058957616,0.12877813602964203,7.126854400658633,0.0019284919549536104,105.77913234833782,brent
2026-11-20,0.11758552639672121,782.0,778.2317808854564,put_call_parity,0.004830341860027925,call,11.7,11.74,11.719999999999999,mid,0.0034129692832765295,154.0,697,0.1272236798843667,0.12797549872404665,7.518188396799519,0.0019032234236776803,105.54478818240426,brent
2026-11-20,0.11758552639672121,783.0,778.2317808854564,put_call_parity,0.00610829730551974,call,11.17,11.21,11.190000000000001,mid,0.003574620196604193,118.0,527,0.12636283656938646,0.12718624168936946,8.23405119982995,0.0018775547081629547,105.21134060690707,brent
2026-11-20,0.11758552639672121,784.0,778.2317808854564,put_call_parity,0.0073846216651245015,call,10.66,10.7,10.68,mid,0.0037453183520598453,368.0,872,0.12557645726309521,0.1264106051198806,8.341478567853722,0.0018542586816507115,104.77797729027105,brent
2026-11-20,0.11758552639672121,785.0,778.2317808854564,put_call_parity,0.0086593190971251,call,10.16,10.2,10.18,mid,0.003929273084479288,5501.0,10404,0.12476810296433524,0.12564882844990116,8.807254855659197,0.0018304632395035668,104.24109515548186,brent
2026-11-20,0.11758552639672121,786.0,778.2317808854564,put_call_parity,0.009932393743923228,call,9.68,9.72,9.7,mid,0.004123711340206281,225.0,969,0.12403252885531033,0.12490115005779326,8.68621202482933,0.0018089437590948759,103.60233737781489,brent
2026-11-20,0.11758552639672121,787.0,778.2317808854564,put_call_parity,0.011203849732119926,call,9.21,9.25,9.23,mid,0.004333694474539453,133.0,518,0.12327275006588169,0.12416780695777246,8.950568918907747,0.0017868497555264165,102.85717085206731,brent
2026-11-20,0.11758552639672121,788.0,778.2317808854564,put_call_parity,0.012473691172595839,call,8.75,8.79,8.77,mid,0.0045610034207524686,98.0,551,0.1224871346253059,0.12344903447984668,9.618998545407736,0.0017641471933986573,102.003331261973,brent
2026-11-20,0.11758552639672121,789.0,778.2317808854564,put_call_parity,0.01374192216059097,call,8.31,8.35,8.33,mid,0.00480192076830722,97.0,509,0.12177291277544272,0.1227450659382723,9.721531628295727,0.0017436337089263042,101.04736678028235,brent
2026-11-20,0.11758552639672121,790.0,778.2317808854564,put_call_parity,0.01500854677578392,call,7.89,7.92,7.904999999999999,mid,0.003795066413662271,4745.0,15810,0.12108138322847502,0.12205613228900357,9.747490605285513,0.0017238862872923108,99.98724773574676,brent
2026-11-20,0.11758552639672121,791.0,778.2317808854564,put_call_parity,0.01627356908237063,call,7.48,7.51,7.495,mid,0.004002668445630335,64.0,941,0.120412727286306,0.12138246177670653,9.697344904005256,0.0017048989913321488,98.8243838308312,brent
2026-11-20,0.11758552639672121,792.0,778.2317808854564,put_call_parity,0.017536993129142628,call,7.08,7.12,7.1,mid,0.005633802816901414,202.0,879,0.1197674179005504,0.1207242795720018,9.568616714513977,0.0016866743515725462,97.5608277972826,brent
2026-11-20,0.11758552639672121,793.0,778.2317808854564,put_call_parity,0.01879882294956477,call,6.7,6.73,6.715,mid,0.00446760982874166,442.0,1329,0.11909426670569283,0.12008180739970199,9.875406940091647,0.0016677677714439787,96.19044179125461,brent
2026-11-20,0.11758552639672121,794.0,778.2317808854564,put_call_parity,0.020059062561852522,call,6.33,6.37,6.35,mid,0.006299212598425203,144.0,658,0.11849756543341365,0.11945526315890594,9.576977254922847,0.001651097512800217,94.73304522704971,brent
2026-11-20,0.11758552639672121,795.0,778.2317808854564,put_call_parity,0.021317715969048714,call,5.98,6.01,5.995,mid,0.005004170141784714,961.0,8589,0.11787391414021807,0.11884486053591793,9.70946395699862,0.0016337638330430893,93.1734915280437,brent
2026-11-20,0.11758552639672121,796.0,778.2317808854564,put_call_parity,0.022574787159099843,call,5.64,5.68,5.66,mid,0.007067137809187285,170.0,834,0.11733160703518895,0.11825080861105848,9.192015758695272,0.0016187653728712596,91.53875436960166,brent
2026-11-20,0.11758552639672121,797.0,778.2317808854564,put_call_parity,0.023830280104931885,call,5.32,5.35,5.335,mid,0.005623242736644679,199.0,846,0.11676458697795358,0.11767331146053474,9.087244825811553,0.0016031573949476102,89.80932707687062,brent
2026-11-20,0.11758552639672121,798.0,778.2317808854564,put_call_parity,0.025084198764525407,call,5.01,5.04,5.025,mid,0.005970149253731393,278.0,951,0.11622916299056694,0.11711256775464103,8.834047640740861,0.001588488548481055,88.00345357794191,brent
2026-11-20,0.11758552639672121,799.0,778.2317808854564,put_call_parity,0.026336547080991323,call,4.71,4.75,4.73,mid,0.008456659619450324,303.0,1080,0.1157285472667802,0.11656877035364967,8.40223086869471,0.0015748343199639523,86.12857224392448,brent
2026-11-20,0.11758552639672121,800.0,778.2317808854564,put_call_parity,0.027587328982643967,call,4.43,4.46,4.445,mid,0.006749156355455623,3411.0,47547,0.11520718753985616,0.11604210590285137,8.349183629952073,0.0015606769530179814,84.17201050909586,brent
2026-11-20,0.11758552639672121,805.0,778.2317808854564,put_call_parity,0.03381787873328011,call,3.21,3.24,3.225,mid,0.009302325581395425,2216.0,7632,0.113047627085697,0.1136718247555712,6.241976698741908,0.0015027155111265907,73.64685634852631,brent
2026-11-20,0.11758552639672121,810.0,778.2317808854564,put_call_parity,0.04000984898120127,call,2.28,2.3,2.29,mid,0.00873362445414848,1560.0,31687,0.1113054667387281,0.1117535954608534,4.481287221252961,0.0014567561423650063,62.394353965604914,brent
2026-11-20,0.11758552639672121,815.0,778.2317808854564,put_call_parity,0.04616371455557938,call,1.59,1.6,1.5950000000000002,mid,0.006269592476489033,2896.0,10091,0.10996525694572906,0.11030144468036786,3.361877346387959,0.0014218862496639254,51.24428292598693,brent
2026-11-20,0.11758552639672121,820.0,778.2317808854564,put_call_parity,0.05227994157301554,call,1.09,1.11,1.1,mid,0.018181818181818195,1743.0,25595,0.1091796130237104,0.10932287837010873,1.4326534639833022,0.001401641568970168,41.01983273620988,brent
2026-11-20,0.11758552639672121,825.0,778.2317808854564,put_call_parity,0.0583589876493978,call,0.75,0.76,0.755,mid,0.013245033112582794,454.0,7255,0.10889614180722769,0.1088182503239508,-0.7789148327688733,0.0013943726434402033,32.16365694692719,brent
2026-11-20,0.11758552639672121,830.0,778.2317808854564,put_call_parity,0.06440130210536028,call,0.52,0.53,0.525,mid,0.019047619047619063,842.0,6020,0.10933027790809294,0.10878056786223736,-5.497100458555781,0.0014055126923261194,25.01967795524644,brent
2026-11-20,0.11758552639672121,835.0,778.2317808854564,put_call_parity,0.07040732616557223,call,0.36,0.37,0.365,mid,0.02739726027397263,687.0,5008,0.11001725689780008,0.10919577555710125,-8.214813406988291,0.001423231319927953,19.232210968944262,brent
2026-11-20,0.11758552639672121,840.0,778.2317808854564,put_call_parity,0.07637749315207612,call,0.26,0.27,0.265,mid,0.03773584905660381,28.0,2410,0.11164162626095248,0.11004348701049665,-15.981392504558212,0.0014655686823292562,15.04285197424274,brent
2026-11-20,0.11758552639672121,845.0,778.2317808854564,put_call_parity,0.08231222867189053,call,0.19,0.2,0.195,mid,0.05128205128205133,11.0,2023,0.11350449652893348,0.1112980700563955,-22.064264725379783,0.0015148861707674,11.79661848959983,brent
2026-11-20,0.11758552639672121,850.0,778.2317808854564,put_call_parity,0.08821195079907888,call,0.14,0.15,0.14500000000000002,mid,0.06896551724137917,857.0,7948,0.11550772007746021,0.11292994861662606,-25.77771460834155,0.0015688300202468379,9.27213025386261,brent
2026-11-20,0.11758552639672121,855.0,778.2317808854564,put_call_parity,0.09407707025147703,call,0.11,0.12,0.11499999999999999,mid,0.0869565217391304,5.0,1193,0.11843324436514376,0.11490697277899399,-35.262715861497654,0.0016493055513803873,7.589932289973354,brent
2026-11-20,0.11758552639672121,860.0,778.2317808854564,put_call_parity,0.0999079905622701,call,0.09,0.1,0.095,mid,0.10526315789473693,15.0,1298,0.12184197877205033,0.11719572526775628,-46.46253504294054,0.0017456121448207423,6.383824305815193,brent
2026-11-20,0.11758552639672121,865.0,778.2317808854564,put_call_parity,0.10570510824659607,call,0.07,0.08,0.07500000000000001,mid,0.13333333333333325,11.0,1539,0.12445526862505298,0.11976266764106287,-46.92600983990103,0.001821295610002047,5.197793806468159,brent
2026-11-20,0.11758552639672121,870.0,778.2317808854564,put_call_parity,0.11146881296334622,call,0.05,0.06,0.055,mid,0.18181818181818174,19.0,694,0.12595028657209473,0.12257507115367991,-33.752154184148175,0.00186531502162166,4.006720126154321,brent
2026-11-20,0.11758552639672121,875.0,778.2317808854564,put_call_parity,0.11719948767233111,call,0.04,0.05,0.05,last,0.22222222222222227,119.0,23187,0.1303278875786468,0.12560171519605243,-47.26172382594373,0.001997232294474475,3.6065414096426807,brent
2026-12-18,0.19429785516384449,615.0,779.9305895029948,put_call_parity,-0.2375826601007956,put,1.36,1.37,1.3650000000000002,mid,0.007326007326007331,4.0,5804,0.30241979794326573,0.30082361819494463,-15.961797483211026,0.017770041590882288,24.632803310963812,brent
2026-12-18,0.19429785516384449,620.0,779.9305895029948,put_call_parity,-0.22948544986817626,put,1.44,1.45,1.4449999999999998,mid,0.006920415224913502,173.0,27934,0.2968817358073975,0.2955635926898903,-13.1814311750722,0.017125173007173405,26.01888526329683,brent
2026-12-18,0.19429785516384449,625.0,779.9305895029948,put_call_parity,-0.22145327817091204,put,1.52,1.53,1.525,mid,0.006557377049180334,29.0,24078,0.2911511102453667,0.29029788292402653,-8.532273213401886,0.016470428860588842,27.433137431237935,brent
2026-12-18,0.19429785516384449,630.0,779.9305895029948,put_call_parity,-0.21348510852173505,put,1.61,1.62,1.6150000000000002,mid,0.0061919504643962895,116.0,61934,0.28558753032664863,0.2850269558059043,-5.605745207443169,0.01584697920864367,28.979544657008777,brent
2026-12-18,0.19429785516384449,635.0,779.9305895029948,put_call_parity,-0.20557992901462183,put,1.71,1.72,1.7149999999999999,mid,0.0058309037900874695,2.0,6369,0.28014910437001406,0.27975140540182036,-3.9769896819369377,0.015249179733699311,30.657174239071708,brent
2026-12-18,0.19429785516384449,640.0,779.9305895029948,put_call_parity,-0.19773675155359596,put,1.81,1.82,1.815,mid,0.005509641873278242,163.0,8074,0.2744892928081527,0.2744719662207929,-0.1732658735981163,0.014639249852293042,32.36798524037347,brent
2026-12-18,0.19429785516384449,645.0,779.9305895029948,put_call_parity,-0.18995461111154105,put,1.92,1.94,1.93,mid,0.010362694300518144,471.0,7717,0.26906240751077387,0.26918952782474587,1.2712031397199564,0.014066111451515642,34.25951886598247,brent
2026-12-18,0.19429785516384449,650.0,779.9305895029948,put_call_parity,-0.18223256501763063,put,2.05,2.06,2.0549999999999997,mid,0.004866180048661913,2298.0,19614,0.26367338399262447,0.26390515087279554,2.317668801710693,0.01350829674384997,36.28162711452903,brent
2026-12-18,0.19429785516384449,655.0,779.9305895029948,put_call_parity,-0.17456969227206157,put,2.18,2.19,2.185,mid,0.004576659038901504,126.0,6205,0.25816353615665527,0.25862008471286,4.5654855620475,0.012949643385274072,38.388288776338925,brent
2026-12-18,0.19429785516384449,660.0,779.9305895029948,put_call_parity,-0.16696509288684228,put,2.32,2.33,2.325,mid,0.004301075268817303,179.0,20951,0.25265201905611945,0.2533357866369823,6.837675808628596,0.012402623291629914,40.62694438674908,brent
2026-12-18,0.19429785516384449,665.0,779.9305895029948,put_call_parity,-0.15941788725145942,put,2.48,2.49,2.4850000000000003,mid,0.004024144869215384,940.0,18218,0.2473471481879026,0.24805394291830954,7.067947304069399,0.0118872616341645,43.08419021133313,brent
2026-12-18,0.19429785516384449,670.0,779.9305895029948,put_call_parity,-0.1519272155223017,put,2.65,2.67,2.66,mid,0.0075187969924812095,1380.0,37125,0.24207840466937977,0.24277649174698826,6.980870776084891,0.011386233972023208,45.711003854002335,brent
2026-12-18,0.19429785516384449,675.0,779.9305895029948,put_call_parity,-0.14449223703478367,put,2.84,2.85,2.8449999999999998,mid,0.0035149384885765312,459.0,10971,0.23670673675121823,0.23750564817855835,7.98911427340121,0.01088652421776895,48.46364136974546,brent
2026-12-18,0.19429785516384449,680.0,779.9305895029948,put_call_parity,-0.13711212973716114,put,3.05,3.06,3.0549999999999997,mid,0.0032733224222586685,306.0,13873,0.23150943124374465,0.23224393120075829,7.344999570136346,0.010413707679496625,51.46034340917402,brent
2026-12-18,0.19429785516384449,685.0,779.9305895029948,put_call_parity,-0.12978608964508814,put,3.28,3.29,3.285,mid,0.0030441400304414704,44.0,8248,0.2263314254956467,0.22699419301173687,6.627675160901791,0.009953085251434209,54.65192732166731,brent
2026-12-18,0.19429785516384449,690.0,779.9305895029948,put_call_parity,-0.12251333031600839,put,3.53,3.54,3.535,mid,0.002828854314002894,600.0,11683,0.22113198363108694,0.2217596505828675,6.2766695178057,0.009501039636968692,58.03118941737139,brent
2026-12-18,0.19429785516384449,695.0,779.9305895029948,put_call_parity,-0.11529308234252136,put,3.81,3.82,3.815,mid,0.0026212319790300882,153.0,13692,0.21603689103847204,0.21654391955061372,5.070285121416829,0.009068257506002497,61.65902001258701,brent
2026-12-18,0.19429785516384449,700.0,779.9305895029948,put_call_parity,-0.10812459286390885,put,4.11,4.12,4.115,mid,0.0024301336573511025,6095.0,43424,0.2108322287637076,0.21135105044152494,5.188216778173327,0.00863658409512967,65.45384460511227,brent
2026-12-18,0.19429785516384449,701.0,779.9305895029948,put_call_parity,-0.10669704087272337,put,4.18,4.19,4.1850000000000005,mid,0.0023894862604541636,14.0,313,0.20989033679051028,0.21031560937285151,4.2527258234123515,0.00855958867226976,66.2803984273988,brent
2026-12-18,0.19429785516384449,702.0,779.9305895029948,put_call_parity,-0.10527152388150239,put,4.24,4.26,4.25,mid,0.004705882352941076,17.0,595,0.20885350300779665,0.20928130067244957,4.277976646529236,0.008475230807835861,67.07589900603402,brent
2026-12-18,0.19429785516384449,703.0,779.9305895029948,put_call_parity,-0.10384803609664854,put,4.31,4.32,4.3149999999999995,mid,0.0023174971031287776,12.0,186,0.20779833035270664,0.20824816375430036,4.498334015937133,0.008389809772380947,67.87251255650153,brent
2026-12-18,0.19429785516384449,704.0,779.9305895029948,put_call_parity,-0.1024265717492711,put,4.38,4.39,4.385,mid,0.0022805017103762343,156.0,301,0.2067978320643041,0.20721623888132687,4.1840681702276505,0.008309214487569584,68.70086298619785,brent
2026-12-18,0.19429785516384449,705.0,779.9305895029948,put_call_parity,-0.10100712509504478,put,4.45,4.46,4.455,mid,0.00224466891133553,33.0,4642,0.20577771149017815,0.20618556717904604,4.07855688867892,0.008227439027971196,69.52982459635668,brent
2026-12-18,0.19429785516384449,706.0,779.9305895029948,put_call_parity,-0.09958969041407141,put,4.52,4.54,4.529999999999999,mid,0.004415011037527696,13.0,451,0.20480926411754424,0.20515619064933435,3.4692653179010935,0.008150180006976683,70.38921345246487,brent
2026-12-18,0.19429785516384449,707.0,779.9305895029948,put_call_parity,-0.09817426201074067,put,4.6,4.61,4.605,mid,0.002171552660152155,151.0,107,0.20381998662904485,0.20412815218430083,3.081655552559792,0.008071635542238376,71.24869272245161,brent
2026-12-18,0.19429785516384449,708.0,779.9305895029948,put_call_parity,-0.09676083421359372,put,4.67,4.69,4.68,mid,0.004273504273504373,39.0,123,0.2028101528031678,0.20310149558026513,2.913427770973309,0.007991851233641765,72.10841539334575,brent
2026-12-18,0.19429785516384449,709.0,779.9305895029948,put_call_parity,-0.09534940137518604,put,4.75,4.76,4.755,mid,0.0021030494216613643,44.0,167,0.2017800188483668,0.20207626555183142,2.962467034646199,0.007910871370671126,72.96853122380305,brent
2026-12-18,0.19429785516384449,710.0,779.9305895029948,put_call_parity,-0.09393995787195236,put,4.83,4.84,4.835,mid,0.0020682523267838235,206.0,21173,0.2007975351559138,0.20105250774605452,2.549725901407063,0.007834021540183988,73.85720204504476,brent
2026-12-18,0.19429785516384449,711.0,779.9305895029948,put_call_parity,-0.09253249810407264,put,4.91,4.92,4.915,mid,0.0020345879959307806,68.0,420,0.19979362802429945,0.20003026875669191,2.366407323924624,0.00775588342868355,74.745740556067,brent
2026-12-18,0.19429785516384449,712.0,779.9305895029948,put_call_parity,-0.09112701649533769,put,4.99,5.0,4.995,mid,0.0020020020020019595,133.0,632,0.19876855888277442,0.19900959613853153,2.4103725575710944,0.007676502301862104,75.63430335794497,brent
2026-12-18,0.19429785516384449,713.0,779.9305895029948,put_call_parity,-0.08972350749301758,put,5.07,5.08,5.075,mid,0.0019704433497536524,116.0,278,0.19772257113273925,0.19799053842179196,2.679672890527063,0.007595922150110689,76.52304327905173,brent
2026-12-18,0.19429785516384449,714.0,779.9305895029948,put_call_parity,-0.08832196556772906,put,5.16,5.17,5.165,mid,0.0019361084220715947,239.0,256,0.1967850256626851,0.19697314512658254,1.8811946389743484,0.0075240574335817675,77.46475168480531,brent
2026-12-18,0.19429785516384449,715.0,779.9305895029948,put_call_parity,-0.08692238521330585,put,5.24,5.26,5.25,mid,0.0038095238095237284,675.0,5768,0.19576019905179093,0.19595746677741877,1.9726772562783657,0.007445893195492159,78.37937205873975,brent
2026-12-18,0.19429785516384449,716.0,779.9305895029948,put_call_parity,-0.08552476094666782,put,5.33,5.35,5.34,mid,0.0037453183520598453,212.0,298,0.1947767088684788,0.19494355491778018,1.6684604930136682,0.007371265484794879,79.3192385413336,brent
2026-12-18,0.19429785516384449,717.0,779.9305895029948,put_call_parity,-0.08412908730769313,put,5.42,5.44,5.43,mid,0.003683241252302111,325.0,581,0.1937702765424453,0.19393146212470258,1.611855822572783,0.007295286037868835,80.2582130626462,brent
2026-12-18,0.19429785516384449,718.0,779.9305895029948,put_call_parity,-0.08273535885908936,put,5.52,5.53,5.525,mid,0.0018099547511313439,138.0,383,0.19280272896204867,0.1929212420233934,1.1851306134472162,0.007222613243196525,81.22100282472641,brent
2026-12-18,0.19429785516384449,719.0,779.9305895029948,put_call_parity,-0.08134357018626678,put,5.62,5.63,5.625,mid,0.00177777777777774,18.0,444,0.19187214186243393,0.1919129493018584,0.40807439424472847,0.0071530597653162355,82.20641766929347,brent
2026-12-18,0.19429785516384449,720.0,779.9305895029948,put_call_parity,-0.07995371589721254,put,5.71,5.73,5.720000000000001,mid,0.0034965034965035767,649.0,7507,0.1908564187995417,0.1909066397255292,0.5022092598749861,0.007077527207422398,83.16604491972245,brent
2026-12-18,0.19429785516384449,721.0,779.9305895029948,put_call_parity,-0.07856579062236439,put,5.81,5.83,5.82,mid,0.0034364261168385673,76.0,279,0.1898767847318596,0.18990237015187514,0.2558542001554476,0.0070050581455624854,84.14773582961391,brent
2026-12-18,0.19429785516384449,722.0,779.9305895029948,put_call_parity,-0.07717978901448729,put,5.92,5.93,5.925,mid,0.0016877637130801328,406.0,269,0.18893141247615564,0.18890019854499007,-0.3121393116556348,0.006935477215816512,85.15029036411873,brent
2026-12-18,0.19429785516384449,723.0,779.9305895029948,put_call_parity,-0.07579570574854877,put,6.02,6.03,6.025,mid,0.0016597510373445102,88.0,175,0.18790243384526772,0.18790018399013597,-0.022498551317529092,0.0068601374500922305,86.12804136009797,brent
2026-12-18,0.19429785516384449,724.0,779.9305895029948,put_call_parity,-0.07441353552159714,put,6.12,6.14,6.13,mid,0.0032626427406198324,115.0,177,0.18690688624870602,0.18690238670822965,-0.044995404763770175,0.006787637047811203,87.1260836322889,brent
2026-12-18,0.19429785516384449,725.0,779.9305895029948,put_call_parity,-0.07303327305263867,put,6.23,6.25,6.24,mid,0.0032051282051281365,5707.0,12853,0.18594303291540926,0.1859068680702549,-0.3616484515436835,0.006717811715158689,88.14320785660436,brent
2026-12-18,0.19429785516384449,726.0,779.9305895029948,put_call_parity,-0.07165491308251741,put,6.35,6.36,6.355,mid,0.0015735641227381076,76.0,345,0.18500917183084806,0.1849136906115841,-0.954812192639487,0.006650503474140225,89.17817595098113,brent
2026-12-18,0.19429785516384449,727.0,779.9305895029948,put_call_parity,-0.07027845037379407,put,6.46,6.47,6.465,mid,0.0015467904098994257,20.0,308,0.18399278507734193,0.18392291804618854,-0.6986703115338666,0.006577632315950184,90.18904066220523,brent
2026-12-18,0.19429785516384449,728.0,779.9305895029948,put_call_parity,-0.06890387971062752,put,6.58,6.59,6.585,mid,0.0015186028853454497,69.0,446,0.18306045371757002,0.1829346152807203,-1.258384368497123,0.006511140627796782,91.23703691794918,brent
2026-12-18,0.19429785516384449,729.0,779.9305895029948,put_call_parity,-0.06753119589865539,put,6.7,6.71,6.705,mid,0.0014914243102162248,75.0,4105,0.18210032318492356,0.18194884842844264,-1.5147475648091824,0.00644301940899886,92.28067845514661,brent
2026-12-18,0.19429785516384449,730.0,779.9305895029948,put_call_parity,-0.06616039376487666,put,6.82,6.83,6.825,mid,0.001465201465201434,874.0,19659,0.18111267132510495,0.18096568482298828,-1.4698650211666942,0.006373319330044366,93.32014323860756,brent
2026-12-18,0.19429785516384449,731.0,779.9305895029948,put_call_parity,-0.06479146815753503,put,6.94,6.95,6.945,mid,0.001439884809215232,247.0,325,0.18009774811222,0.1799851930319225,-1.1255508029750505,0.006302089573243243,94.35559592839577,brent
2026-12-18,0.19429785516384449,732.0,779.9305895029948,put_call_parity,-0.0634244139460019,put,7.07,7.08,7.075,mid,0.0014134275618374256,101.0,595,0.17916059262376524,0.17900744287008521,-1.5314975368002637,0.006236673191486914,95.42313384823204,brent
2026-12-18,0.19429785516384449,733.0,779.9305895029948,put_call_parity,-0.06205922602066202,put,7.2,7.21,7.205,mid,0.00138792505204716,103.0,1023,0.1781943142768857,0.17803250541268817,-1.6180886419753238,0.006169581304929758,96.48507092168992,brent
2026-12-18,0.19429785516384449,734.0,779.9305895029948,put_call_parity,-0.060695899292797874,put,7.33,7.35,7.34,mid,0.0027247956403269173,64.0,470,0.17725042700954713,0.17706045300813775,-1.8997400140938203,0.006104394420076836,97.5585593987641,brent
2026-12-18,0.19429785516384449,735.0,779.9305895029948,put_call_parity,-0.05933442869447683,put,7.47,7.48,7.475,mid,0.0013377926421405586,7416.0,49552,0.1762768021204351,0.17609135929055733,-1.8544282987775773,0.006037516533066507,98.62580440978732,brent
2026-12-18,0.19429785516384449,736.0,779.9305895029948,put_call_parity,-0.057974809178437205,put,7.61,7.62,7.615,mid,0.0013131976362442267,246.0,279,0.17532383511698438,0.17512529919197609,-1.9853592500829187,0.0059724143542799445,99.70297112961596,brent
2026-12-18,0.19429785516384449,737.0,779.9305895029948,put_call_parity,-0.05661703571797689,put,7.75,7.77,7.76,mid,0.0025773195876288113,167.0,512,0.17439013906704234,0.17416234895415558,-2.27790112886761,0.005908970944735817,100.78874492127582,brent
2026-12-18,0.19429785516384449,738.0,779.9305895029948,put_call_parity,-0.055261103306840934,put,7.9,7.92,7.91,mid,0.0025284450063210585,589.0,406,0.17347436179429415,0.17320258614001788,-2.7177565427627393,0.005847074175733759,101.88179870047716,brent
2026-12-18,0.19429785516384449,739.0,779.9305895029948,put_call_parity,-0.05390700695911171,put,8.05,8.07,8.06,mid,0.002481389578163719,373.0,489,0.17252662987055123,0.17224608964464258,-2.805402259086487,0.005783360764227803,102.96628104746655,brent
2026-12-18,0.19429785516384449,740.0,779.9305895029948,put_call_parity,-0.0525547417090981,put,8.21,8.22,8.215,mid,0.0012172854534388054,12200.0,18852,0.17159524054506084,0.17129293970579418,-3.023008392666615,0.005721086079507349,104.0563608313717,brent
2026-12-18,0.19429785516384449,741.0,779.9305895029948,put_call_parity,-0.05120430261122658,put,8.36,8.38,8.370000000000001,mid,0.0023894862604541636,46.0,341,0.17063136517064947,0.1703432179139423,-2.881472567071719,0.005656994251114589,105.13715806176859,brent
2026-12-18,0.19429785516384449,742.0,779.9305895029948,put_call_parity,-0.04985568473993308,put,8.52,8.54,8.53,mid,0.002344665885111322,176.0,933,0.16968229213796432,0.16939700722173442,-2.8528491622989427,0.005594239441232346,106.22183982082215,brent
2026-12-18,0.19429785516384449,743.0,779.9305895029948,put_call_parity,-0.0485088831895543,put,8.69,8.7,8.695,mid,0.0011500862564692107,114.0,333,0.1687467843436698,0.16845439195287717,-2.923923907926229,0.005532724149842625,107.30904862099192,brent
2026-12-18,0.19429785516384449,744.0,779.9305895029948,put_call_parity,-0.04716389307422165,put,8.86,8.87,8.864999999999998,mid,0.001128031584884353,79.0,383,0.16782363494833885,0.16751545781038504,-3.0817713795380786,0.005472354877682946,108.39741782246267,brent
2026-12-18,0.19429785516384449,745.0,779.9305895029948,put_call_parity,-0.04582070952775394,put,9.03,9.04,9.035,mid,0.001106806862202522,313.0,5761,0.1668659962760127,0.16658029188414658,-2.857043918661206,0.0054100801351949935,109.47398965243016,brent
2026-12-18,0.19429785516384449,746.0,779.9305895029948,put_call_parity,-0.04447932770355265,put,9.21,9.22,9.215,mid,0.0010851871947910783,173.0,916,0.16596451014320754,0.16564898265776287,-3.1552748544466658,0.005351782601404655,110.561039681427,brent
2026-12-18,0.19429785516384449,747.0,779.9305895029948,put_call_parity,-0.043139742774496136,put,9.39,9.4,9.395,mid,0.0010643959552953473,54.0,298,0.1650271402313499,0.16472162001460577,-3.055202167441262,0.0052914994352381214,111.63449301448185,brent
2026-12-18,0.19429785516384449,748.0,779.9305895029948,put_call_parity,-0.04180194993283625,put,9.58,9.59,9.585,mid,0.0010432968179446829,117.0,693,0.1641427962986245,0.16379829524304476,-3.445010555797323,0.005234939439143913,112.71466596056393,brent
2026-12-18,0.19429785516384449,749.0,779.9305895029948,put_call_parity,-0.040465944390093954,put,9.77,9.78,9.774999999999999,mid,0.0010230179028132777,210.0,768,0.16322124212773945,0.16287910104078634,-3.4214108695310164,0.005176322944265646,113.7794097437472,brent
2026-12-18,0.19429785516384449,750.0,779.9305895029948,put_call_parity,-0.039131721376957355,put,9.96,9.98,9.97,mid,0.0020060180541624445,1323.0,23585,0.16230619154821654,0.16196413151827038,-3.420600299461618,0.005118446651970521,114.83792123390708,brent
2026-12-18,0.19429785516384449,751.0,779.9305895029948,put_call_parity,-0.03779927614317879,put,10.16,10.18,10.17,mid,0.0019665683382497122,108.0,614,0.16139659439788273,0.16105348220106275,-3.431121968199835,0.005061237760214293,115.88877775154508,brent
2026-12-18,0.19429785516384449,752.0,779.9305895029948,put_call_parity,-0.036468603957473644,put,10.36,10.38,10.370000000000001,mid,0.0019286403085825793,119.0,748,0.16044866020551807,0.16014725003118396,-3.0141017433410466,0.005001959792573039,116.92230493339201,brent
2026-12-18,0.19429785516384449,753.0,779.9305895029948,put_call_parity,-0.035139700107419944,put,10.57,10.59,10.58,mid,0.0018903591682419257,225.0,388,0.15954727847825823,0.1592455333673096,-3.0174511094863132,0.004945916812244945,117.95401154952603,brent
2026-12-18,0.19429785516384449,754.0,779.9305895029948,put_call_parity,-0.033812559899357386,put,10.79,10.81,10.8,mid,0.0018518518518519768,122.0,439,0.1586903379335253,0.15834843198377513,-3.4190594975017086,0.004892929704975531,118.98106496771518,brent
2026-12-18,0.19429785516384449,755.0,779.9305895029948,put_call_parity,-0.03248717865828881,put,11.0,11.03,11.015,mid,0.0027235587834770186,125.0,7896,0.1577507918408991,0.15745604706831992,-2.9474477257918075,0.0048351628101078615,119.9800261196639,brent
2026-12-18,0.19429785516384449,756.0,779.9305895029948,put_call_parity,-0.03116355172778045,put,11.23,11.26,11.245000000000001,mid,0.002667852378834981,56.0,544,0.1568950888157503,0.15656848121849484,-3.266075972554461,0.0047828493887672,120.9778397573301,brent
2026-12-18,0.19429785516384449,757.0,779.9305895029948,put_call_parity,-0.029841674469864726,put,11.46,11.49,11.475000000000001,mid,0.002614379084967264,18.0,685,0.15599726894912386,0.15568583843666617,-3.1143051245768882,0.004728267045870312,121.95239160241434,brent
2026-12-18,0.19429785516384449,758.0,779.9305895029948,put_call_parity,-0.028521542264941784,put,11.7,11.73,11.715,mid,0.00256081946222801,83.0,521,0.15513875368196894,0.15480822412353498,-3.305295584339618,0.004676367169316013,122.91463427518597,brent
2026-12-18,0.19429785516384449,759.0,779.9305895029948,put_call_parity,-0.027203150511683566,put,11.94,11.97,11.955,mid,0.0025094102885822784,154.0,377,0.15423695587327788,0.15393574507009894,-3.0121080317893623,0.004622159168045875,123.85149820048059,brent
2026-12-18,0.19429785516384449,760.0,779.9305895029948,put_call_parity,-0.025886494626936665,put,12.19,12.22,12.205,mid,0.002458009012699806,563.0,20054,0.1533720361408499,0.1530685094479737,-3.0352669287619927,0.004570464846677948,124.77219597520546,brent
2026-12-18,0.19429785516384449,761.0,779.9305895029948,put_call_parity,-0.024571570045627645,put,12.45,12.48,12.465,mid,0.002406738868832823,22.0,543,0.1525422303112243,0.15220662679799446,-3.356035132298374,0.004521142444627399,125.67398216917331,brent
2026-12-18,0.19429785516384449,762.0,779.9305895029948,put_call_parity,-0.023258372220667258,put,12.72,12.75,12.735,mid,0.0023557126030623763,24.0,444,0.15174584554336434,0.15135020801701204,-3.956375263522993,0.004474058169871293,126.55415030662962,brent
2026-12-18,0.19429785516384449,763.0,779.9305895029948,put_call_parity,-0.021946896622856465,put,12.98,13.02,13.0,mid,0.0030769230769230114,30.0,1256,0.15086352581021428,0.15049936534279917,-3.641604674151089,0.004422180988435202,127.39933415829786,brent
2026-12-18,0.19429785516384449,764.0,779.9305895029948,put_call_parity,-0.02063713874079303,put,13.26,13.3,13.280000000000001,mid,0.0030120481927711534,231.0,725,0.15005196687358904,0.1496542123369796,-3.977545366094515,0.004374731381522106,128.22304500571497,brent
2026-12-18,0.19429785516384449,765.0,779.9305895029948,put_call_parity,-0.019329094080777622,put,13.54,13.58,13.559999999999999,mid,0.0029498525073746997,234.0,9505,0.14919260100388468,0.1488148638658892,-3.7773713799546527,0.0043247656346631965,129.01299820125487,brent
2026-12-18,0.19429785516384449,766.0,779.9305895029948,put_call_parity,-0.018022758166722212,put,13.84,13.87,13.855,mid,0.0021652832912305566,28.0,1377,0.1484008977707205,0.14798143607928146,-4.19461691439027,0.004278987945659543,129.77621350988892,brent
2026-12-18,0.19429785516384449,767.0,779.9305895029948,put_call_parity,-0.016718126540057263,put,14.14,14.17,14.155000000000001,mid,0.002119392440833582,113.0,1025,0.14759810106566418,0.1471540463867825,-4.440546788816723,0.00423281752515691,130.5047339952749,brent
2026-12-18,0.19429785516384449,768.0,779.9305895029948,put_call_parity,-0.015415194759641334,put,14.45,14.48,14.465,mid,0.0020739716557207836,90.0,596,0.14682154719381393,0.1463328134320053,-4.8873376180863515,0.00418839467846718,131.1988870938824,brent
2026-12-18,0.19429785516384449,769.0,779.9305895029948,put_call_parity,-0.014113958401669464,put,14.77,14.8,14.785,mid,0.00202908353060542,131.0,565,0.14606988172904276,0.14551785706422832,-5.5202466481443775,0.004145618767577445,131.8562077050363,brent
2026-12-18,0.19429785516384449,770.0,779.9305895029948,put_call_parity,-0.012814413059583958,put,15.08,15.12,15.1,mid,0.0026490066225165,691.0,14643,0.14522858304024305,0.14470929830754414,-5.192847326989103,0.0040980023833122,132.47027376078884,brent
2026-12-18,0.19429785516384449,771.0,779.9305895029948,put_call_parity,-0.011516554343983939,put,15.43,15.46,15.445,mid,0.0019423761735190117,75.0,1117,0.14456095783967612,0.1439072593273842,-6.5369851229191145,0.004060411421766944,133.0486640298231,brent
2026-12-18,0.19429785516384449,772.0,779.9305895029948,put_call_parity,-0.01022037788253731,put,15.76,15.8,15.780000000000001,mid,0.0025348542458809202,218.0,685,0.14376447556983357,0.14311186339432547,-6.526121755081049,0.004015791677934359,133.57928099497312,brent
2026-12-18,0.19429785516384449,773.0,779.9305895029948,put_call_parity,-0.00892587931989157,put,16.11,16.15,16.13,mid,0.0024798512089274118,84.0,1080,0.14302617861897837,0.14232323484508405,-7.029437738943212,0.003974651697964013,134.06581023716257,brent
2026-12-18,0.19429785516384449,774.0,779.9305895029948,put_call_parity,-0.007633054317586354,put,16.47,16.51,16.490000000000002,mid,0.0024257125530626257,60.0,1878,0.1423073580695245,0.141541499040604,-7.658590289204847,0.003934800506528476,134.50495045768366,brent
2026-12-18,0.19429785516384449,775.0,779.9305895029948,put_call_parity,-0.006341898553966525,put,16.84,16.88,16.86,mid,0.0023724792408065924,801.0,5859,0.14160694257285505,0.14076678232114898,-8.401602517060791,0.0038961628283296617,134.89457979332465,brent
2026-12-18,0.19429785516384449,776.0,779.9305895029948,put_call_parity,-0.005052407724094709,put,17.22,17.27,17.244999999999997,mid,0.0028993911278631904,193.0,950,0.14096089027732123,0.1399992119583057,-9.616783190155298,0.0038606930559690663,135.23286514608384,brent
2026-12-18,0.19429785516384449,777.0,779.9305895029948,put_call_parity,-0.0037645775396660686,put,17.61,17.66,17.634999999999998,mid,0.002835270768358419,311.0,810,0.14029421706245157,0.13923891610381317,-10.553009586383999,0.0038242611887210247,135.51736209862298,brent
2026-12-18,0.19429785516384449,778.0,779.9305895029948,put_call_parity,-0.0024784037289218466,put,18.01,18.06,18.035,mid,0.0027723870252285643,285.0,778,0.13964308353337238,0.13848602373513094,-11.570597982414332,0.0037888452435888235,135.7465563694093,brent
2026-12-18,0.19429785516384449,779.0,779.9305895029948,put_call_parity,-0.0011938820365652353,put,18.42,18.47,18.445,mid,0.0027107617240443023,37.0,1204,0.1390066376967178,0.1377406645976656,-12.659730990522144,0.003754387402066681,135.91870303228245,brent
2026-12-18,0.19429785516384449,780.0,779.9305895029948,put_call_parity,8.899177632398238e-05,call,18.49,18.53,18.509999999999998,mid,0.0021609940572664887,857.0,30213,0.1362807181650686,0.13700296914357596,7.222509785073661,0.003608584119270679,136.0340640497325,brent
2026-12-18,0.19429785516384449,781.0,779.9305895029948,put_call_parity,0.0013702219323725874,call,17.91,17.95,17.93,mid,0.0022308979364193612,106.0,730,0.13554174352976275,0.13627306846708648,7.313249373237241,0.0035695555276595817,136.08625698595313,brent
2026-12-18,0.19429785516384449,782.0,779.9305895029948,put_call_parity,0.0026498126379975416,call,17.33,17.38,17.354999999999997,mid,0.0028810141169692146,76.0,558,0.13477747769444326,0.13555109423623757,7.736165417943086,0.0035294144174400867,136.07443014948498,brent
2026-12-18,0.19429785516384449,783.0,779.9305895029948,put_call_parity,0.003927768083489623,call,16.76,16.81,16.785,mid,0.0029788501638365896,73.0,273,0.13398700184580156,0.1348371786210118,8.501767752102374,0.003488135482535871,135.99654236781205,brent
2026-12-18,0.19429785516384449,784.0,779.9305895029948,put_call_parity,0.00520409244309443,call,16.21,16.26,16.235,mid,0.003079765937788772,206.0,507,0.1332797444107855,0.13413145421778194,8.51709806996448,0.003451408059724517,135.85120554667154,brent
2026-12-18,0.19429785516384449,785.0,779.9305895029948,put_call_parity,0.006478789875094854,call,15.67,15.71,15.690000000000001,mid,0.002549394518801843,839.0,19624,0.1325445792358047,0.1334340539700295,8.894747342247932,0.0034134374430739283,135.6363303010625,brent
2026-12-18,0.19429785516384449,786.0,779.9305895029948,put_call_parity,0.007751864521893027,call,15.14,15.18,15.16,mid,0.0026385224274405768,58.0,490,0.13185442183145285,0.13274511108529563,8.906892538427801,0.0033779825672903326,135.35109611429976,brent
2026-12-18,0.19429785516384449,787.0,779.9305895029948,put_call_parity,0.009023320510089769,call,14.61,14.66,14.635,mid,0.003416467372736639,28.0,280,0.13113473413322313,0.1320647589483345,9.300248151113689,0.003341207800524281,134.99297573256493,brent
2026-12-18,0.19429785516384449,788.0,779.9305895029948,put_call_parity,0.010293161950565727,call,14.11,14.15,14.129999999999999,mid,0.002830856334041113,143.0,496,0.13049597745101874,0.1313931310304446,8.971535794258523,0.003308737060589106,134.5634010787548,brent
2026-12-18,0.19429785516384449,789.0,779.9305895029948,put_call_parity,0.011561392938560684,call,13.61,13.65,13.629999999999999,mid,0.0029347028613353576,147.0,543,0.12982641854491822,0.13073036079497066,9.039422500524418,0.003274870715415845,134.05853573287897,brent
2026-12-18,0.19429785516384449,790.0,779.9305895029948,put_call_parity,0.01282801755375368,call,13.11,13.16,13.135,mid,0.003806623524933438,1240.0,14195,0.12912505813087063,0.13007658159897437,9.51523468103732,0.0032395826663723882,133.4763129340842,brent
2026-12-18,0.19429785516384449,791.0,779.9305895029948,put_call_parity,0.014093039860340436,call,12.64,12.68,12.66,mid,0.003159557661927263,25.0,435,0.1285037342949704,0.1294319265910913,9.281922961208998,0.0032084812319730137,132.8216287187512,brent
2026-12-18,0.19429785516384449,792.0,779.9305895029948,put_call_parity,0.015356463907112476,call,12.17,12.21,12.190000000000001,mid,0.003281378178835186,77.0,512,0.12784956577475198,0.128796528605595,9.46962830843029,0.00317589781994243,132.08789607041743,brent
2026-12-18,0.19429785516384449,793.0,779.9305895029948,put_call_parity,0.01661829372753445,call,11.72,11.76,11.74,mid,0.00340715502555359,79.0,467,0.12727572095753958,0.12817052005271376,8.947990951741758,0.0031474521624893234,131.2832351238737,brent
2026-12-18,0.19429785516384449,794.0,779.9305895029948,put_call_parity,0.017878533339822245,call,11.27,11.31,11.29,mid,0.0035429583702392318,33.0,803,0.12662994734526906,0.12755403280525301,9.240854599839587,0.0031155940018588527,130.3946608582922,brent
2026-12-18,0.19429785516384449,795.0,779.9305895029948,put_call_parity,0.019137186747018482,call,10.84,10.88,10.86,mid,0.003683241252302111,636.0,11034,0.12606482709891842,0.12694719808159577,8.823709826773495,0.0030878476982298198,129.4368966833745,brent
2026-12-18,0.19429785516384449,796.0,779.9305895029948,put_call_parity,0.02039425793706944,call,10.42,10.46,10.440000000000001,mid,0.0038314176245211606,55.0,1771,0.1255040079630449,0.12635014632516822,8.461383621233276,0.0030604352598099203,128.40322592764636,brent
2026-12-18,0.19429785516384449,797.0,779.9305895029948,put_call_parity,0.02164975088290152,call,10.01,10.05,10.030000000000001,mid,0.0039880358923231225,77.0,771,0.12494736259488635,0.12576300708047472,8.156444855883654,0.0030333476915466984,127.2939399484027,brent
2026-12-18,0.19429785516384449,798.0,779.9305895029948,put_call_parity,0.02290366954249531,call,9.61,9.65,9.629999999999999,mid,0.004153686396677147,1171.0,2801,0.12439481814517173,0.1251859088658273,7.910907206555851,0.003006578763473773,126.10950783813291,brent
2026-12-18,0.19429785516384449,799.0,779.9305895029948,put_call_parity,0.02415601785896127,call,9.23,9.26,9.245000000000001,mid,0.0032449972958355174,107.0,693,0.12388640613924119,0.12461897904290863,7.325729036674334,0.0029820527093450218,124.85845631897358,brent
2026-12-18,0.19429785516384449,800.0,779.9305895029948,put_call_parity,0.025406799760613743,call,8.85,8.87,8.86,mid,0.0022573363431150763,1789.0,50550,0.12330203329935499,0.12406234368332905,7.60310383974061,0.0029539863432976494,123.51802382494253,brent
2026-12-18,0.19429785516384449,801.0,779.9305895029948,put_call_parity,0.026656019161045725,call,8.48,8.52,8.5,mid,0.004705882352941076,35.0,747,0.12284383696822022,0.12351612743235915,6.722904641389277,0.0029320728221305585,122.13256915483923,brent
2026-12-18,0.19429785516384449,802.0,779.9305895029948,put_call_parity,0.02790367995920106,call,8.13,8.16,8.145,mid,0.0036832412523019474,97.0,773,0.12235062372567651,0.12298045337003588,6.298296443593698,0.0029085757694934148,120.66921622312948,brent
2026-12-18,0.19429785516384449,803.0,779.9305895029948,put_call_parity,0.029149786039448296,call,7.79,7.82,7.805,mid,0.0038436899423446827,164.0,424,0.1219052103581343,0.12245544286986244,5.502325117281437,0.0028874371705577702,119.15055079850683,brent
2026-12-18,0.19429785516384449,804.0,779.9305895029948,put_call_parity,0.030394341271652834,call,7.45,7.49,7.470000000000001,mid,0.005354752342704154,104.0,969,0.12142469856422056,0.12194121545534277,5.165168911222123,0.002864719303607365,117.55565177029285,brent
2026-12-18,0.19429785516384449,805.0,779.9305895029948,put_call_parity,0.03163734951124989,call,7.13,7.17,7.15,mid,0.005594405594405599,103.0,16248,0.12099422607651425,0.12143788865460885,4.436625780945974,0.002844443413581689,115.912170724666,brent
2026-12-18,0.19429785516384449,806.0,779.9305895029948,put_call_parity,0.032878814599314875,call,6.82,6.85,6.835,mid,0.004389173372348114,96.0,964,0.12052883890913683,0.12094557785342464,4.167389442878005,0.0028226039975408966,114.19492120213307,brent
2026-12-18,0.19429785516384449,807.0,779.9305895029948,put_call_parity,0.03411874036263522,call,6.52,6.55,6.535,mid,0.004590665646518783,68.0,575,0.12011633705336026,0.12046439614686413,3.480590935038691,0.002803316713633317,112.43721326655927,brent
2026-12-18,0.19429785516384449,808.0,779.9305895029948,put_call_parity,0.035357130613781866,call,6.23,6.26,6.245,mid,0.004803843074459465,31.0,1306,0.11971464006818267,0.11999445418998447,2.79814121801808,0.002784598178641752,110.6278473936859,brent
2026-12-18,0.19429785516384449,809.0,779.9305895029948,put_call_parity,0.03659398915117824,call,5.95,5.98,5.965,mid,0.005029337803855867,26.0,537,0.11932495945825616,0.11953586004783388,2.1090058957771998,0.0027664995088958516,108.77047335981021,brent
2026-12-18,0.19429785516384449,810.0,779.9305895029948,put_call_parity,0.03782931975917105,call,5.68,5.71,5.695,mid,0.005267778753292405,395.0,79200,0.11894867509825997,0.11908871904514998,1.4004394689000332,0.0027490790270422094,106.86908671689203,brent
2026-12-18,0.19429785516384449,811.0,779.9305895029948,put_call_parity,0.03906312620809937,call,5.41,5.45,5.43,mid,0.007366482504604059,32.0,614,0.11853969494762037,0.11865313361612397,1.1343866850359319,0.002730207259261947,104.90451352427802,brent
2026-12-18,0.19429785516384449,812.0,779.9305895029948,put_call_parity,0.040295412254364456,call,5.17,5.2,5.1850000000000005,mid,0.005785920925747395,15.0,864,0.11824275860220941,0.11822920315462036,-0.13555447589047587,0.0027165463098845683,102.95208437375105,brent
2026-12-18,0.19429785516384449,813.0,779.9305895029948,put_call_parity,0.04152618164049716,call,4.92,4.96,4.9399999999999995,mid,0.008097165991902843,191.0,735,0.11786734881634371,0.11781702386525936,-0.5032495108435453,0.002699324127881047,100.91927944090202,brent
2026-12-18,0.19429785516384449,814.0,779.9305895029948,put_call_parity,0.042755438095226916,call,4.69,4.72,4.705,mid,0.006376195536662989,16.0,348,0.11751084776469098,0.1174166886157782,-0.9415914891278132,0.0026830200946116366,98.85848014278832,brent
2026-12-18,0.19429785516384449,815.0,779.9305895029948,put_call_parity,0.043983185333549175,call,4.46,4.5,4.48,mid,0.008928571428571435,70.0,17986,0.11717559717128699,0.11702828679110572,-1.4731038018127307,0.0026677329783675687,96.77546463005739,brent
2026-12-18,0.19429785516384449,816.0,779.9305895029948,put_call_parity,0.04520942705679353,call,4.25,4.28,4.265000000000001,mid,0.0070339976553341725,14.0,777,0.1168642271889532,0.11665190414958825,-2.1232303936495613,0.0026535739154359378,94.67645602818976,brent
2026-12-18,0.19429785516384449,817.0,779.9305895029948,put_call_parity,0.04643416695268947,call,4.05,4.07,4.0600000000000005,mid,0.004926108374384349,20.0,670,0.1165796831957497,0.11628762268181804,-2.920605139316579,0.002640667668272797,92.56813263975053,brent
2026-12-18,0.19429785516384449,818.0,779.9305895029948,put_call_parity,0.04765740869543349,call,3.85,3.87,3.8600000000000003,mid,0.005181347150259072,65.0,455,0.11626996764022686,0.11593552047251869,-3.344471677081684,0.0026266554589659775,90.42050412391629,brent
2026-12-18,0.19429785516384449,819.0,779.9305895029948,put_call_parity,0.04887915594575591,call,3.66,3.68,3.67,mid,0.005449591280653956,61.0,1236,0.11599136388344379,0.1155956715659465,-3.956923174972954,0.0026140826624655874,88.2739353370235,brent
2026-12-18,0.19429785516384449,820.0,779.9305895029948,put_call_parity,0.05009941235098534,call,3.48,3.5,3.49,mid,0.005730659025787971,462.0,14486,0.11574775490909077,0.11526814583526973,-4.796090738210385,0.0026031138239958475,86.13637455117458,brent
2026-12-18,0.19429785516384449,821.0,779.9305895029948,put_call_parity,0.051318181545114826,call,3.3,3.32,3.3099999999999996,mid,0.006042296072507559,10.0,1675,0.11542436887993852,0.11495300885638302,-4.713600235555088,0.0025885885369670183,83.9282991725589,brent
2026-12-18,0.19429785516384449,822.0,779.9305895029948,put_call_parity,0.052535467148866366,call,3.13,3.16,3.145,mid,0.009538950715421383,276.0,521,0.1151999862578767,0.11465032178661567,-5.496644712610216,0.0025785339926106283,81.78348915554876,brent
2026-12-18,0.19429785516384449,823.0,779.9305895029948,put_call_parity,0.05375127276975632,call,2.97,3.0,2.9850000000000003,mid,0.010050251256281341,137.0,857,0.11495886254652941,0.11436014124878094,-5.987212977484751,0.0025677510919856414,79.62071738478151,brent
2026-12-18,0.19429785516384449,824.0,779.9305895029948,put_call_parity,0.05496560200215826,call,2.82,2.84,2.83,mid,0.007067137809187285,148.0,582,0.11470145367480616,0.1140825192210095,-6.189344537966685,0.002556264862841846,77.44225285916991,brent
2026-12-18,0.19429785516384449,825.0,779.9305895029948,put_call_parity,0.0561784584273674,call,2.67,2.7,2.685,mid,0.011173184357541992,539.0,16409,0.11449469630391175,0.1138175029327927,-6.771933711190448,0.002547057477365899,75.30463191938635,brent
2026-12-18,0.19429785516384449,830.0,779.9305895029948,put_call_parity,0.0622207728833301,call,2.04,2.06,2.05,mid,0.009756097560975618,202.0,34448,0.11354755637664679,0.11268281655234672,-8.647398243000758,0.0025050914872600826,64.80605457959453,brent
2026-12-18,0.19429785516384449,835.0,779.9305895029948,put_call_parity,0.06822679694354204,call,1.54,1.56,1.55,mid,0.012903225806451623,232.0,11162,0.11277529461028095,0.11186747839635092,-9.078162139300321,0.0024711320139637924,54.88623345502391,brent
2026-12-18,0.19429785516384449,840.0,779.9305895029948,put_call_parity,0.07419696393004574,call,1.16,1.17,1.165,mid,0.00858369098712447,1729.0,5766,0.11223900610555035,0.11137160845640798,-8.673976491423707,0.002447685589934314,45.85733367612757,brent
2026-12-18,0.19429785516384449,845.0,779.9305895029948,put_call_parity,0.08013169944986036,call,0.87,0.88,0.875,mid,0.011428571428571439,253.0,6579,0.11200383310653107,0.11119198599053834,-8.118471159927337,0.0024374391252506094,37.935781129215336,brent
2026-12-18,0.19429785516384449,850.0,779.9305895029948,put_call_parity,0.08603142157704873,call,0.65,0.66,0.655,mid,0.015267175572519097,827.0,13338,0.11194154153713962,0.11132212628939456,-6.194152477450587,0.0024347286878823897,31.064299132591945,brent
2026-12-18,0.19429785516384449,855.0,779.9305895029948,put_call_parity,0.09189654102944668,call,0.49,0.5,0.495,mid,0.02020202020202022,705.0,6175,0.11226122855933053,0.11175249856632458,-5.0872999300595465,0.0024486549314588334,25.394797761661508,brent
2026-12-18,0.19429785516384449,860.0,779.9305895029948,put_call_parity,0.09772746134023995,call,0.38,0.39,0.385,mid,0.025974025974025997,25.0,3226,0.11323039293907139,0.11247086632143188,-7.595266176395055,0.0024911164830762503,21.00839926131436,brent
2026-12-18,0.19429785516384449,865.0,779.9305895029948,put_call_parity,0.10352457902456592,call,0.3,0.31,0.305,mid,0.03278688524590167,2.0,4100,0.11455169818928368,0.1134627205463249,-10.889776429587744,0.00254959424499246,17.5136966844597,brent
2026-12-18,0.19429785516384449,870.0,779.9305895029948,put_call_parity,0.10928828374131588,call,0.23,0.24,0.235,mid,0.042553191489361625,5.0,3893,0.11540471999862965,0.11471176984164001,-6.929501569896413,0.0025877072925612012,14.293615486441901,brent
2026-12-18,0.19429785516384449,875.0,779.9305895029948,put_call_parity,0.11501895845030098,call,0.19,0.2,0.195,mid,0.05128205128205133,36.0,7336,0.11745894217309646,0.11620045045442005,-12.584917186764105,0.0026806503901818093,12.21814210245057,brent
2026-12-18,0.19429785516384449,880.0,779.9305895029948,put_call_parity,0.12071697956493858,call,0.15,0.16,0.155,mid,0.06451612903225812,10.0,5526,0.11878314598025164,0.11791042281218451,-8.727231680671215,0.002741433107482078,10.129858489151783,brent
2026-12-18,0.19429785516384449,885.0,779.9305895029948,put_call_parity,0.12638271710061602,call,0.13,0.14,0.135,mid,0.07407407407407414,2.0,4547,0.12145096106580186,0.1198230279459837,-16.279331198181534,0.002865958636827846,8.931110928131869,brent
2026-12-18,0.19429785516384449,890.0,779.9305895029948,put_call_parity,0.1320165348188721,call,0.1,0.11,0.10500000000000001,mid,0.09523809523809518,2.0,2282,0.12236920767438676,0.12191968556460579,-4.495221097809699,0.00290945940909149,7.2705843598904885,brent
2026-12-18,0.19429785516384449,895.0,779.9305895029948,put_call_parity,0.13761879036754182,call,0.09,0.1,0.095,mid,0.10526315789473693,1.0,1491,0.12543295483769756,0.12418222392173076,-12.507309159668079,0.0030569709571337984,6.580280046059569,brent
2026-12-18,0.19429785516384449,900.0,779.9305895029948,put_call_parity,0.14318983541699726,call,0.07,0.08,0.07500000000000001,mid,0.13333333333333325,128.0,13445,0.12648332783219118,0.12659313889106572,1.0981105887453158,0.0031083833470920063,5.4002746545050435,brent
2026-12-18,0.19429785516384449,905.0,779.9305895029948,put_call_parity,0.14873001579261272,call,0.06,0.07,0.065,mid,0.15384615384615397,1.0,2629,0.1287911294089339,0.1291357852315534,3.4465582261949956,0.003222848642573715,4.737135822497388,brent
2026-12-18,0.19429785516384449,910.0,779.9305895029948,put_call_parity,0.15423967160358218,call,0.05,0.06,0.055,mid,0.18181818181818174,110.0,4022,0.13070765432201578,0.1317945067407602,10.868524187444272,0.0033194799381182647,4.082231957319648,brent
2026-12-18,0.19429785516384449,915.0,779.9305895029948,put_call_parity,0.15971913736820786,call,0.05,0.06,0.055,mid,0.18181818181818174,12.0,2379,0.1348287842309948,0.13455471403202562,-2.740701989691896,0.0035321020548657735,3.9810208475927675,brent
2027-01-15,0.27101018393096776,585.0,781.4919065528992,put_call_parity,-0.28959294627777443,put,1.64,1.66,1.65,mid,0.012121212121212133,22.0,6640,0.31324548717469153,0.3119140480175138,-13.314391571777051,0.026592260523930968,28.607094081018104,brent
2027-01-15,0.27101018393096776,590.0,781.4919065528992,put_call_parity,-0.28108225660986574,put,1.72,1.74,1.73,mid,0.011560693641618507,112.0,2334,0.30817682028134047,0.30715097862641166,-10.258416549288052,0.02573863734140514,29.966186510765453,brent
2027-01-15,0.27101018393096776,595.0,781.4919065528992,put_call_parity,-0.2726433879640011,put,1.8,1.82,1.81,mid,0.011049723756906087,12.0,8817,0.3029799663673995,0.30239026182152456,-5.8970454587492505,0.024877883918302934,31.34983661101102,brent
2027-01-15,0.27101018393096776,600.0,781.4919065528992,put_call_parity,-0.2642751382934846,put,1.89,1.91,1.9,mid,0.010526315789473694,655.0,39352,0.29796836461578463,0.29763214544344924,-3.3621917233539467,0.024061678832300204,32.85759109679433,brent
2027-01-15,0.27101018393096776,605.0,781.4919065528992,put_call_parity,-0.25597633547878945,put,1.99,2.0,1.995,mid,0.005012531328320806,23.0,3835,0.29296356451242045,0.2928769475744923,-0.8661693792816338,0.023260167248588138,34.44041987283328,brent
2027-01-15,0.27101018393096776,610.0,781.4919065528992,put_call_parity,-0.24774583634227396,put,2.09,2.11,2.0999999999999996,mid,0.009523809523809533,255.0,6017,0.288093571442044,0.28812506190710424,0.3149046506023545,0.02249327774553312,36.14644725522072,brent
2027-01-15,0.27101018393096776,615.0,781.4919065528992,put_call_parity,-0.23958252570311298,put,2.2,2.22,2.21,mid,0.009049773755656116,2.0,5524,0.28319764660549834,0.28337696354045955,1.7931693496120449,0.021735262569124808,37.92794656651335,brent
2027-01-15,0.27101018393096776,620.0,781.4919065528992,put_call_parity,-0.2314853154704937,put,2.31,2.33,2.3200000000000003,mid,0.00862068965517242,269.0,7262,0.2781423841966532,0.27863321523004614,4.908310333929244,0.02096621123661275,39.740180290061495,brent
2027-01-15,0.27101018393096776,625.0,781.4919065528992,put_call_parity,-0.2234531437732294,put,2.44,2.46,2.45,mid,0.008163265306122455,399.0,10028,0.2734178160708578,0.27389447411547707,4.766580446192714,0.020259990204487845,41.766871711449475,brent
2027-01-15,0.27101018393096776,630.0,781.4919065528992,put_call_parity,-0.2154849741240525,put,2.57,2.59,2.58,mid,0.007751937984496131,53.0,5406,0.26850938526066287,0.269161498951832,6.5211369116913165,0.019539099816523058,43.82544055383212,brent
2027-01-15,0.27101018393096776,635.0,781.4919065528992,put_call_parity,-0.20757979461693932,put,2.72,2.74,2.7300000000000004,mid,0.007326007326007331,19.0,2948,0.26386371724412483,0.2644351578695964,5.714406254715976,0.018868829652941253,46.09315012577068,brent
2027-01-15,0.27101018393096776,640.0,781.4919065528992,put_call_parity,-0.19973661715591337,put,2.87,2.9,2.885,mid,0.010398613518197507,99.0,7467,0.2591194573329849,0.25971643668762623,5.969793546413138,0.018196407827263505,48.43673442354362,brent
2027-01-15,0.27101018393096776,645.0,781.4919065528992,put_call_parity,-0.1919544767138584,put,3.04,3.06,3.05,mid,0.006557377049180334,315.0,5057,0.2543731720516445,0.2550064478024261,6.332757507815923,0.01753590654724639,50.8996001581222,brent
2027-01-15,0.27101018393096776,650.0,781.4919065528992,put_call_parity,-0.18423243061994804,put,3.22,3.24,3.2300000000000004,mid,0.0061919504643962895,194.0,22479,0.24970246621696976,0.25030643967526195,6.039734582921897,0.016897843144596084,53.52135767827505,brent
2027-01-15,0.27101018393096776,655.0,781.4919065528992,put_call_parity,-0.17656955787437903,put,3.41,3.44,3.425,mid,0.008759124087591184,28.0,7015,0.24507925912686612,0.2456178069361195,5.3854780925338686,0.016277913207914402,56.298362329401165,brent
2027-01-15,0.27101018393096776,660.0,781.4919065528992,put_call_parity,-0.16896495848915966,put,3.62,3.65,3.635,mid,0.008253094910591419,77.0,7809,0.24047807098709423,0.24094210112006545,4.640301329712216,0.015672438345257063,59.22697579949112,brent
2027-01-15,0.27101018393096776,665.0,781.4919065528992,put_call_parity,-0.1614177528537767,put,3.85,3.87,3.8600000000000003,mid,0.005181347150259072,24.0,7126,0.23587581433780497,0.2362810420469947,4.052277091897427,0.015078301950399317,62.30364782931417,brent
2027-01-15,0.27101018393096776,670.0,781.4919065528992,put_call_parity,-0.1539270811246192,put,4.09,4.12,4.105,mid,0.007308160779537209,50.0,14977,0.23132782749111816,0.2316365298497642,3.0870235864605133,0.014502449750402461,65.56022847726216,brent
2027-01-15,0.27101018393096776,675.0,781.4919065528992,put_call_parity,-0.14649210263710108,put,4.36,4.38,4.37,mid,0.004576659038901504,442.0,15139,0.2268037504181157,0.2270106576480366,2.0690722992089405,0.013940747927019118,68.9894746670623,brent
2027-01-15,0.27101018393096776,680.0,781.4919065528992,put_call_parity,-0.1391119953394785,put,4.64,4.67,4.654999999999999,mid,0.006444683136412514,878.0,14294,0.22227604377576352,0.22240572485538498,1.2968107962146869,0.0133897024953274,72.58413128235482,brent
2027-01-15,0.27101018393096776,685.0,781.4919065528992,put_call_parity,-0.13178595524740555,put,4.95,4.98,4.965,mid,0.006042296072507603,146.0,8327,0.21778514758372583,0.2178242510948617,0.3910351113586841,0.012854113435304711,76.36796013896303,brent
2027-01-15,0.27101018393096776,690.0,781.4919065528992,put_call_parity,-0.12451319591832587,put,5.29,5.32,5.305,mid,0.005655042412818143,81.0,14424,0.21336075435237845,0.21326899068275104,-0.9176366962740379,0.012337145517077883,80.35868351132729,brent
2027-01-15,0.27101018393096776,695.0,781.4919065528992,put_call_parity,-0.11729294794483876,put,5.66,5.69,5.675000000000001,mid,0.005286343612334845,166.0,6381,0.20896403441618797,0.2087429476208674,-2.2108679532056863,0.011833921932342222,84.53968457810736,brent
2027-01-15,0.27101018393096776,700.0,781.4919065528992,put_call_parity,-0.11012445846622619,put,6.06,6.09,6.074999999999999,mid,0.004938271604938313,2131.0,34359,0.20455970518012032,0.2042493910136905,-3.1031416642982035,0.011340332521756398,88.89400181317924,brent
2027-01-15,0.27101018393096776,705.0,781.4919065528992,put_call_parity,-0.1030069906973623,put,6.48,6.52,6.5,mid,0.006153846153846023,230.0,7899,0.20006200027604476,0.19979187079679137,-2.701294792533948,0.010847129481496999,93.38000623133914,brent
2027-01-15,0.27101018393096776,710.0,781.4919065528992,put_call_parity,-0.09593982347426981,put,6.97,7.0,6.984999999999999,mid,0.004294917680744488,71.0,7314,0.19580567709176888,0.1953742336261912,-4.31443465577691,0.010390493372670156,98.1435486973996,brent
2027-01-15,0.27101018393096776,715.0,781.4919065528992,put_call_parity,-0.08892225081562322,put,7.48,7.52,7.5,mid,0.0053333333333332195,870.0,11279,0.19142790766550113,0.1910006387330654,-4.272689324357481,0.009931071665318068,103.00953077537858,brent
2027-01-15,0.27101018393096776,720.0,781.4919065528992,put_call_parity,-0.08195358149952985,put,8.05,8.09,8.07,mid,0.004956629491945371,6638.0,16833,0.18713621091132643,0.18667557349295047,-4.606374183759588,0.00949076618955107,108.05335875739947,brent
2027-01-15,0.27101018393096776,725.0,781.4919065528992,put_call_parity,-0.07503313865495614,put,8.67,8.71,8.690000000000001,mid,0.0046029919447642025,2097.0,11046,0.18283163027595262,0.1824038683915605,-4.277618843921138,0.009059167185342524,113.20994709585881,brent
2027-01-15,0.27101018393096776,730.0,781.4919065528992,put_call_parity,-0.06816025936719408,put,9.35,9.4,9.375,mid,0.0053333333333334095,220.0,19608,0.17859631902401854,0.17819071098860945,-4.056080354090941,0.008644315674012264,118.48004982740328,brent
2027-01-15,0.27101018393096776,735.0,781.4919065528992,put_call_parity,-0.061334294296794184,put,10.1,10.15,10.125,mid,0.004938271604938342,1998.0,10290,0.1743721104555951,0.1740416583849091,-3.304520706859937,0.008240236166050598,123.79975870017422,brent
2027-01-15,0.27101018393096776,740.0,781.4919065528992,put_call_parity,-0.0545546073114155,put,10.93,10.99,10.96,mid,0.005474452554744571,191.0,11835,0.17025990923642942,0.16996264758496551,-2.972616514639037,0.007856161560094584,129.14664701822144,brent
2027-01-15,0.27101018393096776,745.0,781.4919065528992,put_call_parity,-0.047820575130071395,put,11.86,11.91,11.885,mid,0.004206983592764048,87.0,5869,0.1662276495400514,0.1659600030165433,-2.6764652350810825,0.007488453527433784,134.436393000739,brent
2027-01-15,0.27101018393096776,750.0,781.4919065528992,put_call_parity,-0.04113158697927475,put,12.88,12.94,12.91,mid,0.004647560030983634,893.0,18511,0.16227870677600853,0.1620404403205416,-2.3826645546692893,0.007136884807848692,139.5806939406527,brent
2027-01-15,0.27101018393096776,755.0,781.4919065528992,put_call_parity,-0.03448704426060614,put,14.02,14.08,14.05,mid,0.004270462633451992,64.0,4262,0.15844571099165847,0.15821106536125912,-2.346456303993494,0.006803722410905968,144.4780523040772,brent
2027-01-15,0.27101018393096776,760.0,781.4919065528992,put_call_parity,-0.02788636022925416,put,15.28,15.34,15.309999999999999,mid,0.003919007184846539,6216.0,8431,0.15468587831384004,0.15447936723370098,-2.065110801390546,0.006484656055633607,148.99488057364488,brent
2027-01-15,0.27101018393096776,765.0,781.4919065528992,put_call_parity,-0.021328959683095054,put,16.68,16.75,16.715,mid,0.004187855219862416,119.0,3646,0.15108868939911113,0.15085320386981052,-2.3548552930061084,0.006186564126094962,152.99748359151664,brent
2027-01-15,0.27101018393096776,770.0,781.4919065528992,put_call_parity,-0.014814278661901326,put,18.25,18.32,18.285,mid,0.0038282745419743113,899.0,7482,0.14770129820260786,0.14734077868327286,-3.6051951933499526,0.005912269685302216,156.3223608184947,brent
2027-01-15,0.27101018393096776,775.0,781.4919065528992,put_call_parity,-0.008341764156283944,put,20.0,20.02,20.009999999999998,mid,0.0009995002498750412,420.0,8296,0.14438033222367375,0.143950606562918,-4.297256607557475,0.005649391661217475,158.79129449590843,brent
2027-01-15,0.27101018393096776,780.0,781.4919065528992,put_call_parity,-0.0019108738259934856,put,21.95,22.02,21.985,mid,0.0031839890834660127,962.0,4728,0.14164848821814505,0.1406914674549907,-9.570207631543482,0.005437628065512897,160.23724785799553,brent
2027-01-15,0.27101018393096776,785.0,781.4919065528992,put_call_parity,0.004478924272777447,call,20.27,20.32,20.295,mid,0.002463661000246401,476.0,7076,0.1366647578439855,0.13757234579923686,9.075879552513655,0.005061726593792601,160.49319561857521,brent
2027-01-15,0.27101018393096776,790.0,781.4919065528992,put_call_parity,0.010828151951436224,call,17.59,17.63,17.61,mid,0.0022714366837023933,336.0,6879,0.1335695456587058,0.13460235424382985,10.328085851240566,0.004835044865660419,159.38317489704357,brent
2027-01-15,0.27101018393096776,795.0,781.4919065528992,put_call_parity,0.017137321144700977,call,15.12,15.17,15.145,mid,0.003301419610432533,82.0,9775,0.1306821720737845,0.13179064040409794,11.084683303134446,0.004628265875979717,156.7871126145492,brent
2027-01-15,0.27101018393096776,800.0,781.4919065528992,put_call_parity,0.023406934158296408,call,12.89,12.94,12.915,mid,0.00387146728610135,1433.0,26247,0.12806441695330778,0.12914627599235853,10.818590390507532,0.004444701136586863,152.6489496605947,brent
2027-01-15,0.27101018393096776,805.0,781.4919065528992,put_call_parity,0.029637483908932512,call,10.9,10.94,10.92,mid,0.003663003663003585,1133.0,6603,0.12570894859060144,0.12667812846337412,9.691798727726741,0.004282703407820237,146.98933785289628,brent
2027-01-15,0.27101018393096776,810.0,781.4919065528992,put_call_parity,0.035829454156853624,call,9.14,9.17,9.155000000000001,mid,0.003276897870016314,1122.0,5408,0.12360222085277622,0.12439471640322268,7.924955504464565,0.004140360524026138,139.90936930789573,brent
2027-01-15,0.27101018393096776,815.0,781.4919065528992,put_call_parity,0.04198331973123191,call,7.59,7.63,7.609999999999999,mid,0.005256241787122213,374.0,11385,0.12172212788837376,0.12230405121615989,5.819233277861296,0.0040153617971257875,131.5825182721883,brent
2027-01-15,0.27101018393096776,820.0,781.4919065528992,put_call_parity,0.048099546748667815,call,6.27,6.3,6.285,mid,0.004773269689737509,246.0,6805,0.12015417624136737,0.12041346916600486,2.592929246374859,0.003912581090170324,122.30645290515506,brent
2027-01-15,0.27101018393096776,825.0,781.4919065528992,put_call_parity,0.05417859282505003,call,5.13,5.17,5.15,mid,0.0077669902912621425,155.0,11966,0.11877714982793591,0.11872945938419348,-0.47690443742434696,0.003823414743071579,112.32278581908886,brent
2027-01-15,0.27101018393096776,830.0,781.4919065528992,put_call_parity,0.06022090728101269,call,4.17,4.2,4.1850000000000005,mid,0.007168458781362066,384.0,5260,0.11754675652064156,0.11725749489256057,-2.89261628080989,0.0037446127452877348,101.90409358006649,brent
2027-01-15,0.27101018393096776,835.0,781.4919065528992,put_call_parity,0.06622693134122459,call,3.37,3.4,3.385,mid,0.008862629246676457,185.0,5883,0.11658106353064446,0.11600187479422028,-5.7918873642417985,0.0036833385366127763,91.45936850596922,brent
2027-01-15,0.27101018393096776,840.0,781.4919065528992,put_call_parity,0.07219709832772844,call,2.7,2.72,2.71,mid,0.007380073800738014,663.0,6907,0.11563842981020148,0.11496558634103582,-6.72843469165657,0.0036240149697052905,81.05451251250197,brent
2027-01-15,0.27101018393096776,845.0,781.4919065528992,put_call_parity,0.07813183384754302,call,2.15,2.18,2.165,mid,0.01385681293302552,113.0,5092,0.11497455578329326,0.11415019540394195,-8.243603793513104,0.003582523860315829,71.18269250407054,brent
2027-01-15,0.27101018393096776,850.0,781.4919065528992,put_call_parity,0.08403155597473135,call,1.7,1.72,1.71,mid,0.01169590643274855,861.0,14611,0.11427172700581384,0.11355577284406028,-7.159541617535598,0.0035388584597251084,61.71450649482545,brent
2027-01-15,0.27101018393096776,855.0,781.4919065528992,put_call_parity,0.08989667542712924,call,1.34,1.36,1.35,mid,0.014814814814814828,60.0,8363,0.11382563542346301,0.11318086241655016,-6.447730069128466,0.003511282546572483,53.109616080547994,brent
2027-01-15,0.27101018393096776,860.0,781.4919065528992,put_call_parity,0.09572759573792247,call,1.06,1.08,1.07,mid,0.018691588785046745,41.0,4671,0.11368564508307975,0.1130224932799344,-6.631518031453565,0.003502651039807212,45.510034139231095,brent
2027-01-15,0.27101018393096776,865.0,781.4919065528992,put_call_parity,0.1015247134222484,call,0.83,0.85,0.84,mid,0.023809523809523832,44.0,6358,0.11349339226092314,0.1130762372009984,-4.171550599247481,0.0034908144502173674,38.57525728936322,brent
2027-01-15,0.27101018393096776,870.0,781.4919065528992,put_call_parity,0.10728841813899852,call,0.66,0.68,0.67,mid,0.02985074626865674,11.0,8713,0.1137774175498431,0.11333630749266388,-4.411100571792143,0.003508308335757511,32.82943980372932,brent
2027-01-15,0.27101018393096776,875.0,781.4919065528992,put_call_parity,0.11301909284798357,call,0.53,0.54,0.535,mid,0.018691588785046745,130.0,7833,0.1141660869174403,0.11379569397217795,-3.703929452623517,0.0035323183902440003,27.84435999228095,brent
2027-01-15,0.27101018393096776,880.0,781.4919065528992,put_call_parity,0.11871711396262133,call,0.42,0.44,0.43,mid,0.046511627906976785,40.0,18374,0.11473781880333024,0.11444632610118366,-2.9149270214658127,0.0035677859433541075,23.62721061681328,brent
2027-01-15,0.27101018393096776,885.0,781.4919065528992,put_call_parity,0.12438285149829871,call,0.34,0.36,0.35,mid,0.05714285714285704,139.0,6366,0.11556787951015617,0.11527925518056614,-2.8862432959002318,0.0036195943398002,20.150608760666728,brent
2027-01-15,0.27101018393096776,890.0,781.4919065528992,put_call_parity,0.13001666921655455,call,0.28,0.29,0.28500000000000003,mid,0.035087719298245446,24.0,7912,0.11641586418846496,0.11628484609483127,-1.3101809363369465,0.0036729071001034785,17.149271119220355,brent
2027-01-15,0.27101018393096776,895.0,781.4919065528992,put_call_parity,0.13561892476522444,call,0.23,0.25,0.24,mid,0.0833333333333333,2.0,1745,0.11780860885135329,0.11745296956938038,-3.5563928197290817,0.00376131465601898,14.894773280450467,brent
2027-01-15,0.27101018393096776,900.0,781.4919065528992,put_call_parity,0.14118996981467985,call,0.2,0.21,0.20500000000000002,mid,0.04878048780487795,127.0,24920,0.1193905935051608,0.11877318704843146,-6.174064567293497,0.0038630100074575663,13.046859938247396,brent
2027-01-15,0.27101018393096776,905.0,781.4919065528992,put_call_parity,0.14673015019029523,call,0.17,0.18,0.175,mid,0.05714285714285704,1.0,4296,0.1209195338864418,0.12023492188994514,-6.846119964966646,0.003962584530699781,11.414312660161661,brent
2027-01-15,0.27101018393096776,910.0,781.4919065528992,put_call_parity,0.15223980600126485,call,0.14,0.15,0.14500000000000002,mid,0.06896551724137917,15.0,4893,0.12196278445967419,0.12182761236336126,-1.351720963129327,0.004031255020112041,9.772618707950478,brent
2027-01-15,0.27101018393096776,915.0,781.4919065528992,put_call_parity,0.15771927176589048,call,0.12,0.13,0.125,mid,0.08000000000000007,5.0,3553,0.12356407591157943,0.12354084371099916,-0.23232200580272644,0.004137805401025621,8.594339979732775,brent
2027-01-15,0.27101018393096776,920.0,781.4919065528992,put_call_parity,0.1631688765334552,call,0.11,0.12,0.11499999999999999,mid,0.0869565217391304,3.0,1657,0.12605836224596428,0.12536445813221928,-6.939041137450086,0.004306544427469236,7.913368722966159,brent
2027-01-15,0.27101018393096776,925.0,781.4919065528992,put_call_parity,0.16858894400279423,call,0.09,0.1,0.095,mid,0.10526315789473693,7.0,1799,0.12695319657861456,0.1272886428701879,3.3544629157333805,0.004367902062511797,6.745268665430533,brent
2027-01-15,0.27101018393096776,930.0,781.4919065528992,put_call_parity,0.1739797926376707,call,0.08,0.09,0.08499999999999999,mid,0.11764705882352937,6.0,646,0.12894174396916408,0.12930399758130162,3.6225361213754192,0.004505808092311108,6.087087091168487,brent
2027-01-15,0.27101018393096776,935.0,781.4919065528992,put_call_parity,0.1793417357790561,call,0.07,0.08,0.07500000000000001,mid,0.13333333333333325,35.0,1024,0.13068693909030704,0.13140158284989462,7.146437595875743,0.0046286035413545465,5.4373682523758395,brent
2027-01-15,0.27101018393096776,940.0,781.4919065528992,put_call_parity,0.18467508175441869,call,0.06,0.08,0.07,mid,0.28571428571428575,1.0,526,0.1331587532535359,0.13357295210969686,4.141988561609522,0.00480535029080008,5.0618219040533,brent
2027-01-15,0.27101018393096776,945.0,781.4919065528992,put_call_parity,0.1899801339841119,call,0.06,0.07,0.065,mid,0.15384615384615397,100.0,317,0.13550977803321404,0.13581016939935153,3.003913661374924,0.004976532890952948,4.696087394075396,brent
2027-01-15,0.27101018393096776,950.0,781.4919065528992,put_call_parity,0.19525719108495568,call,0.05,0.06,0.055,mid,0.18181818181818174,55.0,3033,0.136540281501167,0.13810581536827815,15.655338671111407,0.005052510197580717,4.066203110672473,brent
2027-01-15,0.27101018393096776,955.0,781.4919065528992,put_call_parity,0.20050654697109943,call,0.05,0.06,0.055,mid,0.18181818181818174,4.0,417,0.1398080183890716,0.14045298381476076,6.4496542568917565,0.0052972414815798275,3.9889115228786527,brent
2027-01-15,0.27101018393096776,960.0,781.4919065528992,put_call_parity,0.20572849095225096,call,0.04,0.05,0.05,last,0.22222222222222227,182.0,6359,0.14172727284228837,0.1428452708265929,11.179979843045363,0.005443678544791778,3.6449618549085008,brent
2027-01-29,0.3093663483145294,570.0,783.0371100745085,put_call_parity,-0.31754372877028564,put,1.74,1.76,1.75,mid,0.011428571428571439,2.0,132,0.32034673991755674,0.3186319092015927,-17.148307159640662,0.03174780384583163,29.79870224318078,brent
2027-01-29,0.3093663483145294,575.0,783.0371100745085,put_call_parity,-0.308810048801531,put,1.82,1.84,1.83,mid,0.010928961748633888,4.0,43,0.31547894894784384,0.3141066744758011,-13.72274472042745,0.03079029441052866,31.13708044524953,brent
2027-01-29,0.3093663483145294,580.0,783.0371100745085,put_call_parity,-0.3001519860584164,put,1.9,1.92,1.91,mid,0.010471204188481685,11.0,109,0.310500602046655,0.3095861142564319,-9.144877902231286,0.02982620264580058,32.49799746285802,brent
2027-01-29,0.3093663483145294,585.0,783.0371100745085,put_call_parity,-0.29156824236702494,put,1.99,2.01,2.0,mid,0.009999999999999898,3.0,33,0.30571390145769706,0.30507034675864964,-6.435546990474217,0.028913685045240205,33.97937130403766,brent
2027-01-29,0.3093663483145294,590.0,783.0371100745085,put_call_parity,-0.2830575526991163,put,2.09,2.11,2.0999999999999996,mid,0.009523809523809533,1.0,367,0.3010878213965675,0.3005595416320472,-5.282797645203008,0.028045258638488363,35.58002332615011,brent
2027-01-29,0.3093663483145294,595.0,783.0371100745085,put_call_parity,-0.2746186840532517,put,2.19,2.21,2.2,mid,0.009090909090909097,3.0,107,0.29632499601494056,0.296053923318003,-2.7107269693754654,0.027164996005517496,37.20518457155516,brent
2027-01-29,0.3093663483145294,600.0,783.0371100745085,put_call_parity,-0.26625043438273505,put,2.29,2.31,2.3,mid,0.008695652173913052,3.0,542,0.29143477636470494,0.2915537746608992,1.189982961942726,0.026275792233890503,38.85729433709616,brent
2027-01-29,0.3093663483145294,605.0,783.0371100745085,put_call_parity,-0.25795163156803996,put,2.41,2.43,2.42,mid,0.008264462809917363,5.0,271,0.2869175185082121,0.2870594407860147,1.4192227780257527,0.025467552092194624,40.7209889638635,brent
2027-01-29,0.3093663483145294,610.0,783.0371100745085,put_call_parity,-0.2497211324315245,put,2.53,2.55,2.54,mid,0.007874015748031503,9.0,136,0.2822461939786159,0.28257133325705225,3.2513927843635937,0.024645024805043117,42.61191942582545,brent
2027-01-29,0.3093663483145294,615.0,783.0371100745085,put_call_parity,-0.24155782179236357,put,2.66,2.68,2.67,mid,0.007490636704119857,4.0,382,0.27765534703655786,0.27808993452628417,4.3458748972630135,0.02384982265145042,44.62119058495099,brent
2027-01-29,0.3093663483145294,620.0,783.0371100745085,put_call_parity,-0.23346061155974418,put,2.8,2.82,2.8099999999999996,mid,0.007117437722419936,2.0,294,0.27312430794963355,0.2736158026901773,4.914947405437742,0.023077766710265398,46.74763120825923,brent
2027-01-29,0.3093663483145294,625.0,783.0371100745085,put_call_parity,-0.22542843986247993,put,2.95,2.96,2.955,mid,0.003384094754653058,2.0,73,0.26853208191371275,0.2691495765630692,6.174946493564537,0.022308246202325535,48.947786774054805,brent
2027-01-29,0.3093663483145294,630.0,783.0371100745085,put_call_parity,-0.21746027021330305,put,3.1,3.12,3.1100000000000003,mid,0.0064308681672025775,5.0,134,0.2639728734208844,0.26469198108095426,7.1910766006988425,0.021557166236995186,51.26459951092216,brent
2027-01-29,0.3093663483145294,635.0,783.0371100745085,put_call_parity,-0.20955509070618977,put,3.27,3.29,3.2800000000000002,mid,0.006097560975609761,2.0,240,0.25952350290796034,0.2602438330466887,7.203301387283534,0.02083658106154997,53.73768018867847,brent
2027-01-29,0.3093663483145294,640.0,783.0371100745085,put_call_parity,-0.20171191324516388,put,3.45,3.48,3.465,mid,0.008658008658008602,4.0,925,0.2551562977834108,0.25580604722685923,6.497494434484219,0.020141214526658662,56.36329234057961,brent
2027-01-29,0.3093663483145294,645.0,783.0371100745085,put_call_parity,-0.19392977280310894,put,3.65,3.67,3.66,mid,0.005464480874316944,10.0,806,0.2507614072403274,0.2513796428091474,6.182355688199581,0.019453353010769947,59.09913834772332,brent
2027-01-29,0.3093663483145294,650.0,783.0371100745085,put_call_parity,-0.18620772670919863,put,3.86,3.88,3.87,mid,0.005167958656330754,129.0,469,0.2464083425808038,0.24696575022717734,5.574076463735478,0.018783818626397907,61.98196201473494,brent
2027-01-29,0.3093663483145294,655.0,783.0371100745085,put_call_parity,-0.17854485396362949,put,4.08,4.1,4.09,mid,0.004889975550122145,10.0,176,0.2419987751232473,0.24256561835748117,5.668432342338658,0.01811754741830256,64.97178366696873,brent
2027-01-29,0.3093663483145294,660.0,783.0371100745085,put_call_parity,-0.1709402545784102,put,4.32,4.34,4.33,mid,0.004618937644341702,16.0,206,0.23767068700702754,0.23818062209025626,5.099350832287186,0.017475286885345137,68.1385890132054,brent
2027-01-29,0.3093663483145294,665.0,783.0371100745085,put_call_parity,-0.16339304894302728,put,4.58,4.61,4.595000000000001,mid,0.006528835690968497,2.0,261,0.2334655626914711,0.2338122702719028,3.4670758043170435,0.016862374452650167,71.509118995455,brent
2027-01-29,0.3093663483145294,668.0,783.0371100745085,put_call_parity,-0.15889191606223566,put,4.74,4.77,4.755,mid,0.0063091482649840925,2.0,42,0.23083699776276045,0.2311999292030582,3.629314402977535,0.01648480847020307,73.55188175250223,brent
2027-01-29,0.3093663483145294,669.0,783.0371100745085,put_call_parity,-0.15739602947065287,put,4.8,4.83,4.8149999999999995,mid,0.006230529595015628,1.0,12,0.23003125784839398,0.2303306773670782,2.9941951868422967,0.016369928386256307,74.27917866147962,brent
2027-01-29,0.3093663483145294,670.0,783.0371100745085,put_call_parity,-0.15590237721386968,put,4.86,4.88,4.87,mid,0.0041067761806980645,8.0,353,0.22914766113016183,0.22946221401277475,3.145528826129229,0.0162444094914859,74.97465445119431,brent
2027-01-29,0.3093663483145294,671.0,783.0371100745085,put_call_parity,-0.15441095262719956,put,4.91,4.94,4.925000000000001,mid,0.006091370558375684,1.0,2,0.22825427988732291,0.2285945540506321,3.4027416330917326,0.01611799178579968,75.67144117967217,brent
2027-01-29,0.3093663483145294,673.0,783.0371100745085,put_call_parity,-0.1514347599541536,put,5.03,5.06,5.045,mid,0.0059464816650147394,2.0,6,0.22656827493946657,0.22686170522667007,2.934302872034944,0.01588075943674319,77.13281303147298,brent
2027-01-29,0.3093663483145294,674.0,783.0371100745085,put_call_parity,-0.1499499786865743,put,5.09,5.12,5.105,mid,0.005876591576885455,2.0,120,0.22570920447453482,0.22599654747656328,2.873430020284562,0.01576055878504334,77.86496465449272,brent
2027-01-29,0.3093663483145294,675.0,783.0371100745085,put_call_parity,-0.1484673987263516,put,5.15,5.18,5.165,mid,0.005808325266214784,3.0,203,0.2248395843609835,0.2251322553479817,2.9267098699820027,0.01563934710419734,78.598185773756,brent
2027-01-29,0.3093663483145294,676.0,783.0371100745085,put_call_parity,-0.14698701355591726,put,5.22,5.25,5.234999999999999,mid,0.005730659025788014,3.0,3,0.22408553239042622,0.22426884505996877,1.8331266954255132,0.015534622614082378,79.39448859297177,brent
2027-01-29,0.3093663483145294,677.0,783.0371100745085,put_call_parity,-0.14550881668660645,put,5.28,5.31,5.295,mid,0.005665722379603279,1.0,21,0.22319399727260406,0.22340633310225283,2.123358296487743,0.015411258015920328,80.1295436062385,brent
2027-01-29,0.3093663483145294,678.0,783.0371100745085,put_call_parity,-0.1440328016584858,put,5.35,5.38,5.365,mid,0.005591798695247017,15.0,16,0.22241587789761183,0.222544736238279,1.2885834066717061,0.015303989046791209,80.92670301148236,brent
2027-01-29,0.3093663483145294,679.0,783.0371100745085,put_call_parity,-0.1425589620401852,put,5.41,5.44,5.425000000000001,mid,0.005529953917050736,1.0,17,0.2215029278290479,0.22168407150825897,1.81143679211071,0.015178610382145467,81.6638824579373,brent
2027-01-29,0.3093663483145294,680.0,783.0371100745085,put_call_parity,-0.14108729142872903,put,5.48,5.51,5.495,mid,0.005459508644221903,61.0,517,0.22070130413257724,0.22082435623223715,1.2305209965990382,0.01506894576866014,82.46221037962208,brent
2027-01-29,0.3093663483145294,681.0,783.0371100745085,put_call_parity,-0.13961778344936898,put,5.54,5.57,5.555,mid,0.005400540054005446,15.0,107,0.2197673954650868,0.2199656080131713,1.9821254808449762,0.01494168558979948,83.20179901143291,brent
2027-01-29,0.3093663483145294,682.0,783.0371100745085,put_call_parity,-0.13815043175541933,put,5.61,5.64,5.625,mid,0.0053333333333332195,1.0,154,0.21894278297364458,0.2191078447400299,1.6506176638531045,0.01482976739645583,84.00159998315513,brent
2027-01-29,0.3093663483145294,683.0,783.0371100745085,put_call_parity,-0.13668523002809133,put,5.68,5.71,5.695,mid,0.005267778753292405,1.0,7,0.21810629331179202,0.2182510845909019,1.4479127910987932,0.014716667070745289,84.80196194743874,brent
2027-01-29,0.3093663483145294,684.0,783.0371100745085,put_call_parity,-0.13522217197633088,put,5.75,5.78,5.765000000000001,mid,0.005203816131830051,2.0,42,0.21725805846113977,0.21739534603612168,1.3728757498190913,0.014602420795815994,85.6029644573241,brent
2027-01-29,0.3093663483145294,685.0,783.0371100745085,put_call_parity,-0.13376125133665612,put,5.82,5.86,5.84,mid,0.006849315068493157,6.0,343,0.21645606205098974,0.21654064784140553,0.8458579041578651,0.014494811681442114,86.43312710805914,brent
2027-01-29,0.3093663483145294,686.0,783.0371100745085,put_call_parity,-0.13230246187299613,put,5.9,5.93,5.915,mid,0.005071851225697271,3.0,27,0.2156414834245693,0.21568700907100086,0.4552564643156565,0.014385921710758087,87.2635066570613,brent
2027-01-29,0.3093663483145294,687.0,783.0371100745085,put_call_parity,-0.1308457973765321,put,5.97,6.0,5.984999999999999,mid,0.005012531328320844,3.0,24,0.21475769953456375,0.21483444909084587,0.7674955628211855,0.014268244981207183,88.066346428942,brent
2027-01-29,0.3093663483145294,688.0,783.0371100745085,put_call_parity,-0.12939125166553772,put,6.05,6.08,6.0649999999999995,mid,0.004946413849958821,3.0,19,0.2139751462047214,0.21398298757173972,0.07841367018313061,0.014164450617375552,88.92525734752958,brent
2027-01-29,0.3093663483145294,689.0,783.0371100745085,put_call_parity,-0.12793881858522288,put,6.12,6.15,6.135,mid,0.00488997555012229,28.0,113,0.21306793978058702,0.2131326444925226,0.6470471193556482,0.014044597072717003,89.72953921467814,brent
2027-01-29,0.3093663483145294,690.0,783.0371100745085,put_call_parity,-0.12648849200757634,put,6.2,6.23,6.215,mid,0.0048270313757039825,6.0,724,0.2122601141022697,0.21228344014326223,0.23326040992532882,0.01393830160335793,90.5888845233377,brent
2027-01-29,0.3093663483145294,691.0,783.0371100745085,put_call_parity,-0.12504026583121144,put,6.28,6.31,6.295,mid,0.004765687053216737,1.0,2,0.21143932690640907,0.21143539512844983,-0.039317779592373814,0.013830714172969136,91.44826597681543,brent
2027-01-29,0.3093663483145294,692.0,783.0371100745085,put_call_parity,-0.12359413398121186,put,6.36,6.39,6.375,mid,0.004705882352941076,1.0,105,0.21060571760758925,0.21058853037020017,-0.17187237389082455,0.01372187269590738,92.30777178915174,brent
2027-01-29,0.3093663483145294,693.0,783.0371100745085,put_call_parity,-0.12215009040897815,put,6.44,6.47,6.455,mid,0.004647560030983634,1.0,63,0.2097594186898155,0.20974286711145787,-0.16551578357643093,0.01361181420680921,93.16748850483462,brent
2027-01-29,0.3093663483145294,694.0,783.0371100745085,put_call_parity,-0.12070812909207695,put,6.52,6.55,6.535,mid,0.004590665646518783,12.0,39,0.20890055592682663,0.20889842691920685,-0.021290076197832963,0.013500574896481352,94.02750107157829,brent
2027-01-29,0.3093663483145294,695.0,783.0371100745085,put_call_parity,-0.11926824403408927,put,6.6,6.64,6.619999999999999,mid,0.006042296072507559,5.0,423,0.20808193528281022,0.20805523168768256,-0.2670359512765841,0.01339497254638123,94.91333995837778,brent
2027-01-29,0.3093663483145294,696.0,783.0371100745085,put_call_parity,-0.1178304292644617,put,6.69,6.72,6.705,mid,0.004474272930648674,3.0,5,0.20725002220507893,0.20721330364158505,-0.36718563493881584,0.013288080258786231,95.7990386396816,brent
2027-01-29,0.3093663483145294,697.0,783.0371100745085,put_call_parity,-0.11639467883835754,put,6.78,6.81,6.795,mid,0.0044150110375275,1500.0,1504,0.20645665701529317,0.20637266533929244,-0.839916760007331,0.013186539888042024,96.70949736942434,brent
2027-01-29,0.3093663483145294,698.0,783.0371100745085,put_call_parity,-0.1149609868365089,put,6.86,6.9,6.880000000000001,mid,0.005813953488372097,3.0,15,0.20559808015641623,0.20553333967607168,-0.6474048034454949,0.013077092056557604,97.59487775934875,brent
2027-01-29,0.3093663483145294,699.0,783.0371100745085,put_call_parity,-0.1135293473650712,put,6.95,6.99,6.970000000000001,mid,0.0057388809182209516,1.0,25,0.2047773609502123,0.2046953498872873,-0.820110629249915,0.012972896540406304,98.50457136628435,brent
2027-01-29,0.3093663483145294,700.0,783.0371100745085,put_call_parity,-0.11209975455547673,put,7.04,7.08,7.0600000000000005,mid,0.005665722379603404,70.0,2343,0.20394292889574403,0.2038587195516045,-0.8420934413952419,0.012867387360417851,99.4138600280074,brent
2027-01-29,0.3093663483145294,701.0,783.0371100745085,put_call_parity,-0.11067220256429126,put,7.13,7.17,7.15,mid,0.005594405594405599,8.0,54,0.20309491378732156,0.2030234725941869,-0.7144119313465258,0.012760602066165569,100.32283424534398,brent
2027-01-29,0.3093663483145294,702.0,783.0371100745085,put_call_parity,-0.10924668557307031,put,7.23,7.26,7.245,mid,0.0041407867494823135,10.0,35,0.20228282410857945,0.2021896332898848,-0.9319081869466062,0.012658757712399634,101.25481687729062,brent
2027-01-29,0.3093663483145294,703.0,783.0371100745085,put_call_parity,-0.10782319778821647,put,7.32,7.36,7.34,mid,0.005449591280653956,1.0,6,0.201456499761805,0.20135722626641464,-0.9927349539035069,0.01255554702479248,102.18603064440116,brent
2027-01-29,0.3093663483145294,704.0,783.0371100745085,put_call_parity,-0.10640173344083904,put,7.42,7.45,7.4350000000000005,mid,0.004034969737727,1.0,121,0.2006160734389568,0.20052627650752644,-0.8979693143035261,0.012451008307531842,103.11656855557153,brent
2027-01-29,0.3093663483145294,705.0,783.0371100745085,put_call_parity,-0.10498228678661274,put,7.52,7.55,7.535,mid,0.003981420039814233,3.0,313,0.19980972030783356,0.19969680935615702,-1.1291095167653697,0.012351118680201365,104.06878118848513,brent
2027-01-29,0.3093663483145294,706.0,783.0371100745085,put_call_parity,-0.10356485210563927,put,7.62,7.65,7.635,mid,0.003929273084479404,1.0,27,0.19898864677952727,0.1988688505175681,-1.1979626195915416,0.01224981890234466,105.019854398237,brent
2027-01-29,0.3093663483145294,707.0,783.0371100745085,put_call_parity,-0.10214942370230867,put,7.72,7.76,7.74,mid,0.005167958656330754,12.0,37,0.1982001650443843,0.19804242606246641,-1.577389819178987,0.012152932748630035,105.99147369577037,brent
2027-01-29,0.3093663483145294,708.0,783.0371100745085,put_call_parity,-0.10073599590516161,put,7.82,7.86,7.84,mid,0.005102040816326535,6.0,48,0.19734962515084928,0.1972175624301024,-1.320627207468672,0.012048852356925393,106.94022677519074,brent
2027-01-29,0.3093663483145294,709.0,783.0371100745085,put_call_parity,-0.09932456306675394,put,7.93,7.96,7.945,mid,0.0037759597230963182,2.0,4,0.19653108925074608,0.19639428643134954,-1.3680281939654204,0.01194911094313734,107.90905359253773,brent
2027-01-29,0.3093663483145294,710.0,783.0371100745085,put_call_parity,-0.0979151195635203,put,8.03,8.07,8.05,mid,0.004968944099378997,491.0,760,0.1956975119876654,0.19557262525175467,-1.2488673591073973,0.011847962735742056,108.87645791773532,brent
2027-01-29,0.3093663483145294,711.0,783.0371100745085,put_call_parity,-0.09650765979564047,put,8.14,8.18,8.16,mid,0.004901960784313621,1.0,2,0.19489453329325565,0.19475260645456494,-1.4192683869071465,0.011750933974337501,109.86279650676781,brent
2027-01-29,0.3093663483145294,712.0,783.0371100745085,put_call_parity,-0.09510217818690565,put,8.25,8.29,8.27,mid,0.004836759371221179,2.0,6,0.1940759531285733,0.19393425798372207,-1.416951448512116,0.011652430638569824,110.84723125078693,brent
2027-01-29,0.3093663483145294,713.0,783.0371100745085,put_call_parity,-0.09369866918458543,put,8.36,8.4,8.379999999999999,mid,0.0047732696897375805,2.0,12,0.19324190202061736,0.1931176081668254,-1.2429385379195135,0.011552492040511484,111.82985583081455,brent
2027-01-29,0.3093663483145294,714.0,783.0371100745085,put_call_parity,-0.09229712725929706,put,8.47,8.52,8.495000000000001,mid,0.005885815185403052,2.0,178,0.19243681972968132,0.19230268571805895,-1.341340116223777,0.011456432827579442,112.83001197926876,brent
2027-01-29,0.3093663483145294,715.0,783.0371100745085,put_call_parity,-0.09089754690487374,put,8.59,8.63,8.61,mid,0.0046457607433218265,23.0,532,0.1916157308667758,0.19148951974107964,-1.2621112569616288,0.011358876849767769,113.82786678721732,brent
2027-01-29,0.3093663483145294,716.0,783.0371100745085,put_call_parity,-0.08949992263823574,put,8.71,8.75,8.73,mid,0.004581901489117886,2.0,21,0.19082230321093518,0.19067813973186534,-1.4416347906984206,0.011265003680085454,114.84207563356343,brent
2027-01-29,0.3093663483145294,717.0,783.0371100745085,put_call_parity,-0.08810424899926106,put,8.83,8.87,8.85,mid,0.004519774011299339,1.0,11,0.1900123584239039,0.18986857558151662,-1.4378284238728,0.01116957806798438,115.85348365104385,brent
2027-01-29,0.3093663483145294,718.0,783.0371100745085,put_call_parity,-0.08671052055065719,put,8.95,8.99,8.969999999999999,mid,0.004459308807134997,1.0,68,0.1891860262566899,0.1890608575790119,-1.2516867767800588,0.011072640033690646,116.86218268990953,brent
2027-01-29,0.3093663483145294,719.0,783.0371100745085,put_call_parity,-0.08531873187783476,put,9.08,9.12,9.1,mid,0.004395604395604302,1.0,113,0.18842825444128125,0.18825501641391051,-1.732380273707368,0.01098411625795033,117.90330750851841,brent
2027-01-29,0.3093663483145294,720.0,783.0371100745085,put_call_parity,-0.0839288775887804,put,9.2,9.24,9.219999999999999,mid,0.004338394793926348,8.0,545,0.18756878165480997,0.18745108317900067,-1.1769847580930803,0.01088414167003624,118.90617542837762,brent
2027-01-29,0.3093663483145294,721.0,783.0371100745085,put_call_parity,-0.08254095231393227,put,9.33,9.37,9.35,mid,0.0042780748663100695,2.0,117,0.1867766525372005,0.1866490893728897,-1.275631643107844,0.010792405291993898,119.94025981121337,brent
2027-01-29,0.3093663483145294,722.0,783.0371100745085,put_call_parity,-0.08115495070605519,put,9.46,9.5,9.48,mid,0.004219409282700331,1.0,9,0.18596717300960364,0.18584906690253108,-1.1810610707255198,0.010699060649060161,120.9706035049105,brent
2027-01-29,0.3093663483145294,723.0,783.0371100745085,put_call_parity,-0.07977086744011667,put,9.59,9.63,9.61,mid,0.004162330905307069,42.0,47,0.18514046591588482,0.1850510480856845,-0.8941783020030569,0.010604147883231366,121.99729076872183,brent
2027-01-29,0.3093663483145294,724.0,783.0371100745085,put_call_parity,-0.07838869721316508,put,9.72,9.77,9.745000000000001,mid,0.00513083632632108,2.0,6,0.18433728445629227,0.18425506565330713,-0.8221880298514561,0.010512341043797157,123.0361876857976,brent
2027-01-29,0.3093663483145294,725.0,783.0371100745085,put_call_parity,-0.07700843474420661,put,9.86,9.91,9.885,mid,0.005058168942842763,1.0,281,0.18355671326446005,0.18346115275186792,-0.9556051259212994,0.010423501096496502,124.08632337176716,brent
2027-01-29,0.3093663483145294,726.0,783.0371100745085,put_call_parity,-0.07563007477408526,put,10.01,10.05,10.030000000000001,mid,0.0039880358923231225,12.0,167,0.1827978537764797,0.18266934294558423,-1.285108308954619,0.010337493650899414,125.146713433495,brent
2027-01-29,0.3093663483145294,727.0,783.0371100745085,put_call_parity,-0.07425361206536205,put,10.15,10.19,10.17,mid,0.0039331366764994245,1.0,25,0.18198058672580614,0.18187967021857376,-1.0091650723237366,0.01024526492195937,126.18694963638367,brent
2027-01-29,0.3093663483145294,728.0,783.0371100745085,put_call_parity,-0.0728790414021954,put,10.29,10.34,10.315,mid,0.004847309743092653,3.0,7,0.18118461242049788,0.18109216897691788,-0.9244344358000367,0.010155836339956165,127.23688939568866,brent
2027-01-29,0.3093663483145294,729.0,783.0371100745085,put_call_parity,-0.0715063575902233,put,10.44,10.48,10.46,mid,0.0038240917782027648,6.0,37,0.18037009374486423,0.18030687405063167,-0.6321969423256357,0.010064730097245442,128.28153636186232,brent
2027-01-29,0.3093663483145294,730.0,783.0371100745085,put_call_parity,-0.07013555545644458,put,10.59,10.63,10.61,mid,0.003770028275212151,311.0,1480,0.17957579838166327,0.1795238206955351,-0.5197768612816289,0.009976281220920032,129.3346171347631,brent
2027-01-29,0.3093663483145294,731.0,783.0371100745085,put_call_parity,-0.06876662984910284,put,10.74,10.79,10.765,mid,0.004644681839293909,1.0,11,0.17880088882769374,0.17874304459502008,-0.5784423267365946,0.009890367241184786,130.3951361300695,brent
2027-01-29,0.3093663483145294,732.0,783.0371100745085,put_call_parity,-0.06739957563756985,put,10.9,10.95,10.925,mid,0.004576659038901504,1.0,7,0.178044544351273,0.17796458186170874,-0.7996248956426699,0.009806869860133748,131.462088320334,brent
2027-01-29,0.3093663483145294,733.0,783.0371100745085,put_call_parity,-0.06603438771222987,put,11.06,11.1,11.08,mid,0.0036101083032490204,42.0,53,0.17723050217676145,0.17718846903899554,-0.4203313776590667,0.009717398367680713,132.5092948558665,brent
2027-01-29,0.3093663483145294,734.0,783.0371100745085,put_call_parity,-0.06467106098436586,put,11.22,11.27,11.245000000000001,mid,0.004446420631391635,1.0,14,0.17647207259986664,0.1764147431024697,-0.5732949739692406,0.009634408216945986,133.57457623385704,brent
2027-01-29,0.3093663483145294,735.0,783.0371100745085,put_call_parity,-0.06330959038604471,put,11.38,11.43,11.405000000000001,mid,0.004384042086803939,1.0,533,0.17565616368482684,0.1756434414612096,-0.12722223617228634,0.009545525852130454,134.62021777400886,brent
2027-01-29,0.3093663483145294,736.0,783.0371100745085,put_call_parity,-0.0619499708700051,put,11.55,11.6,11.575,mid,0.004319654427645697,1.0,258,0.1748943036255122,0.174874601958945,-0.19701666567201181,0.00946290325779591,135.68190856687667,brent
2027-01-29,0.3093663483145294,737.0,783.0371100745085,put_call_parity,-0.06059219740954481,put,11.73,11.77,11.75,mid,0.0034042553191488637,1.0,3,0.17414830112465104,0.17410826287507916,-0.4003824957188318,0.00938234838886367,136.74639070528806,brent
2027-01-29,0.3093663483145294,738.0,783.0371100745085,put_call_parity,-0.059236264998408866,put,11.9,11.95,11.925,mid,0.004192872117400329,146.0,148,0.17338113294215177,0.17334446292556446,-0.3667001658730351,0.00929986713644032,137.80182627483677,brent
2027-01-29,0.3093663483145294,739.0,783.0371100745085,put_call_parity,-0.05788216865067966,put,12.08,12.13,12.105,mid,0.00413052457662129,1.0,28,0.17262891262074814,0.17258324126362634,-0.4567135712180148,0.009219346566450388,138.85871136968478,brent
2027-01-29,0.3093663483145294,740.0,783.0371100745085,put_call_parity,-0.05652990340066595,put,12.26,12.31,12.285,mid,0.004070004070004128,1.0,819,0.17185518341759995,0.1718246374803249,-0.30545937275056056,0.009136888862737643,139.90590850209858,brent
2027-01-29,0.3093663483145294,741.0,783.0371100745085,put_call_parity,-0.055179464302794454,put,12.44,12.49,12.465,mid,0.0040112314480546096,1.0,390,0.17106003813134998,0.17106869160495192,0.08653473601932804,0.009052534738089783,140.94343386749793,brent
2027-01-29,0.3093663483145294,742.0,783.0371100745085,put_call_parity,-0.05383084643150096,put,12.64,12.68,12.66,mid,0.003159557661927263,2.0,370,0.17034919840755766,0.17031544410525098,-0.3375430230667664,0.008977455470578688,141.99953709370087,brent
2027-01-29,0.3093663483145294,743.0,783.0371100745085,put_call_parity,-0.0524840448811222,put,12.82,12.88,12.850000000000001,mid,0.004669260700389143,231.0,239,0.1695806019232295,0.16956493588745583,-0.15666035773659326,0.00889662768069519,143.03483241713914,brent
2027-01-29,0.3093663483145294,744.0,783.0371100745085,put_call_parity,-0.05113905476578957,put,13.03,13.07,13.05,mid,0.003065134099616929,4.0,23,0.1688592166186207,0.16881720829613914,-0.4200832248155151,0.008821097275317036,144.07651175543995,brent
2027-01-29,0.3093663483145294,745.0,783.0371100745085,put_call_parity,-0.04979587121932187,put,13.23,13.27,13.25,mid,0.0030188679245282376,1.0,4064,0.16811471886411355,0.16807230311386134,-0.4241575025221156,0.0087434845786604,145.10575420568802,brent
2027-01-29,0.3093663483145294,746.0,783.0371100745085,put_call_parity,-0.04845448939512049,put,13.43,13.48,13.455,mid,0.0037160906726124644,1.0,10,0.1673814110252582,0.16733026256061406,-0.5114846464412959,0.008667373668872993,146.13057385509904,brent
2027-01-29,0.3093663483145294,747.0,783.0371100745085,put_call_parity,-0.0471149044660641,put,13.63,13.69,13.66,mid,0.004392386530014548,1.0,153,0.16662467462460212,0.16659112929304748,-0.3354533155464079,0.008589179912681792,147.1422345137482,brent
2027-01-29,0.3093663483145294,748.0,783.0371100745085,put_call_parity,-0.04577711162440412,put,13.84,13.9,13.870000000000001,mid,0.004325883201153604,1.0,254,0.16587832805838296,0.16585494640347342,-0.23381654909532257,0.008512406794215808,148.14804986277434,brent
2027-01-29,0.3093663483145294,749.0,783.0371100745085,put_call_parity,-0.04444110608166195,put,14.06,14.11,14.085,mid,0.003549875754348522,6.0,181,0.16514174660873526,0.16512175741863594,-0.19989190099323206,0.008436976086824038,149.14696488464037,brent
2027-01-29,0.3093663483145294,750.0,783.0371100745085,put_call_parity,-0.04310688306852526,put,14.28,14.33,14.305,mid,0.003495281370150347,55.0,993,0.16441431884902333,0.16439160629823862,-0.2271255078470369,0.008362812239598703,150.13792351105647,brent
2027-01-29,0.3093663483145294,751.0,783.0371100745085,put_call_parity,-0.041774437834746596,put,14.5,14.56,14.530000000000001,mid,0.004129387474191362,1.0,117,0.16369544637902542,0.16366453743322165,-0.309089458037648,0.008289842284455548,151.11986917129536,brent
2027-01-29,0.3093663483145294,752.0,783.0371100745085,put_call_parity,-0.040443765649041584,put,14.73,14.79,14.76,mid,0.004065040650406418,1.0,209,0.16298454352653433,0.16294059564377525,-0.43947882759076684,0.008217995743919378,152.0917452677018,brent
2027-01-29,0.3093663483145294,753.0,783.0371100745085,put_call_parity,-0.03911486179898778,put,14.95,15.02,14.985,mid,0.004671338004671357,1.0,150,0.1622156975142809,0.1622198261770835,0.04128662802610483,0.008140645213521164,153.04104210434352,brent
2027-01-29,0.3093663483145294,754.0,783.0371100745085,put_call_parity,-0.037787721590925354,put,15.21,15.26,15.235,mid,0.0032819166393172916,5.0,37,0.16158436562026157,0.16150227470478648,-0.8209091547509151,0.008077402902747473,154.00106459148714,brent
2027-01-29,0.3093663483145294,755.0,783.0371100745085,put_call_parity,-0.03646234034985668,put,15.45,15.5,15.475,mid,0.0032310177705977845,1.0,178,0.16086170791960713,0.16078798732014954,-0.7372059945759402,0.008005314932275713,154.93129940753235,brent
2027-01-29,0.3093663483145294,756.0,783.0371100745085,put_call_parity,-0.035138713419348336,put,15.7,15.75,15.725,mid,0.003179650238473813,1.0,22,0.16017726000792876,0.1600770105349325,-1.0024947299624998,0.007937336487519781,155.85264924734625,brent
2027-01-29,0.3093663483145294,757.0,783.0371100745085,put_call_parity,-0.03381683616143263,put,15.93,16.0,15.965,mid,0.004384591293454449,3.0,306,0.1594023338111297,0.1593693912759438,-0.3294253518590362,0.007860721725983413,156.74515966977876,brent
2027-01-29,0.3093663483145294,758.0,783.0371100745085,put_call_parity,-0.0324967039565097,put,16.18,16.26,16.22,mid,0.004932182490752272,1.0,117,0.15869661849142144,0.15866517688127188,-0.31441610149562926,0.0077912729085567005,157.63144156353908,brent
2027-01-29,0.3093663483145294,759.0,783.0371100745085,put_call_parity,-0.031178312203251502,put,16.45,16.53,16.490000000000002,mid,0.004851425106125035,1.0,135,0.1580585147606324,0.15796441509618225,-0.9409966445014795,0.007728742967898152,158.5086722757055,brent
2027-01-29,0.3093663483145294,760.0,783.0371100745085,put_call_parity,-0.02986165631850462,put,16.73,16.79,16.759999999999998,mid,0.003579952267303027,52.0,275,0.15739236712287324,0.1572671540686678,-1.2521305420543083,0.007663733694936861,159.36317864013716,brent
2027-01-29,0.3093663483145294,761.0,783.0371100745085,put_call_parity,-0.028546731737195612,put,16.98,17.07,17.025,mid,0.005286343612334794,2.0,153,0.1566669815203523,0.15657344234464168,-0.9353917571061632,0.007593255669492911,160.1913947342759,brent
2027-01-29,0.3093663483145294,762.0,783.0371100745085,put_call_parity,-0.02723353391223513,put,17.29,17.35,17.32,mid,0.003464203233256482,1.0,63,0.15610020240181935,0.1558833288627617,-2.1687353905763818,0.007538414325138485,161.01553954696135,brent
2027-01-29,0.3093663483145294,763.0,783.0371100745085,put_call_parity,-0.025922058314424352,put,17.57,17.63,17.6,mid,0.003409090909090836,4.0,114,0.15541112515891217,0.15519686294887414,-2.1426221003803536,0.007472007178187138,161.8051151037874,brent
2027-01-29,0.3093663483145294,764.0,783.0371100745085,put_call_parity,-0.024612300432360932,put,17.86,17.92,17.89,mid,0.0033538289547234363,3.0,12,0.1547548677374157,0.1545140943100643,-2.4077342735140395,0.007409036049418427,162.57507505692925,brent
2027-01-29,0.3093663483145294,765.0,783.0371100745085,put_call_parity,-0.02330425577234554,put,18.16,18.22,18.189999999999998,mid,0.003298515667949353,1.0,227,0.15413053225930012,0.1538350730283038,-2.954592309963311,0.007349375332644972,163.3236185033441,brent
2027-01-29,0.3093663483145294,766.0,783.0371100745085,put_call_parity,-0.02199791985829015,put,18.46,18.53,18.495,mid,0.003784806704514749,1.0,118,0.15350678199663848,0.15315984955368123,-3.4693244295724845,0.007290011378114512,164.04689063542725,brent
2027-01-29,0.3093663483145294,767.0,783.0371100745085,put_call_parity,-0.020693288231625213,put,18.77,18.83,18.799999999999997,mid,0.0031914893617020603,1.0,33,0.1528528372758533,0.15248847469720372,-3.6436257864957966,0.007228032226060148,164.74199275135774,brent
2027-01-29,0.3093663483145294,768.0,783.0371100745085,put_call_parity,-0.01939035645120919,put,19.08,19.15,19.115,mid,0.0036620455139942604,3.0,167,0.15222909737770984,0.15182099962315956,-4.080977545502796,0.00716916235456168,165.41187554211376,brent
2027-01-29,0.3093663483145294,769.0,783.0371100745085,put_call_parity,-0.01808912009323745,put,19.4,19.47,19.435,mid,0.0036017494211474294,1.0,74,0.1516046632160769,0.15115747584102635,-4.471873750505617,0.007110468077940471,166.05341338925555,brent
2027-01-29,0.3093663483145294,770.0,783.0371100745085,put_call_parity,-0.016789574751151844,put,19.73,19.8,19.765,mid,0.0035416139640779298,234.0,521,0.1510091189218999,0.1504979551969158,-5.1116372498408165,0.00705471410209062,166.66684731090808,brent
2027-01-29,0.3093663483145294,771.0,783.0371100745085,put_call_parity,-0.015491716035551955,put,20.07,20.14,20.105,mid,0.0034817209649341103,24.0,117,0.15044173814203046,0.1498424898645408,-5.9924827748966685,0.0070018008793058814,167.2506017187202,brent
2027-01-29,0.3093663483145294,772.0,783.0371100745085,put_call_parity,-0.014195539574105229,put,20.41,20.48,20.445,mid,0.0034238200048911853,1.0,405,0.14984224079705744,0.1491911323356941,-6.511084613633478,0.0069461089200179,167.8013483564812,brent
2027-01-29,0.3093663483145294,773.0,783.0371100745085,put_call_parity,-0.012901041011459393,put,20.75,20.82,20.785,mid,0.0033678133269184644,1.0,682,0.14921053214087623,0.1485439354102248,-6.665967306514475,0.006887665215986018,168.31860260002222,brent
2027-01-29,0.3093663483145294,774.0,783.0371100745085,put_call_parity,-0.011608216009154305,put,21.11,21.19,21.15,mid,0.003782505910165572,11.0,493,0.1486945812077001,0.14790095218550312,-7.936290221969844,0.006840114240470253,168.80482963195368,brent
2027-01-29,0.3093663483145294,775.0,783.0371100745085,put_call_parity,-0.01031706024553438,put,21.47,21.55,21.509999999999998,mid,0.0037192003719201234,13.0,440,0.14811578808589804,0.14726223604535965,-8.535520405383856,0.00678696763856375,169.25455414409265,brent
2027-01-29,0.3093663483145294,776.0,783.0371100745085,put_call_parity,-0.009027569415662693,put,21.84,21.92,21.880000000000003,mid,0.0036563071297989872,2.0,294,0.14756266584099803,0.14662784064848822,-9.34825192509814,0.006736371907608107,169.6686618678388,brent
2027-01-29,0.3093663483145294,777.0,783.0371100745085,put_call_parity,-0.007739739231233957,put,22.2,22.3,22.25,mid,0.004494382022471974,4.0,681,0.14697584320458043,0.145997819916301,-9.780232882794227,0.00668290045118137,170.0453661417473,brent
2027-01-29,0.3093663483145294,778.0,783.0371100745085,put_call_parity,-0.00645356542048975,put,22.59,22.69,22.64,mid,0.004416961130742112,4.0,907,0.14647252902907545,0.14537222802022431,-11.0030100885114,0.0066372080545479785,170.38463007416055,brent
2027-01-29,0.3093663483145294,779.0,783.0371100745085,put_call_parity,-0.005169043728133155,put,22.98,23.08,23.03,mid,0.004342162396873551,12.0,980,0.14593471328916466,0.14475111936842536,-11.83593920739301,0.006588556725994808,170.68445716613564,brent
2027-01-29,0.3093663483145294,780.0,783.0371100745085,put_call_parity,-0.0038861699152439536,put,23.38,23.48,23.43,mid,0.004268032437046583,67.0,982,0.145420718038202,0.14413454859195685,-12.861694462451556,0.006542227473204381,170.94421330258922,brent
2027-01-29,0.3093663483145294,785.0,783.0371100745085,put_call_parity,0.002503628183527059,call,22.88,22.93,22.905,mid,0.0021829294913774592,241.0,1026,0.1389035905269619,0.14112168865754723,22.18098130585322,0.0059689785059197295,171.6114616789508,brent
2027-01-29,0.3093663483145294,790.0,783.0371100745085,put_call_parity,0.008852855862185807,call,20.12,20.17,20.145000000000003,mid,0.0024820054604120477,120.0,2236,0.13591574991891459,0.1382305714119887,23.14821493074104,0.005714952728270316,171.07594208140046,brent
2027-01-29,0.3093663483145294,795.0,783.0371100745085,put_call_parity,0.015162025055450529,call,17.57,17.61,17.59,mid,0.0022740193291642496,496.0,1972,0.13313563016653387,0.1354681784382914,23.32548271757523,0.005483548229182326,169.21775838190166,brent
2027-01-29,0.3093663483145294,800.0,783.0371100745085,put_call_parity,0.021431638069045928,call,15.22,15.27,15.245000000000001,mid,0.003279763857002226,118.0,2914,0.13055900690060745,0.13284149474450968,22.824878439022257,0.0052733518201242965,165.96192793439033,brent
2027-01-29,0.3093663483145294,805.0,783.0371100745085,put_call_parity,0.027662187819682004,call,13.1,13.14,13.120000000000001,mid,0.0030487804878049484,44.0,2689,0.12822935747963518,0.13035743546267198,21.28077983036797,0.0050868391293556105,161.29487558550557,brent
2027-01-29,0.3093663483145294,810.0,783.0371100745085,put_call_parity,0.033854158067603085,call,11.19,11.23,11.21,mid,0.003568242640499636,11.0,1251,0.12612004916795452,0.1280227624000895,19.027132321349782,0.004920863675890739,155.2614973504394,brent
2027-01-29,0.3093663483145294,815.0,783.0371100745085,put_call_parity,0.04000802364198135,call,9.49,9.53,9.51,mid,0.004206098843322729,30.0,1738,0.124223345073244,0.1258439911540086,16.206460807646067,0.00477396807534392,147.97108691070926,brent
2027-01-29,0.3093663483145294,820.0,783.0371100745085,put_call_parity,0.046124250659417436,call,7.99,8.03,8.01,mid,0.00499375780274646,51.0,972,0.12251764548059427,0.12382729015500017,13.096446744059048,0.004643766295604585,139.58437168673527,brent
2027-01-29,0.3093663483145294,825.0,783.0371100745085,put_call_parity,0.05220329673579962,call,6.69,6.72,6.705,mid,0.004474272930648674,96.0,804,0.12103690350174366,0.12197837373939384,9.414702376501772,0.00453219596877031,130.33919646407813,brent
2027-01-29,0.3093663483145294,830.0,783.0371100745085,put_call_parity,0.05824561119176225,call,5.56,5.59,5.574999999999999,mid,0.005381165919282557,55.0,1324,0.11972279158720213,0.12030239211795385,5.796005307517199,0.00443431703977941,120.45631833591537,brent
2027-01-29,0.3093663483145294,835.0,783.0371100745085,put_call_parity,0.06425163525197412,call,4.59,4.62,4.605,mid,0.006514657980456079,3.0,827,0.11855976625528765,0.1188038218382416,2.440555829539559,0.0043485827610296604,110.18555937126521,brent
2027-01-29,0.3093663483145294,840.0,783.0371100745085,put_call_parity,0.07022180223847795,call,3.77,3.8,3.785,mid,0.007926023778071282,7.0,675,0.11758965495934275,0.11748636094710856,-1.0329401223418966,0.0042777096465421455,99.82881214204598,brent
2027-01-29,0.3093663483145294,845.0,783.0371100745085,put_call_parity,0.0761565377582925,call,3.08,3.1,3.09,mid,0.00647249190938512,3.0,318,0.11671483218636554,0.11635283345571065,-3.619987306548861,0.004214297309872347,89.54055875683066,brent
2027-01-29,0.3093663483145294,850.0,783.0371100745085,put_call_parity,0.08205625988548078,call,2.49,2.52,2.505,mid,0.01197604790419154,84.0,1224,0.11591653681568831,0.11540510780646422,-5.114290092240875,0.004156845335470781,79.508527000054,brent
2027-01-29,0.3093663483145294,855.0,783.0371100745085,put_call_parity,0.08792137933787886,call,2.01,2.04,2.025,mid,0.014814814814814939,1.0,1178,0.11530686174240196,0.11464403377547361,-6.628279669283477,0.004113233607909762,70.03732651481619,brent
2027-01-29,0.3093663483145294,860.0,783.0371100745085,put_call_parity,0.09375229964867206,call,1.62,1.64,1.63,mid,0.012269938650306624,70.0,148,0.1148111858956228,0.11406940158846428,-7.417843071585162,0.004077946057711212,61.186855871813705,brent
2027-01-29,0.3093663483145294,865.0,783.0371100745085,put_call_parity,0.09954941733299796,call,1.3,1.32,1.31,mid,0.015267175572519097,1.0,600,0.11447594814890986,0.113679926005214,-7.9602214369586815,0.004054166396121066,53.10707470031944,brent
2027-01-29,0.3093663483145294,870.0,783.0371100745085,put_call_parity,0.10531312204974805,call,1.04,1.06,1.05,mid,0.019047619047619063,255.0,235,0.11424475161326916,0.11347325681115308,-7.714948021160795,0.004037807278904733,45.78828961241572,brent
2027-01-29,0.3093663483145294,875.0,783.0371100745085,put_call_parity,0.11104379675873308,call,0.84,0.85,0.845,mid,0.011834319526627229,3.0,335,0.1142421635771541,0.11344601566521267,-7.961479119414222,0.004037624340563113,39.381329161777956,brent
2027-01-29,0.3093663483145294,880.0,783.0371100745085,put_call_parity,0.1167418178733708,call,0.68,0.69,0.685,mid,0.014598540145985252,1.0,306,0.11449207662921534,0.11359385773958258,-8.982188896327624,0.004055308857051026,33.87811921216791,brent
2027-01-29,0.3093663483145294,885.0,783.0371100745085,put_call_parity,0.12240755540904817,call,0.55,0.56,0.555,mid,0.018018018018018032,5.0,1688,0.11480147692914634,0.11391155520557207,-8.899217235742718,0.004077256386801719,29.034482897789708,brent
2027-01-29,0.3093663483145294,890.0,783.0371100745085,put_call_parity,0.12804137312730418,call,0.45,0.46,0.455,mid,0.021978021978021997,16.0,191,0.11538276709807924,0.11439309850749217,-9.896685905870644,0.0041186507915840324,24.989889583492484,brent
2027-01-29,0.3093663483145294,895.0,783.0371100745085,put_call_parity,0.133643628675974,call,0.37,0.38,0.375,mid,0.02666666666666669,2.0,23,0.11608340241127581,0.11503181062104888,-10.515917902269301,0.004168821775525684,21.528695176802152,brent
2027-01-29,0.3093663483145294,900.0,783.0371100745085,put_call_parity,0.1392146737254294,call,0.31,0.32,0.315,mid,0.03174603174603177,187.0,491,0.11711617166641568,0.11582046915962042,-12.957025067952543,0.004243329984627998,18.73999299145882,brent
2027-01-29,0.3093663483145294,905.0,783.0371100745085,put_call_parity,0.14475485410104477,call,0.26,0.27,0.265,mid,0.03773584905660381,1.0,154,0.11815991328268656,0.11675143126216496,-14.084820205216008,0.004319300287169145,16.30495793415537,brent
2027-01-29,0.3093663483145294,910.0,783.0371100745085,put_call_parity,0.15026450991201437,call,0.22,0.23,0.225,mid,0.04444444444444448,1.0,102,0.11933323739108204,0.11781675661503906,-15.164807760429804,0.004405507212218681,14.256285443333846,brent
2027-01-29,0.3093663483145294,915.0,783.0371100745085,put_call_parity,0.15574397567663997,call,0.18,0.2,0.19,mid,0.10526315789473693,1.0,361,0.12039880193323224,0.11900832463954555,-13.904772936866872,0.004484534833744135,12.405472224873115,brent
2027-01-29,0.3093663483145294,920.0,783.0371100745085,put_call_parity,0.16119358044420465,call,0.16,0.17,0.165,mid,0.060606060606060656,1.0,119,0.12186383717307087,0.12031794271604353,-15.458944570273387,0.004594336160106587,10.99580372234725,brent
2027-01-29,0.3093663483145294,925.0,783.0371100745085,put_call_parity,0.16661364791354386,call,0.14,0.15,0.14500000000000002,mid,0.06896551724137917,4.0,56,0.12346538501451684,0.1217374432143791,-17.279418001377444,0.004715888204983176,9.82289925205566,brent
2027-01-29,0.3093663483145294,930.0,783.0371100745085,put_call_parity,0.1720044965484203,call,0.12,0.13,0.125,mid,0.08000000000000007,12.0,932,0.1247460804056441,0.1232587679740716,-14.873124315724906,0.004814230594441604,8.653247903393156,brent
2027-03-19,0.4436129236569952,530.0,786.8189009234277,put_call_parity,-0.3951211022061633,put,2.15,2.16,2.1550000000000002,mid,0.004640371229698482,2.0,3369,0.33475525946428225,0.33307538159661454,-16.798778676677117,0.04971174498562868,34.84395053303682,brent
2027-03-19,0.4436129236569952,535.0,786.8189009234277,put_call_parity,-0.3857313618563243,put,2.23,2.25,2.24,mid,0.008928571428571435,8.0,8185,0.33033391408116136,0.32900410894997184,-13.29805131189521,0.04840726172565693,36.20345039659881,brent
2027-03-19,0.4436129236569952,540.0,786.8189009234277,put_call_parity,-0.37642896919401075,put,2.32,2.34,2.33,mid,0.00858369098712447,6.0,2158,0.32597100891141123,0.32494360976016495,-10.273991512462777,0.04713702219175714,37.62825517433462,brent
2027-03-19,0.4436129236569952,545.0,786.8189009234277,put_call_parity,-0.3672123140890866,put,2.42,2.43,2.425,mid,0.004123711340206281,2.0,1622,0.3216569146714797,0.32089384591861025,-7.6306875286946685,0.04589759966988125,39.118477368131515,brent
2027-03-19,0.4436129236569952,550.0,786.8189009234277,put_call_parity,-0.3580798305258141,put,2.51,2.53,2.5199999999999996,mid,0.007936507936507945,24.0,5266,0.3172597431052402,0.31685480931015264,-4.049337950875476,0.04465130191690248,40.6291926197754,brent
2027-03-19,0.4436129236569952,555.0,786.8189009234277,put_call_parity,-0.34902999500589615,put,2.62,2.63,2.625,mid,0.0038095238095237284,4.0,4383,0.31302201013568054,0.3128265228764725,-1.954872592080381,0.043466426984538925,42.25115193606468,brent
2027-03-19,0.4436129236569952,560.0,786.8189009234277,put_call_parity,-0.3400613250231358,put,2.73,2.74,2.7350000000000003,mid,0.0036563071297989872,1.0,8978,0.30880828264647964,0.30880904175960183,0.007591131221951208,0.04230406202217837,43.9390290869269,brent
2027-03-19,0.4436129236569952,565.0,786.8189009234277,put_call_parity,-0.33117237760588975,put,2.84,2.86,2.8499999999999996,mid,0.00701754385964913,35.0,2106,0.3046116277221674,0.30480245452728705,1.9082680511967043,0.041162064088073345,45.69306119224186,brent
2027-03-19,0.4436129236569952,570.0,786.8189009234277,put_call_parity,-0.32236174792373484,put,2.96,2.98,2.9699999999999998,mid,0.006734006734006741,5.0,1996,0.3004256732810984,0.3008068844819047,3.8121120080625293,0.040038544012040204,47.513538513523244,brent
2027-03-19,0.4436129236569952,575.0,786.8189009234277,put_call_parity,-0.31362806795498027,put,3.09,3.11,3.0999999999999996,mid,0.0064516129032258125,13.0,6484,0.29634572929817504,0.2968224910545892,4.7676175641414575,0.038958437974604805,49.44326813598043,brent
2027-03-19,0.4436129236569952,580.0,786.8189009234277,put_call_parity,-0.3049700052118657,put,3.22,3.24,3.2300000000000004,mid,0.0061919504643962895,5.0,3524,0.29216021441136386,0.2928494712861428,6.892568747789429,0.03786573044876555,51.39719251731372,brent
2027-03-19,0.4436129236569952,585.0,786.8189009234277,put_call_parity,-0.2963862615204742,put,3.37,3.39,3.38,mid,0.0059171597633136145,33.0,7248,0.28824980933820815,0.28888806139618195,6.3825205797379825,0.036858889566246146,53.542533362729074,brent
2027-03-19,0.4436129236569952,590.0,786.8189009234277,put_call_parity,-0.28787557185256557,put,3.52,3.54,3.5300000000000002,mid,0.005665722379603404,10.0,2087,0.28421804028727876,0.2849385384418172,7.2049815453845145,0.035835005138462855,55.71180696826634,brent
2027-03-19,0.4436129236569952,595.0,786.8189009234277,put_call_parity,-0.27943670320670094,put,3.68,3.7,3.6900000000000004,mid,0.00542005420054201,4.0,2406,0.2802451001872151,0.28100122206696304,7.5612187974793965,0.03484016844631439,57.98733713074664,brent
2027-03-19,0.4436129236569952,600.0,786.8189009234277,put_call_parity,-0.27106845353618436,put,3.85,3.87,3.8600000000000003,mid,0.005181347150259072,399.0,5577,0.2763178711209012,0.27707647634312604,7.586052222248174,0.03387054137503785,60.36775499297391,brent
2027-03-19,0.4436129236569952,605.0,786.8189009234277,put_call_parity,-0.2627696507214893,put,4.03,4.05,4.04,mid,0.004950495049504845,31.0,3878,0.2724242791676615,0.2731647117022197,7.404325345581886,0.032922727752624115,62.85169087377737,brent
2027-03-19,0.4436129236569952,610.0,786.8189009234277,put_call_parity,-0.2545391515849738,put,4.22,4.24,4.23,mid,0.004728132387706964,31.0,3184,0.26855323111697754,0.26926638696158817,7.131558446106245,0.03199373577665016,65.43779850534858,brent
2027-03-19,0.4436129236569952,615.0,786.8189009234277,put_call_parity,-0.24637584094581289,put,4.42,4.44,4.43,mid,0.004514672686230353,43.0,3903,0.26469454236819284,0.2653820114409936,6.874690728007615,0.03108094132969192,68.12477511869885,brent
2027-03-19,0.4436129236569952,620.0,786.8189009234277,put_call_parity,-0.23827863071319352,put,4.63,4.65,4.640000000000001,mid,0.004310344827586306,219.0,4955,0.26083885959301883,0.2615121471708114,6.732875777925584,0.03018205286058829,70.91137773240213,brent
2027-03-19,0.4436129236569952,625.0,786.8189009234277,put_call_parity,-0.23024645901592927,put,4.85,4.88,4.865,mid,0.0061664953751285195,296.0,5522,0.2570453188152352,0.2576574111900852,6.120923748499929,0.029310524367942185,73.83148957589671,brent
2027-03-19,0.4436129236569952,630.0,786.8189009234277,put_call_parity,-0.2222782893667524,put,5.09,5.11,5.1,mid,0.003921568627451071,50.0,3213,0.25323296218933117,0.25381847793240103,5.855157430698643,0.028447536295029725,76.84721919407828,brent
2027-03-19,0.4436129236569952,635.0,786.8189009234277,put_call_parity,-0.21437310985963912,put,5.35,5.37,5.359999999999999,mid,0.0037313432835821762,8.0,4683,0.24958230602073392,0.24999608169673515,4.137756760012323,0.02763323790126917,80.05718066332359,brent
2027-03-19,0.4436129236569952,640.0,786.8189009234277,put_call_parity,-0.20652993239861323,put,5.61,5.64,5.625,mid,0.0053333333333332195,668.0,5432,0.24582476138488704,0.2461910191995035,3.6625781461646634,0.026807446158467398,83.32292670790852,brent
2027-03-19,0.4436129236569952,645.0,786.8189009234277,put_call_parity,-0.19874779195655828,put,5.9,5.92,5.91,mid,0.003384094754653058,27.0,5099,0.242135378603389,0.2424041522029664,2.6877359957741542,0.02600882234916099,86.74022490284356,brent
2027-03-19,0.4436129236569952,650.0,786.8189009234277,put_call_parity,-0.19102574586264798,put,6.2,6.23,6.215,mid,0.0048270313757039825,1138.0,12000,0.23849569809151,0.2386364102139073,1.407121223973018,0.02523279093658718,90.30230828491285,brent
2027-03-19,0.4436129236569952,655.0,786.8189009234277,put_call_parity,-0.18336287311707886,put,6.52,6.55,6.535,mid,0.004590665646518783,345.0,104006,0.23483553349102673,0.23488879324508222,0.5325975405548466,0.024464244757968736,93.97315839214755,brent
2027-03-19,0.4436129236569952,660.0,786.8189009234277,put_call_parity,-0.17575827373185957,put,6.86,6.89,6.875,mid,0.004363636363636271,574.0,5094,0.23119661269139374,0.23116237463030118,-0.3423806109256744,0.02371194197586232,97.77710577086313,brent
2027-03-19,0.4436129236569952,665.0,786.8189009234277,put_call_parity,-0.16821106809647665,put,7.23,7.25,7.24,mid,0.0027624309392264602,106.0,5266,0.22761342014069633,0.22745830388212432,-1.5511625857200784,0.022982640248014156,101.73411883545717,brent
2027-03-19,0.4436129236569952,670.0,786.8189009234277,put_call_parity,-0.16072039636731905,put,7.61,7.64,7.625,mid,0.003934426229508113,13.0,3555,0.22401946446387122,0.22377780957899795,-2.416548848732658,0.022262590565583905,105.80797950890505,brent
2027-03-19,0.4436129236569952,675.0,786.8189009234277,put_call_parity,-0.15328541787980096,put,8.02,8.05,8.035,mid,0.003733665214685891,21.0,2707,0.22044788870205448,0.22012220226618126,-3.256864358732181,0.02155837775095408,110.01617708963725,brent
2027-03-19,0.4436129236569952,680.0,786.8189009234277,put_call_parity,-0.14590531058217843,put,8.46,8.49,8.475000000000001,mid,0.0035398230088494816,50.0,4077,0.21692578796511486,0.21649287735197467,-4.329106131401861,0.020875003509939233,114.37137605706538,brent
2027-03-19,0.4436129236569952,685.0,786.8189009234277,put_call_parity,-0.13857927049010552,put,8.92,8.95,8.934999999999999,mid,0.003357582540570718,17.0,3506,0.21334866215980314,0.21289131797751137,-4.573441822917634,0.02019221852440669,118.81467516811881,brent
2027-03-19,0.4436129236569952,690.0,786.8189009234277,put_call_parity,-0.13130651116102574,put,9.41,9.44,9.425,mid,0.003183023872678977,670.0,36054,0.20978810058319147,0.2093190978346561,-4.690027485353687,0.019523869297777444,123.3805128552384,brent
2027-03-19,0.4436129236569952,695.0,786.8189009234277,put_call_parity,-0.12408626318753868,put,9.94,9.97,9.955,mid,0.0030135610246108625,389.0,3245,0.20630424984404222,0.20577788390231078,-5.263659417314437,0.018880806387744146,128.09313937528472,brent
2027-03-19,0.4436129236569952,700.0,786.8189009234277,put_call_parity,-0.11691777370892602,put,10.5,10.53,10.515,mid,0.002853067047075545,172.0,128402,0.20279664356171054,0.20226943906659653,-5.272044951140087,0.01824423742916099,132.89266498559047,brent
2027-03-19,0.4436129236569952,705.0,786.8189009234277,put_call_parity,-0.10980030594006204,put,11.1,11.13,11.115,mid,0.0026990553306343802,10.0,3725,0.19932253758155705,0.19879562458489763,-5.269129966594122,0.01762450811114958,137.7972809278357,brent
2027-03-19,0.4436129236569952,710.0,786.8189009234277,put_call_parity,-0.1027331387169696,put,11.74,11.77,11.754999999999999,mid,0.002552105487026743,24.0,10095,0.19585979961104671,0.19535840234755994,-5.013972634867747,0.017017462470787843,142.7826797628369,brent
2027-03-19,0.4436129236569952,715.0,786.8189009234277,put_call_parity,-0.09571556605832306,put,12.43,12.46,12.445,mid,0.00241060666934521,22.0,10468,0.1924553571821944,0.19195983688406873,-4.955202981256623,0.016431007695969828,147.85261923849993,brent
2027-03-19,0.4436129236569952,720.0,786.8189009234277,put_call_parity,-0.08874689674222971,put,13.15,13.19,13.17,mid,0.0030372057706908994,73.0,5859,0.18898482899402294,0.18860209705275405,-3.8273194126889343,0.01584375338752166,152.93410038011848,brent
2027-03-19,0.4436129236569952,725.0,786.8189009234277,put_call_parity,-0.08182645389765594,put,13.94,13.98,13.96,mid,0.0028653295128940486,620.0,5316,0.18562296538111425,0.18528745734444768,-3.355080366665708,0.015285076004866014,158.07453803874807,brent
2027-03-19,0.4436129236569952,730.0,786.8189009234277,put_call_parity,-0.07495357460989391,put,14.79,14.83,14.809999999999999,mid,0.0027008777852802787,14.0,7475,0.18230643024871415,0.18201829872105812,-2.88131527656027,0.014743756994589411,163.215471527873,brent
2027-03-19,0.4436129236569952,735.0,786.8189009234277,put_call_parity,-0.06812760953949405,put,15.7,15.74,15.719999999999999,mid,0.0025445292620865727,47.0,5224,0.17900763501912895,0.17879710889976508,-2.1052611936386856,0.014215014256304094,168.31159379769613,brent
2027-03-19,0.4436129236569952,740.0,786.8189009234277,put_call_parity,-0.06134792255411529,put,16.68,16.73,16.705,mid,0.0029931158335828024,72.0,9063,0.17578710535538736,0.1756264819825736,-1.6062337281375072,0.01370813015843268,173.33933006839533,brent
2027-03-19,0.4436129236569952,745.0,786.8189009234277,put_call_parity,-0.054613890372771215,put,17.74,17.79,17.765,mid,0.0028145229383619874,105.0,4764,0.17261288455380097,0.17250911731946827,-1.0376723433269675,0.013217539293690404,178.2387969433043,brent
2027-03-19,0.4436129236569952,750.0,786.8189009234277,put_call_parity,-0.04792490222197461,put,18.88,18.94,18.91,mid,0.0031729243786357626,260.0,14892,0.1695096696428175,0.16944781748163348,-0.6185216118401171,0.012746564408493694,182.95919022090536,brent
2027-03-19,0.4436129236569952,755.0,786.8189009234277,put_call_parity,-0.04128035950330603,put,20.12,20.17,20.145000000000003,mid,0.0024820054604120477,161.0,5896,0.16647179415436075,0.16644548520953284,-0.26308944827913017,0.012293782070718283,187.43471815019137,brent
2027-03-19,0.4436129236569952,760.0,786.8189009234277,put_call_parity,-0.034679675471953976,put,21.46,21.52,21.490000000000002,mid,0.002791996277338237,237.0,9277,0.1635714439724474,0.16350511918958205,-0.6632478286536236,0.011869137607261958,191.60308536240774,brent
2027-03-19,0.4436129236569952,765.0,786.8189009234277,put_call_parity,-0.02812227492579491,put,22.91,22.98,22.945,mid,0.0030507735890172275,280.0,4087,0.160772151693559,0.16062980850337943,-1.4234319017955577,0.011466367006226363,195.37738619874642,brent
2027-03-19,0.4436129236569952,770.0,786.8189009234277,put_call_parity,-0.021607593904601215,put,24.5,24.56,24.53,mid,0.0024459845087647257,302.0,7227,0.15814118001600957,0.1578227255858257,-3.184544301838843,0.011094152720549741,198.67711447529763,brent
2027-03-19,0.4436129236569952,775.0,786.8189009234277,put_call_parity,-0.015135079398983758,put,26.22,26.28,26.25,mid,0.002285714285714372,819.0,3537,0.1556683568739922,0.15508711752402832,-5.8123934996387465,0.010749911094701,201.4110407701646,brent
2027-03-19,0.4436129236569952,780.0,786.8189009234277,put_call_parity,-0.008704189068693335,put,28.09,28.14,28.115000000000002,mid,0.001778410101369401,253.0,4272,0.15337104904871154,0.15242629552887335,-9.447535198381928,0.010434964264274642,203.49204344759232,brent
2027-03-19,0.4436129236569952,785.0,786.8189009234277,put_call_parity,-0.0023143909699223277,put,30.11,30.2,30.155,mid,0.0029845796716962314,174.0,2153,0.1513670139002118,0.14984362241699167,-15.233914832201156,0.010164047283617686,204.83861278051242,brent
2027-03-19,0.4436129236569952,790.0,786.8189009234277,put_call_parity,0.004034836708736525,call,28.63,28.69,28.66,mid,0.0020935101186323195,665.0,9609,0.1467835510063778,0.14734249795410545,5.589469477276509,0.009557822696803787,205.3846680578559,brent
2027-03-19,0.4436129236569952,795.0,786.8189009234277,put_call_parity,0.010344005902001243,call,25.87,25.92,25.895000000000003,mid,0.0019308746862328908,162.0,7704,0.14410947690453554,0.14492634193304818,8.168650285126366,0.009212749728209646,205.02397771496774,brent
2027-03-19,0.4436129236569952,800.0,786.8189009234277,put_call_parity,0.016613618915596633,call,23.27,23.32,23.295,mid,0.0021463833440652806,2593.0,20389,0.1416012164098056,0.1425985748927117,9.9735848290608,0.008894840362215611,203.68878437870117,brent
2027-03-19,0.4436129236569952,805.0,786.8189009234277,put_call_parity,0.022844168666232706,call,20.84,20.89,20.865000000000002,mid,0.0023963575365444864,170.0,7898,0.13926368917769838,0.14036259642921795,10.989072515195652,0.008603595450984245,201.3274043175213,brent
2027-03-19,0.4436129236569952,810.0,786.8189009234277,put_call_parity,0.02903613891415378,call,18.57,18.62,18.595,mid,0.0026888948642108477,2896.0,10206,0.13703359856721337,0.13822176110878823,11.881625415748609,0.008330255368761901,197.90475272394065,brent
2027-03-19,0.4436129236569952,815.0,786.8189009234277,put_call_parity,0.03519000448853204,call,16.48,16.52,16.5,mid,0.0024242424242423726,135.0,5054,0.13497943044820604,0.13617935206358975,11.99921615383709,0.00808238199321163,193.4252577686978,brent
2027-03-19,0.4436129236569952,820.0,786.8189009234277,put_call_parity,0.04130623150596812,call,14.56,14.6,14.58,mid,0.002743484224965648,568.0,23987,0.13310502926196177,0.13423855243690014,11.335231749383667,0.00785946746202705,187.92439787461848,brent
2027-03-19,0.4436129236569952,825.0,786.8189009234277,put_call_parity,0.0473852775823503,call,12.8,12.84,12.82,mid,0.003120124804992133,348.0,7010,0.13134219117380946,0.13240241494083987,10.602237670304104,0.0076526650395345825,181.44361151174667,brent
2027-03-19,0.4436129236569952,830.0,786.8189009234277,put_call_parity,0.053427592038312925,call,11.22,11.26,11.24,mid,0.0035587188612098883,4042.0,8469,0.12982273394524685,0.13067382989594598,8.510959506991266,0.007476626596233182,174.1291749026895,brent
2027-03-19,0.4436129236569952,835.0,786.8189009234277,put_call_parity,0.059433616098524794,call,9.79,9.83,9.809999999999999,mid,0.004077471967380319,9.0,5951,0.1284115688373855,0.12905549223286153,6.439233954760315,0.007314969061645985,166.046695460714,brent
2027-03-19,0.4436129236569952,840.0,786.8189009234277,put_call_parity,0.0654037830850286,call,8.51,8.55,8.530000000000001,mid,0.004689331770222851,4583.0,12238,0.12714602380166637,0.12754986804677776,4.0384424511139,0.00717149592837766,157.35100361309082,brent
2027-03-19,0.4436129236569952,845.0,786.8189009234277,put_call_parity,0.07133851860484315,call,7.38,7.41,7.395,mid,0.0040567951318458756,13.0,2838,0.12604649643572685,0.12615916139809222,1.1266496236536638,0.0070479975928211475,148.21505234619605,brent
2027-03-19,0.4436129236569952,850.0,786.8189009234277,put_call_parity,0.07723824073203144,call,6.37,6.4,6.385,mid,0.004698512137823062,369.0,6488,0.12503818610108913,0.124885282140119,-1.529039609701327,0.0069356875409941,138.73834507860334,brent
2027-03-19,0.4436129236569952,855.0,786.8189009234277,put_call_parity,0.08310336018442951,call,5.47,5.51,5.49,mid,0.007285974499089259,3.0,1635,0.12410746119964959,0.12372981561831242,-3.7764558133716877,0.0068328198888369706,129.05566437813258,brent
2027-03-19,0.4436129236569952,860.0,786.8189009234277,put_call_parity,0.08893428049522271,call,4.69,4.72,4.705,mid,0.006376195536662989,29.0,10907,0.12328205889614405,0.12269399511732289,-5.880637788211601,0.006742235957622272,119.34145710814943,brent
2027-03-19,0.4436129236569952,865.0,786.8189009234277,put_call_parity,0.0947313981795486,call,4.0,4.03,4.015000000000001,mid,0.007471980074719862,63.0,4559,0.12251083129362521,0.12177867792548393,-7.321533681412806,0.006658143688619942,109.67622823317302,brent
2027-03-19,0.4436129236569952,870.0,786.8189009234277,put_call_parity,0.10049510289629869,call,3.39,3.43,3.41,mid,0.011730205278592386,8.0,4125,0.12177388432460758,0.12098432583632125,-7.895584882863238,0.006578282324938461,100.15481007188356,brent
2027-03-19,0.4436129236569952,875.0,786.8189009234277,put_call_parity,0.1062257776052837,call,2.87,2.91,2.89,mid,0.013840830449827002,5.0,6151,0.12115282991522225,0.12031099081159378,-8.418391036284639,0.006511354129495963,90.98845365489139,brent
2027-03-19,0.4436129236569952,880.0,786.8189009234277,put_call_parity,0.11192379871992143,call,2.43,2.46,2.4450000000000003,mid,0.012269938650306667,3.0,5019,0.12064116477614265,0.11975830639195786,-8.828583841847815,0.006456471421918316,82.2662893593657,brent
2027-03-19,0.4436129236569952,885.0,786.8189009234277,put_call_parity,0.11758953625559879,call,2.05,2.07,2.0599999999999996,mid,0.009708737864077681,20.0,2340,0.12015595611084567,0.11932548526510356,-8.30470845742115,0.006404641085461781,73.95323001592612,brent
2027-03-19,0.4436129236569952,890.0,786.8189009234277,put_call_parity,0.1232233539738548,call,1.72,1.75,1.7349999999999999,mid,0.017291066282420765,33.0,2342,0.11979374422232483,0.11901132319621324,-7.824210261115905,0.006366085517742539,66.23177512400584,brent
2027-03-19,0.4436129236569952,895.0,786.8189009234277,put_call_parity,0.12882560952252464,call,1.45,1.47,1.46,mid,0.013698630136986314,11.0,1086,0.11952267563821468,0.11881420930382941,-7.084663343852743,0.00633730783142497,59.09477236301101,brent
2027-03-19,0.4436129236569952,900.0,786.8189009234277,put_call_parity,0.13439665457198002,call,1.22,1.24,1.23,mid,0.016260162601626032,361.0,13043,0.11937615854617371,0.11873214243951724,-6.440161066564726,0.006321780153626621,52.600833212030636,brent
2027-03-19,0.4436129236569952,905.0,786.8189009234277,put_call_parity,0.13993683494759537,call,1.03,1.05,1.04,mid,0.019230769230769246,3.0,3471,0.11939045094117101,0.11876275321640987,-6.276977247611365,0.006323294003443087,46.78977344183099,brent
2027-03-19,0.4436129236569952,910.0,786.8189009234277,put_call_parity,0.14544649075856497,call,0.86,0.88,0.87,mid,0.022988505747126457,33.0,3570,0.11923944754671459,0.11890333104325823,-3.3611650345635735,0.0063073088887603155,41.25824653508897,brent
2027-03-19,0.4436129236569952,915.0,786.8189009234277,put_call_parity,0.15092595652319057,call,0.73,0.75,0.74,mid,0.027027027027027053,85.0,1176,0.11949613867675857,0.11915085536814742,-3.4528330861115233,0.006334494068705729,36.656848604213046,brent
2027-03-19,0.4436129236569952,920.0,786.8189009234277,put_call_parity,0.15637556129075525,call,0.62,0.63,0.625,mid,0.016000000000000014,9.0,1133,0.11964957995157038,0.11950203022752895,-1.4754972404143474,0.006350772366833336,32.36519934923085,brent
2027-03-19,0.4436129236569952,925.0,786.8189009234277,put_call_parity,0.16179562876009446,call,0.53,0.54,0.535,mid,0.018691588785046745,2.0,603,0.12009102737916497,0.11995332113572606,-1.3770624343890925,0.00639772119766322,28.76446116588793,brent
2027-03-19,0.4436129236569952,930.0,786.8189009234277,put_call_parity,0.16718647739497086,call,0.45,0.47,0.45999999999999996,mid,0.04347826086956514,20.0,522,0.12062704714417569,0.12050099333773184,-1.2605380644384323,0.006454960416048294,25.600098911008082,brent
2027-03-19,0.4436129236569952,935.0,786.8189009234277,put_call_parity,0.17254842053635625,call,0.39,0.4,0.395,mid,0.025316455696202552,5.0,4052,0.12114720629223744,0.12114115048042405,-0.060558118133852146,0.006510749660728297,22.73550492747827,brent
2027-03-19,0.4436129236569952,940.0,786.8189009234277,put_call_parity,0.17788176651171883,call,0.34,0.35,0.345,mid,0.02898550724637668,1.0,1750,0.12196048974262319,0.12186977282788836,-0.9071691473483412,0.0065984587965846955,20.396318657725327,brent
2027-03-19,0.4436129236569952,945.0,786.8189009234277,put_call_parity,0.183186818741412,call,0.3,0.31,0.305,mid,0.03278688524590167,132.0,222,0.1229622957050718,0.12268275424696877,-2.795414581030359,0.006707305928976108,18.43243767494486,brent
2027-03-19,0.4436129236569952,950.0,786.8189009234277,put_call_parity,0.18846387584225574,call,0.26,0.27,0.265,mid,0.03773584905660381,1.0,6125,0.12366324199986004,0.1235759373101171,-0.873046897429397,0.0067839938526455595,16.452401270762145,brent
2027-03-19,0.4436129236569952,955.0,786.8189009234277,put_call_parity,0.1937132317283995,call,0.23,0.24,0.235,mid,0.042553191489361625,2.0,123,0.1246790137073644,0.12454514599470923,-1.3386771265516684,0.006895899221623574,14.88124429597324,brent
2027-03-19,0.4436129236569952,960.0,786.8189009234277,put_call_parity,0.19893517570955116,call,0.21,0.22,0.215,mid,0.046511627906976785,3.0,530,0.1261589342743889,0.125586215592615,-5.727186817738872,0.007060577316815858,13.748796662273183,brent
2027-03-19,0.4436129236569952,965.0,786.8189009234277,put_call_parity,0.20412999258665515,call,0.18,0.2,0.19,mid,0.10526315789473693,12.0,274,0.12707040286494858,0.12669501957366067,-3.7538329128791736,0.0071629678761306855,12.39680482305921,brent
2027-03-19,0.4436129236569952,970.0,786.8189009234277,put_call_parity,0.20929796274509774,call,0.16,0.18,0.16999999999999998,mid,0.11764705882352937,8.0,832,0.12815093043186815,0.1278674932660314,-2.834371658367585,0.007285304647374869,11.270781565807521,brent
2027-03-19,0.4436129236569952,975.0,786.8189009234277,put_call_parity,0.2144393622455164,call,0.15,0.16,0.155,mid,0.06451612903225812,1.0,156,0.12948879352197573,0.1290996543217057,-3.8913920027003335,0.007438212112003536,10.382503076194984,brent
2027-03-19,0.4436129236569952,980.0,786.8189009234277,put_call_parity,0.21955446291228684,call,0.13,0.15,0.14,mid,0.14285714285714277,2.0,642,0.13065820018900803,0.13038762002341267,-2.7058016559536324,0.007573166983767473,9.4989492904547,brent
2027-03-19,0.4436129236569952,985.0,786.8189009234277,put_call_parity,0.2246435324197581,call,0.12,0.13,0.125,mid,0.08000000000000007,1.0,1044,0.13163452306419465,0.13172762156053347,0.9309849633881706,0.007686768439588056,8.616717076321049,brent
2027-03-19,0.4436129236569952,990.0,786.8189009234277,put_call_parity,0.22970683437630482,call,0.11,0.12,0.11499999999999999,mid,0.0869565217391304,2.0,738,0.13302062168460319,0.13311601545516186,0.953937705586716,0.007849502575398851,7.9863210199945085,brent
2027-03-19,0.4436129236569952,995.0,786.8189009234277,put_call_parity,0.23474462840626198,call,0.1,0.11,0.10500000000000001,mid,0.09523809523809518,1.0,485,0.13426965365313503,0.13454929235741214,2.7963870427710757,0.007997604568231086,7.360954633587975,brent
2027-03-19,0.4436129236569952,1000.0,786.8189009234277,put_call_parity,0.23975717022980625,call,0.09,0.11,0.1,mid,0.20000000000000004,300.0,2997,0.13609223658747116,0.13602408345277367,-0.6815313469749062,0.008216197927124053,6.997716111451816,brent
2027-03-19,0.4436129236569952,1010.0,786.8189009234277,put_call_parity,0.24970750108297435,call,0.08,0.09,0.08499999999999999,mid,0.11764705882352937,13.0,964,0.13872648700713774,0.13908545940750408,3.5897240036633637,0.008537347660613237,6.030759986331306,brent
2027-03-19,0.4436129236569952,1020.0,786.8189009234277,put_call_parity,0.25955979752598596,call,0.07,0.08,0.07500000000000001,mid,0.13333333333333325,23.0,50,0.14178088957877974,0.14227612097561235,4.952313968326072,0.008917427429264217,5.344520691643864,brent
2027-03-19,0.4436129236569952,1030.0,786.8189009234277,put_call_parity,0.26931597247135064,call,0.06,0.07,0.065,mid,0.15384615384615397,7.0,48,0.14448049436201252,0.1455743941717185,10.938998097059782,0.009260248214525767,4.674645494610705,brent
2027-03-19,0.4436129236569952,1040.0,786.8189009234277,put_call_parity,0.27897788338308754,call,0.05,0.07,0.060000000000000005,mid,0.33333333333333337,1.0,539,0.14795987714976916,0.14896088398762322,10.010068378540627,0.009711629685520709,4.289654320184121,brent
2027-03-19,0.4436129236569952,1050.0,786.8189009234277,put_call_parity,0.28854733439923824,call,0.05,0.06,0.055,mid,0.18181818181818174,34.0,1013,0.1512474704233663,0.15241835434918613,11.70883925819821,0.01014799932543751,3.918284051573749,brent
2027-03-19,0.4436129236569952,1060.0,786.8189009234277,put_call_parity,0.29802607835378203,call,0.04,0.06,0.05,mid,0.3999999999999999,1.0,79,0.15432767760100352,0.1559315772669848,16.0389966598129,0.010565543231055038,3.558508738819006,brent
2027-06-17,0.6901882661227486,470.0,793.9992740046598,put_call_parity,-0.5243498521907997,put,2.57,2.59,2.58,mid,0.007751937984496131,1.0,761,0.3539304581171607,0.35099077702003467,-29.396810971260013,0.08645765422522937,39.73037321663143,brent
2027-06-17,0.6901882661227486,475.0,793.9992740046598,put_call_parity,-0.5137677428602627,put,2.66,2.68,2.67,mid,0.007490636704119857,25.0,2321,0.34994120307270415,0.3474302132244243,-25.109898482798542,0.08451965832155928,41.10698333641041,brent
2027-06-17,0.6901882661227486,480.0,793.9992740046598,put_call_parity,-0.5032964429929673,put,2.76,2.78,2.7699999999999996,mid,0.007220216606498202,15.0,656,0.346141232492228,0.3438862037785184,-22.550287137095836,0.08269404632425216,42.58758082803279,brent
2027-06-17,0.6901882661227486,485.0,793.9992740046598,put_call_parity,-0.4929336559574206,put,2.85,2.87,2.8600000000000003,mid,0.006993006993006998,25.0,485,0.34205652566408157,0.3403585170203601,-16.980086437214936,0.08075386769549407,43.99648300601924,brent
2027-06-17,0.6901882661227486,490.0,793.9992740046598,put_call_parity,-0.4826771557902316,put,2.96,2.98,2.9699999999999998,mid,0.006734006734006741,20.0,779,0.3383727709024266,0.33684694062140247,-15.258302810241542,0.07902388688370636,45.59648941566017,brent
2027-06-17,0.6901882661227486,495.0,793.9992740046598,put_call_parity,-0.4725247843262136,put,3.06,3.08,3.0700000000000003,mid,0.0065146579804560316,1.0,891,0.33441279358578296,0.3333512815063259,-10.615120794570387,0.07718507655587638,47.126668804677685,brent
2027-06-17,0.6901882661227486,500.0,793.9992740046598,put_call_parity,-0.46247444847271213,put,3.17,3.19,3.1799999999999997,mid,0.006289308176100635,81.0,11217,0.3306125307342331,0.3298713658061037,-7.411649281293675,0.07544078374196365,48.7605091775627,brent
2027-06-17,0.6901882661227486,505.0,793.9992740046598,put_call_parity,-0.452524117619544,put,3.29,3.31,3.3,mid,0.006060606060606067,3.0,1845,0.3269550245727734,0.32640703884325806,-5.479857295153656,0.07378084135540795,50.496840851099414,brent
2027-06-17,0.6901882661227486,510.0,793.9992740046598,put_call_parity,-0.4426718211765325,put,3.41,3.43,3.42,mid,0.005847953216374275,2.0,668,0.32323297858869243,0.32295816514831166,-2.7481344038077227,0.07211056529002485,52.2508425595642,brent
2027-06-17,0.6901882661227486,515.0,793.9992740046598,put_call_parity,-0.43291564623116774,put,3.53,3.55,3.54,mid,0.005649717514124299,1.0,1298,0.3194509440099181,0.31952462850649405,0.7368449657596532,0.07043295723568467,54.02369305727634,brent
2027-06-17,0.6901882661227486,520.0,793.9992740046598,put_call_parity,-0.4232537353194308,put,3.66,3.69,3.675,mid,0.008163265306122396,20.0,2113,0.31588143835386634,0.31610633203380717,2.2489367994082965,0.06886773273422839,55.93943412300946,brent
2027-06-17,0.6901882661227486,525.0,793.9992740046598,put_call_parity,-0.41368428430328,put,3.8,3.82,3.8099999999999996,mid,0.0052493438320210025,7.0,1583,0.31224224983670884,0.31270319828159127,4.609484448824253,0.06729005862987414,57.87400126767384,brent
2027-06-17,0.6901882661227486,530.0,793.9992740046598,put_call_parity,-0.4042055403487364,put,3.94,3.97,3.955,mid,0.007585335018963401,100.0,2264,0.3087050642427766,0.3093151693687608,6.10105125984195,0.065774125054225,59.90875491377559,brent
2027-06-17,0.6901882661227486,535.0,793.9992740046598,put_call_parity,-0.3948157999988973,put,4.09,4.12,4.105,mid,0.007308160779537209,105.0,2812,0.3051768008354431,0.3059422071408995,7.654063054564064,0.0642792208062018,62.002799344146126,brent
2027-06-17,0.6901882661227486,540.0,793.9992740046598,put_call_parity,-0.3855134073365838,put,4.25,4.27,4.26,mid,0.004694835680751074,28.0,2813,0.3016540729025398,0.3025842933554139,9.302204528741086,0.06280380530176735,64.15619356104794,brent
2027-06-17,0.6901882661227486,545.0,793.9992740046598,put_call_parity,-0.3762967522316597,put,4.41,4.44,4.425000000000001,mid,0.006779661016949208,32.0,4079,0.2982090611979212,0.29924142989195135,10.323686940301723,0.06137750673561756,66.40747242604715,brent
2027-06-17,0.6901882661227486,550.0,793.9992740046598,put_call_parity,-0.3671642686683873,put,4.58,4.61,4.595000000000001,mid,0.006528835690968497,788.0,4758,0.29475852092622024,0.2959136389872776,11.551180610573919,0.0599653411519793,68.71727338079222,brent
2027-06-17,0.6901882661227486,555.0,793.9992740046598,put_call_parity,-0.35811443314846936,put,4.76,4.79,4.775,mid,0.006282722513089057,1.0,1619,0.2913703816863668,0.29260096349380205,12.30581807435238,0.05859470570601666,71.12308210256268,brent
2027-06-17,0.6901882661227486,560.0,793.9992740046598,put_call_parity,-0.3491457631657089,put,4.95,4.98,4.965,mid,0.006042296072507603,233.0,2142,0.28803535549488,0.2893034671609117,12.681116660316905,0.05726103192990867,73.62338410944868,brent
2027-06-17,0.6901882661227486,565.0,793.9992740046598,put_call_parity,-0.34025681574846284,put,5.15,5.18,5.165,mid,0.005808325266214784,11.0,3676,0.2847448226147719,0.2860212349382463,12.764123234744185,0.05596019820864621,76.21663214050982,brent
2027-06-17,0.6901882661227486,570.0,793.9992740046598,put_call_parity,-0.33144618606630805,put,5.35,5.38,5.365,mid,0.005591798695247017,541.0,2542,0.28136400213705864,0.2827543733000084,13.90371162949766,0.05463923839173556,78.83033774083127,brent
2027-06-17,0.6901882661227486,575.0,793.9992740046598,put_call_parity,-0.3227125060975534,put,5.57,5.6,5.585,mid,0.005371530886302482,3.0,3373,0.27814341641246687,0.27950301058935045,13.595941768835829,0.05339555943973735,81.60611086029887,brent
2027-06-17,0.6901882661227486,580.0,793.9992740046598,put_call_parity,-0.31405444335443883,put,5.8,5.83,5.8149999999999995,mid,0.005159071367153955,4.0,3028,0.2749449759362361,0.2762672973818265,13.223214455903577,0.05217460238543938,84.47017130726049,brent
2027-06-17,0.6901882661227486,585.0,793.9992740046598,put_call_parity,-0.30547069966304746,put,6.04,6.07,6.055,mid,0.004954582989265112,27.0,2490,0.2717623796432593,0.2730474068668243,12.850272235650495,0.05097371013780919,87.42097261687164,brent
2027-06-17,0.6901882661227486,590.0,793.9992740046598,put_call_parity,-0.2969600099951388,put,6.29,6.32,6.305,mid,0.004758128469468715,2.0,2070,0.268589805978796,0.269843535245818,12.53729267021997,0.04979051548344432,90.45699280709823,brent
2027-06-17,0.6901882661227486,595.0,793.9992740046598,put_call_parity,-0.2885211413492741,put,6.55,6.58,6.5649999999999995,mid,0.004569687738004608,1.0,1884,0.2654218713373103,0.26665590214618967,12.340308088793496,0.048622914267837485,93.57673956545148,brent
2027-06-17,0.6901882661227486,600.0,793.9992740046598,put_call_parity,-0.28015289167875745,put,6.83,6.86,6.845000000000001,mid,0.004382761139517933,123.0,7526,0.2623568844090509,0.2634847510492683,11.278666402173565,0.04750644158068122,96.84131006321842,brent
2027-06-17,0.6901882661227486,605.0,793.9992740046598,put_call_parity,-0.2718540888640625,put,7.12,7.15,7.135,mid,0.004204625087596391,1.0,2206,0.25928008626246085,0.26033034973112024,10.502634686593847,0.04639870897034589,100.18372382970291,brent
2027-06-17,0.6901882661227486,610.0,793.9992740046598,put_call_parity,-0.26362358972754696,put,7.42,7.45,7.4350000000000005,mid,0.004034969737727,13.0,2433,0.25618760637437604,0.2571929907145004,10.05384340124371,0.04529849816433239,103.60256328658734,brent
2027-06-17,0.6901882661227486,615.0,793.9992740046598,put_call_parity,-0.255460279088386,put,7.74,7.77,7.755,mid,0.003868471953578254,51.0,3500,0.25316918412419626,0.25407299173023024,9.038076060339794,0.0442373655437459,107.1543180120208,brent
2027-06-17,0.6901882661227486,620.0,793.9992740046598,put_call_parity,-0.24736306885576656,put,8.07,8.11,8.09,mid,0.004944375772558609,14.0,3167,0.25016715651361215,0.25097069618611534,8.035396725031841,0.043194470649579764,110.80472938884697,brent
2027-06-17,0.6901882661227486,625.0,793.9992740046598,put_call_parity,-0.23933089715850242,put,8.42,8.46,8.440000000000001,mid,0.004739336492891104,175.0,4437,0.24717434731104013,0.24788647364134236,7.121263303022374,0.042167161146870163,114.55003800064807,brent
2027-06-17,0.6901882661227486,630.0,793.9992740046598,put_call_parity,-0.23136272750932552,put,8.79,8.83,8.809999999999999,mid,0.004540295119182853,602.0,2780,0.2442263290979601,0.2448207202841062,5.9439118614609825,0.04116731429427645,118.41290394712101,brent
2027-06-17,0.6901882661227486,635.0,793.9992740046598,put_call_parity,-0.2234575480022122,put,9.18,9.22,9.2,mid,0.004347826086956622,2.0,3025,0.24131282288192507,0.24177385941001192,4.6103652808685,0.04019095924618107,122.3869878886037,brent
2027-06-17,0.6901882661227486,640.0,793.9992740046598,put_call_parity,-0.21561437054118626,put,9.59,9.62,9.605,mid,0.003123373243102484,101.0,1472,0.23838476039458292,0.23874634189856386,3.6158150398094,0.03922153150628956,126.4412356339434,brent
2027-06-17,0.6901882661227486,645.0,793.9992740046598,put_call_parity,-0.20783223009913143,put,10.01,10.05,10.030000000000001,mid,0.0039880358923231225,21.0,2589,0.23547536895007298,0.2357386466848089,2.632777347359172,0.038270007175930196,130.59563994448206,brent
2027-06-17,0.6901882661227486,650.0,793.9992740046598,put_call_parity,-0.20011018400522107,put,10.46,10.5,10.48,mid,0.0038167938931296893,16.0,3599,0.23261336534387633,0.2327512812229243,1.3791587904796176,0.03734538152570091,134.866592228834,brent
2027-06-17,0.6901882661227486,655.0,793.9992740046598,put_call_parity,-0.19244731125965192,put,10.93,10.97,10.95,mid,0.003652968036529765,123.0,1807,0.22975157072233077,0.22978478193824253,0.332112159117659,0.0364321289070078,139.22289414466994,brent
2027-06-17,0.6901882661227486,660.0,793.9992740046598,put_call_parity,-0.18484271187443257,put,11.43,11.47,11.45,mid,0.0034934497816594694,6.0,4130,0.22695246228108396,0.22683971466387692,-1.1274761720703186,0.03554981699574,143.69994145710342,brent
2027-06-17,0.6901882661227486,665.0,793.9992740046598,put_call_parity,-0.17729550623904977,put,11.95,11.99,11.969999999999999,mid,0.0033416875522139454,23.0,2892,0.2241355135048495,0.22391667505775983,-2.188384470896698,0.034672800479795075,148.24536550384073,brent
2027-06-17,0.6901882661227486,670.0,793.9992740046598,put_call_parity,-0.16980483450989212,put,12.5,12.54,12.52,mid,0.0031948881789136702,1.0,4326,0.22136014567934095,0.22101628899551068,-3.438566838302737,0.03381944182482171,152.89060233100972,brent
2027-06-17,0.6901882661227486,675.0,793.9992740046598,put_call_parity,-0.162369856022374,put,13.07,13.12,13.094999999999999,mid,0.0038182512409315724,1.0,3536,0.21858310582057763,0.2181392129341394,-4.438928864382296,0.0329762112505229,157.60498982846048,brent
2027-06-17,0.6901882661227486,680.0,793.9992740046598,put_call_parity,-0.1549897487247514,put,13.68,13.72,13.7,mid,0.0029197080291971478,11.0,7412,0.21582725473118478,0.21528613424112222,-5.411204900625521,0.032149938380813384,162.39586178739415,brent
2027-06-17,0.6901882661227486,685.0,793.9992740046598,put_call_parity,-0.1476637086326786,put,14.31,14.36,14.335,mid,0.0034879665155213764,1.0,17234,0.21308244356169967,0.21245777148290423,-6.246720787954352,0.03133739620950427,167.25035993165724,brent
2027-06-17,0.6901882661227486,690.0,793.9992740046598,put_call_parity,-0.1403909493035988,put,14.98,15.03,15.004999999999999,mid,0.003332222592469106,13.0,3174,0.2103682031779917,0.20965487466634272,-7.133285116489862,0.030544130502767098,172.17060691901582,brent
2027-06-17,0.6901882661227486,695.0,793.9992740046598,put_call_parity,-0.1331707013301117,put,15.68,15.74,15.71,mid,0.003819223424570369,9.0,2415,0.20767314116663935,0.2068782254260362,-7.949157406031415,0.02976653172428016,177.14040625489,brent
2027-06-17,0.6901882661227486,700.0,793.9992740046598,put_call_parity,-0.12600221185149926,put,16.42,16.48,16.450000000000003,mid,0.003647416413373782,519.0,10946,0.20498658010057733,0.20412863714987148,-8.579429507058478,0.0290013644826903,182.14332965693472,brent
2027-06-17,0.6901882661227486,705.0,793.9992740046598,put_call_parity,-0.11888474408263523,put,17.2,17.25,17.225,mid,0.002902757619738793,4.0,2859,0.20229846878367722,0.2014069550344698,-8.915137492074287,0.028245727354866666,187.16268657766514,brent
2027-06-17,0.6901882661227486,710.0,793.9992740046598,put_call_parity,-0.11181757685954276,put,18.02,18.07,18.045,mid,0.002770850651149942,11.0,14580,0.1996513220913531,0.19871405606152293,-9.37266029830186,0.027511353194952865,192.20389878715284,brent
2027-06-17,0.6901882661227486,715.0,793.9992740046598,put_call_parity,-0.10480000420089618,put,18.88,18.94,18.91,mid,0.0031729243786357626,930.0,2494,0.19703209215483627,0.19605084888528607,-9.812432695502082,0.026794244084495888,197.24374904460956,brent
2027-06-17,0.6901882661227486,720.0,793.9992740046598,put_call_parity,-0.09783133488480292,put,19.79,19.85,19.82,mid,0.0030272452068618705,61.0,3738,0.19442851767825792,0.1934182736207396,-10.10244057518317,0.02609080637613658,202.2586866594569,brent
2027-06-17,0.6901882661227486,725.0,793.9992740046598,put_call_parity,-0.0909108920402291,put,20.75,20.81,20.78,mid,0.002887391722810333,65.0,3027,0.1918531465456527,0.19081730152115514,-10.358450244975504,0.025404194218990147,207.23309372429907,brent
2027-06-17,0.6901882661227486,730.0,793.9992740046598,put_call_parity,-0.08403801275246704,put,21.76,21.82,21.79,mid,0.002753556677374884,242.0,4492,0.18929329774827905,0.18824893453300606,-10.443632152729865,0.024730793217750176,212.13977857684748,brent
2027-06-17,0.6901882661227486,735.0,793.9992740046598,put_call_parity,-0.07721204768206714,put,22.82,22.89,22.855,mid,0.00306278713629404,252.0,2403,0.1867600056355283,0.1857142047153711,-10.458009201572139,0.024073283386957613,216.9575837575166,brent
2027-06-17,0.6901882661227486,740.0,793.9992740046598,put_call_parity,-0.07043236069668847,put,23.94,24.0,23.97,mid,0.0025031289111388704,10.0,3091,0.18421778434764435,0.1832141735101961,-10.036108374482655,0.02342236156357095,221.65010496415888,brent
2027-06-17,0.6901882661227486,745.0,793.9992740046598,put_call_parity,-0.06369832851534436,put,25.12,25.19,25.155,mid,0.0027827469687934916,1.0,2195,0.18174411445008457,0.18074993084903176,-9.941836010528004,0.022797555568529207,226.20753832601258,brent
2027-06-17,0.6901882661227486,750.0,793.9992740046598,put_call_parity,-0.057009340364547724,put,26.37,26.45,26.41,mid,0.00302915562287006,11.0,7350,0.17932332006339255,0.17832259408117324,-10.007259822193138,0.022194282697861396,230.59053845533865,brent
2027-06-17,0.6901882661227486,755.0,793.9992740046598,put_call_parity,-0.05036479764587911,put,27.66,27.77,27.715,mid,0.003968969871910497,43.0,2058,0.17685551750806938,0.1759333067075191,-9.222108005502715,0.02158762167448201,234.7470703843081,brent
2027-06-17,0.6901882661227486,760.0,793.9992740046598,put_call_parity,-0.04376411361452714,put,29.06,29.17,29.115000000000002,mid,0.003778121243345457,25.0,4641,0.1745196086482594,0.17358323690398006,-9.363717442793519,0.021021128762852153,238.6683333585682,brent
2027-06-17,0.6901882661227486,765.0,793.9992740046598,put_call_parity,-0.037206713068368036,put,30.55,30.66,30.605,mid,0.003594183956869774,64.0,2812,0.1722766859188315,0.17127357581793545,-10.03110100896043,0.020484274591260666,242.30247910476257,brent
2027-06-17,0.6901882661227486,770.0,793.9992740046598,put_call_parity,-0.03069203204717431,put,32.12,32.24,32.18,mid,0.0037290242386576926,358.0,2895,0.1700905889564601,0.16900553562110607,-10.850533353540248,0.019967704522708428,245.60166096470655,brent
2027-06-17,0.6901882661227486,775.0,793.9992740046598,put_call_parity,-0.024219517541556816,put,33.8,33.93,33.864999999999995,mid,0.0038387715930902873,89.0,2155,0.16804811988317953,0.16678034730233515,-12.677725808443729,0.01949103437885124,248.52597074295178,brent
2027-06-17,0.6901882661227486,780.0,793.9992740046598,put_call_parity,-0.017788627211266474,put,35.59,35.72,35.655,mid,0.0036460524470619954,55.0,4137,0.16611348574081267,0.16459925818419616,-15.142275566165097,0.019044841157080508,251.02649532240903,brent
2027-06-17,0.6901882661227486,785.0,793.9992740046598,put_call_parity,-0.011398829112495436,put,37.5,37.64,37.57,mid,0.003726377428799589,27.0,1526,0.16435230300968356,0.1624635291481383,-18.88773861545262,0.018643144242334177,253.05996925280772,brent
2027-06-17,0.6901882661227486,790.0,793.9992740046598,put_call_parity,-0.005049601433836659,put,39.53,39.67,39.6,mid,0.0035353535353535494,39.0,1066,0.16271209251520755,0.1603744315541029,-23.376609611046597,0.018272889672936637,254.58491212916363,brent
2027-06-17,0.6901882661227486,795.0,793.9992740046598,put_call_parity,0.0012595677594279802,call,39.95,40.05,40.0,mid,0.002499999999999858,40.0,3747,0.15816393103525755,0.15833324384224798,1.6931280699042373,0.01726563169871107,255.5879772911902,brent
2027-06-17,0.6901882661227486,800.0,793.9992740046598,put_call_parity,0.007529180773023406,call,37.12,37.2,37.16,mid,0.002152852529601868,91.0,17153,0.1558193828028809,0.15634124780668077,5.218650037998596,0.01675755028060473,255.9851696102431,brent
2027-06-17,0.6901882661227486,805.0,793.9992740046598,put_call_parity,0.013759730523659508,call,34.37,34.46,34.415,mid,0.00261513874763921,40.0,2262,0.153484263586144,0.15439972453396508,9.154609478210784,0.016259054290289676,255.74126042933523,brent
2027-06-17,0.6901882661227486,810.0,793.9992740046598,put_call_parity,0.019951700771580615,call,31.76,31.84,31.8,mid,0.002515723270440198,29.0,3239,0.15128348440247433,0.15250995000269638,12.264656002220487,0.01579612671942636,254.8161056597197,brent
2027-06-17,0.6901882661227486,815.0,793.9992740046598,put_call_parity,0.026105566345958904,call,29.26,29.35,29.305,mid,0.0030711482682136107,22.0,4016,0.14916787648404747,0.15067319034466392,15.053138606164474,0.015357417328506902,253.17631913947852,brent
2027-06-17,0.6901882661227486,820.0,793.9992740046598,put_call_parity,0.03222179336339502,call,26.9,26.97,26.935,mid,0.0025988490811212285,62.0,4582,0.14714901768141145,0.1488906967730671,17.41679091655651,0.014944531544168601,250.79786454303888,brent
2027-06-17,0.6901882661227486,825.0,793.9992740046598,put_call_parity,0.038300839439777024,call,24.65,24.73,24.689999999999998,mid,0.0032401782098016143,24.0,3116,0.1452210914457631,0.1471637001889189,19.426087431557992,0.014555494501884087,247.66580081829693,brent
2027-06-17,0.6901882661227486,830.0,793.9992740046598,put_call_parity,0.04434315389573967,call,22.55,22.62,22.585,mid,0.0030994022581359434,89.0,3513,0.14344210631392235,0.14549340548314313,20.512991692207827,0.014201063821568168,243.78976253032732,brent
2027-06-17,0.6901882661227486,835.0,793.9992740046598,put_call_parity,0.05034917795595158,call,20.57,20.64,20.605,mid,0.0033972336811453666,27.0,2928,0.14175189838916274,0.14388098555888132,21.290871697185743,0.013868367425178019,239.17263638085925,brent
2027-06-17,0.6901882661227486,840.0,793.9992740046598,put_call_parity,0.05631934494245542,call,18.72,18.79,18.755,mid,0.0037323380431884983,6.0,4727,0.1401743785683337,0.1423275751060936,21.531965377598883,0.013561410134854979,233.84556028498994,brent
2027-06-17,0.6901882661227486,845.0,793.9992740046598,put_call_parity,0.062254080462269996,call,17.0,17.06,17.03,mid,0.003523194362888944,6.0,4086,0.13869512971503162,0.14083426416852787,21.391344534962553,0.013276695465562583,227.8425039188842,brent
2027-06-17,0.6901882661227486,850.0,793.9992740046598,put_call_parity,0.06815380258945831,call,15.41,15.47,15.440000000000001,mid,0.0038860103626943325,18.0,5128,0.1373693416860707,0.13940209155137487,20.32749865304162,0.013024084509332788,221.24456912794494,brent
2027-06-17,0.6901882661227486,855.0,793.9992740046598,put_call_parity,0.07401892204185642,call,13.95,14.0,13.975,mid,0.003577817531305954,7.0,5644,0.1361694366543186,0.13803203812621073,18.62601471892128,0.012797550532529338,214.1109194142092,brent
2027-06-17,0.6901882661227486,860.0,793.9992740046598,put_call_parity,0.07984984235264965,call,12.6,12.66,12.629999999999999,mid,0.004750593824228069,121.0,6181,0.1350919407741742,0.1367250200979044,16.33079323730219,0.01259582022407022,206.51886516760743,brent
2027-06-17,0.6901882661227486,865.0,793.9992740046598,put_call_parity,0.08564696003697538,call,11.36,11.41,11.385,mid,0.004391743522178367,1268.0,12317,0.13406054603716389,0.13548188230574068,14.21336268576795,0.01240422226466991,198.48873594942685,brent
2027-06-17,0.6901882661227486,870.0,793.9992740046598,put_call_parity,0.09141066475372547,call,10.23,10.28,10.254999999999999,mid,0.00487567040468054,193.0,4189,0.1331725324921765,0.13430339163778654,11.308591456100359,0.012240436038429782,190.1840538913827,brent
2027-06-17,0.6901882661227486,875.0,793.9992740046598,put_call_parity,0.09714133946271053,call,9.19,9.24,9.215,mid,0.005425935973955584,340.0,2061,0.13232516800393668,0.13319023064316102,8.6506263922434,0.012085162090628798,181.59642647505106,brent
2027-06-17,0.6901882661227486,880.0,793.9992740046598,put_call_parity,0.10283936057734828,call,8.25,8.29,8.27,mid,0.004836759371221179,208.0,6359,0.1315707609444522,0.13214299143105088,5.72230486598685,0.011947755992956995,172.8590367641509,brent
2027-06-17,0.6901882661227486,885.0,793.9992740046598,put_call_parity,0.10850509811302567,call,7.39,7.43,7.41,mid,0.005398110661268561,5.0,9796,0.13088271832371906,0.13116216994771993,2.7945162400086487,0.011823122362024605,164.02523926619213,brent
2027-06-17,0.6901882661227486,890.0,793.9992740046598,put_call_parity,0.1141389158312817,call,6.6,6.65,6.625,mid,0.007547169811320862,2.0,12313,0.13022944739673972,0.13024816072313178,0.18713326392055807,0.011705392127440123,155.13020818437644,brent
2027-06-17,0.6901882661227486,895.0,793.9992740046598,put_call_parity,0.11974117137995158,call,5.89,5.93,5.91,mid,0.006768189509306266,26.0,15427,0.12960649190281906,0.1294012521769024,-2.0523972591665607,0.01159367395763913,146.2343105619353,brent
2027-06-17,0.6901882661227486,900.0,793.9992740046598,put_call_parity,0.125312216429407,call,5.24,5.29,5.265000000000001,mid,0.009496676163342795,21.0,10661,0.1290449357179717,0.1286216225689948,-4.233131489769226,0.011493425969350407,137.44505526176485,brent
2027-06-17,0.6901882661227486,905.0,793.9992740046598,put_call_parity,0.13085239680502217,call,4.66,4.7,4.68,mid,0.008547008547008555,7.0,6929,0.12850659865785466,0.12790933667378449,-5.972619840701743,0.011397731686607158,128.76806267251916,brent
2027-06-17,0.6901882661227486,910.0,793.9992740046598,put_call_parity,0.13636205261599182,call,4.13,4.18,4.154999999999999,mid,0.012033694344163617,12.0,2887,0.12802509043401644,0.12726434324691882,-7.607471870976212,0.011312478170175668,120.30681126597425,brent
2027-06-17,0.6901882661227486,915.0,793.9992740046598,put_call_parity,0.14184151838061743,call,3.66,3.7,3.68,mid,0.010869565217391313,16.0,5063,0.12755409276005736,0.12668647334290012,-8.676194171572394,0.011229395238677036,112.03809033245747,brent
2027-06-17,0.6901882661227486,920.0,793.9992740046598,put_call_parity,0.14729112314818213,call,3.24,3.28,3.26,mid,0.012269938650306624,31.0,4882,0.127175796880973,0.12617543952781307,-10.003573531599253,0.01116288644214202,104.13195934694818,brent
2027-06-17,0.6901882661227486,925.0,793.9992740046598,put_call_parity,0.15271119061752136,call,2.86,2.89,2.875,mid,0.010434782608695738,2.0,3362,0.1267382538237834,0.12573083601643936,-10.074178073440354,0.011086207678384145,96.38220941120458,brent
2027-06-17,0.6901882661227486,930.0,793.9992740046598,put_call_parity,0.1581020392523978,call,2.52,2.56,2.54,mid,0.015748031496063006,29.0,2950,0.12642921269411753,0.12535213974661477,-10.77072947502755,0.011032207928306208,89.11580430828072,brent
2027-06-17,0.6901882661227486,935.0,793.9992740046598,put_call_parity,0.1634639823937832,call,2.23,2.25,2.24,mid,0.008928571428571435,4.0,1307,0.1261350329922806,0.12503871238659114,-10.963206056894547,0.0109809274408713,82.17276218727024,brent
2027-06-17,0.6901882661227486,940.0,793.9992740046598,put_call_parity,0.16879732836914563,call,1.96,1.99,1.975,mid,0.015189873417721532,99.0,2015,0.12589562015953112,0.1247898032539459,-11.058169055852273,0.010939281913910132,75.6311658660626,brent
2027-06-17,0.6901882661227486,945.0,793.9992740046598,put_call_parity,0.17410238059883884,call,1.73,1.75,1.74,mid,0.011494252873563229,108.0,3284,0.12569070922498216,0.12460455310779237,-10.861561171897904,0.01090370078325326,69.46750213582087,brent
2027-06-17,0.6901882661227486,950.0,793.9992740046598,put_call_parity,0.17937943769968262,call,1.52,1.54,1.53,mid,0.013071895424836612,32.0,2107,0.12548856885003046,0.12448199876026088,-10.06570089769579,0.010868657527647648,63.637783184586866,brent
2027-06-17,0.6901882661227486,955.0,793.9992740046598,put_call_parity,0.18462879358582637,call,1.34,1.36,1.35,mid,0.014814814814814828,2.0,1405,0.12541361412960894,0.12442107843894973,-9.925356906592132,0.010855677638002818,58.32635803238439,brent
2027-06-17,0.6901882661227486,960.0,793.9992740046598,put_call_parity,0.18985073756697807,call,1.19,1.2,1.1949999999999998,mid,0.008368200836820092,2.0,875,0.12544638518946954,0.12442063781974144,-10.257473697281029,0.01086135163988631,53.488304535447554,brent
2027-06-17,0.6901882661227486,965.0,793.9992740046598,put_call_parity,0.1950455544440821,call,1.05,1.07,1.06,mid,0.018867924528301903,4.0,398,0.12555138011789843,0.12447943663938367,-10.719434785147614,0.010879540511115086,49.054948155368734,brent
2027-06-17,0.6901882661227486,970.0,793.9992740046598,put_call_parity,0.2002135246025247,call,0.93,0.95,0.94,mid,0.021276595744680753,14.0,3768,0.125672119862634,0.12459615578980801,-10.7596407282598,0.010900475757996476,44.93347877981486,brent
2027-06-17,0.6901882661227486,975.0,793.9992740046598,put_call_parity,0.2053549241029434,call,0.82,0.83,0.825,mid,0.012121212121212133,1.0,1301,0.12560263931446017,0.12476940479141439,-8.332345230457754,0.0108884259625864,40.8524979361816,brent
2027-06-17,0.6901882661227486,980.0,793.9992740046598,put_call_parity,0.21047002476971366,call,0.73,0.74,0.735,mid,0.01360544217687076,1.0,1564,0.1258567671716276,0.12499772954051892,-8.590376311086862,0.010932530953019432,37.451789859593134,brent
2027-06-17,0.6901882661227486,985.0,793.9992740046598,put_call_parity,0.21555909427718498,call,0.65,0.66,0.655,mid,0.015267175572519097,1.0,859,0.12612583081359846,0.12527962022673259,-8.462105868658753,0.010979325272654977,34.311915551660796,brent
2027-06-17,0.6901882661227486,990.0,793.9992740046598,put_call_parity,0.22062239623373173,call,0.58,0.59,0.585,mid,0.01709401709401711,1.0,3370,0.1264440987804462,0.12561351931903691,-8.305794614092976,0.011034805999817168,31.455879866121773,brent
2027-06-17,0.6901882661227486,995.0,793.9992740046598,put_call_parity,0.2256601902636889,call,0.52,0.54,0.53,mid,0.03773584905660381,1.0,601,0.12702695093263344,0.12599782952446067,-10.291214081727674,0.011136771754849997,29.088576620275653,brent
2027-06-17,0.6901882661227486,1000.0,793.9992740046598,put_call_parity,0.2306727320872332,call,0.47,0.48,0.475,mid,0.02105263157894739,140.0,4738,0.12740934801968695,0.1264309216302257,-9.784263894612454,0.011203924105030542,26.694739599245228,brent
2027-06-17,0.6901882661227486,1005.0,793.9992740046598,put_call_parity,0.2356602735982723,call,0.42,0.44,0.43,mid,0.046511627906976785,2.0,774,0.12796723043192404,0.12691114214863755,-10.560882832864882,0.011302255297438835,24.64845041663341,brent
2027-06-17,0.6901882661227486,1010.0,793.9992740046598,put_call_parity,0.24062306294040134,call,0.38,0.39,0.385,mid,0.025974025974025997,4.0,1355,0.12833005269767636,0.12743682069347623,-8.93232004200134,0.011366436153443708,22.580419253662594,brent
2027-06-17,0.6901882661227486,1015.0,793.9992740046598,put_call_parity,0.24556134458098391,call,0.35,0.36,0.355,mid,0.028169014084507067,92.0,237,0.1291864010921543,0.12800627702680306,-11.801240653512291,0.01151863909381549,21.093584507137063,brent
2027-06-17,0.6901882661227486,1020.0,793.9992740046598,put_call_parity,0.2504753593834128,call,0.32,0.33,0.325,mid,0.030769230769230795,1.0,815,0.1299072027392139,0.12861782772558394,-12.893750136299676,0.011647535269978535,19.604105853025132,brent
2027-06-17,0.6901882661227486,1025.0,793.9992740046598,put_call_parity,0.25536534467760463,call,0.29,0.3,0.295,mid,0.0338983050847458,2.0,82,0.1304755966035435,0.12926979242801015,-12.058041755333427,0.011749683123373109,18.107468174196953,brent
2027-06-17,0.6901882661227486,1030.0,793.9992740046598,put_call_parity,0.26023153432877755,call,0.26,0.27,0.265,mid,0.03773584905660381,1.0,498,0.1308697031987496,0.1299604996295824,-9.092035691672107,0.011820771069721535,16.59847417294667,brent
2027-06-17,0.6901882661227486,1035.0,793.9992740046598,put_call_parity,0.2650741588045656,call,0.24,0.25,0.245,mid,0.04081632653061228,1.0,107,0.13171422176564276,0.1306882920086793,-10.259297569634729,0.011973825149052193,15.51957151587303,brent
2027-06-17,0.6901882661227486,1040.0,793.9992740046598,put_call_parity,0.2698934452405145,call,0.22,0.23,0.225,mid,0.04444444444444448,4.0,216,0.13243867309981996,0.13145153127027698,-9.871418295429867,0.012105903659578752,14.440300269877946,brent
2027-06-17,0.6901882661227486,1050.0,793.9992740046598,put_call_parity,0.27946289625666526,call,0.19,0.2,0.195,mid,0.05128205128205133,1.0,190,0.1342644168380023,0.13307791806435537,-11.864987736469324,0.012441978064805048,12.740277860787332,brent
2027-06-17,0.6901882661227486,1060.0,793.9992740046598,put_call_parity,0.2889416402112089,call,0.16,0.17,0.165,mid,0.060606060606060656,4.0,431,0.13566530730326612,0.13482708786652972,-8.382194367363983,0.012702967220149023,11.044044429052386,brent
2027-06-17,0.6901882661227486,1070.0,793.9992740046598,put_call_parity,0.29833138056104797,call,0.14,0.15,0.14500000000000002,mid,0.06896551724137917,2.0,798,0.1375737360868466,0.13668700295095884,-8.867331358877461,0.013062870898975181,9.835618301659014,brent
2027-06-17,0.6901882661227486,1080.0,793.9992740046598,put_call_parity,0.30763377322336155,call,0.12,0.13,0.125,mid,0.08000000000000007,1.0,102,0.1391385985773615,0.1386462342166666,-4.923643606948858,0.013361733981053779,8.635536886066033,brent
2027-06-17,0.6901882661227486,1090.0,793.9992740046598,put_call_parity,0.3168504283282856,call,0.11,0.12,0.11499999999999999,mid,0.0869565217391304,1.0,1392,0.1415831626221848,0.14069401060363834,-8.891520185464463,0.01383537038081463,7.953923335139969,brent
2027-06-17,0.6901882661227486,1100.0,793.9992740046598,put_call_parity,0.325982911891558,call,0.1,0.11,0.10500000000000001,mid,0.09523809523809518,4.0,5145,0.14385053483815716,0.14282024715436759,-10.302876837895713,0.014282049483954383,7.28722501147306,brent
2027-06-17,0.6901882661227486,1110.0,793.9992740046598,put_call_parity,0.33503274741147593,call,0.09,0.1,0.095,mid,0.10526315789473693,29.0,130,0.14592297724235087,0.14501555527760113,-9.07421964749744,0.014696534395780262,6.632599808952869,brent
2027-06-17,0.6901882661227486,1120.0,793.9992740046598,put_call_parity,0.3440014173942364,call,0.08,0.09,0.08499999999999999,mid,0.11764705882352937,6.0,3802,0.1477768012048474,0.14727123865504357,-5.055625498038285,0.015072319604675751,5.987168462286121,brent
2027-06-17,0.6901882661227486,1130.0,793.9992740046598,put_call_parity,0.35289036481148245,call,0.07,0.08,0.07500000000000001,mid,0.13333333333333325,151.0,1548,0.14937964083217398,0.14957927795881829,1.9963712664430866,0.015401052218083659,5.347896257656839,brent
2027-06-17,0.6901882661227486,1140.0,793.9992740046598,put_call_parity,0.36170099449363724,call,0.07,0.08,0.07500000000000001,mid,0.13333333333333325,5.0,437,0.1526940506891972,0.15193230718502582,-7.617435041713804,0.01609206596367741,5.254094059208385,brent
2027-06-17,0.6901882661227486,1150.0,793.9992740046598,put_call_parity,0.37043467446239187,call,0.06,0.07,0.065,mid,0.15384615384615397,337.0,446,0.153928006366549,0.15432358400877227,3.955776422232826,0.016353204235068978,4.63089281369334,brent
2027-06-17,0.6901882661227486,1160.0,793.9992740046598,put_call_parity,0.3790927372055065,call,0.05,0.07,0.060000000000000005,mid,0.33333333333333337,1.0,75,0.1560023266503255,0.1567469561655775,7.446295152519767,0.016796922666046668,4.283121528439267,brent
2027-06-17,0.6901882661227486,1170.0,793.9992740046598,put_call_parity,0.3876764808968979,call,0.05,0.06,0.055,mid,0.18181818181818174,200.0,1288,0.1579282673224526,0.15919682548729444,12.685581648418376,0.0172142185663655,3.94106926374481,brent
2027-06-17,0.6901882661227486,1180.0,793.9992740046598,put_call_parity,0.39618717056480657,call,0.04,0.06,0.05,mid,0.3999999999999999,250.0,388,0.15969036246027665,0.1616681108815876,19.7774842131096,0.017600499161888786,3.603655347525712,brent
2027-06-17,0.6901882661227486,1190.0,793.9992740046598,put_call_parity,0.4046260392106712,call,0.04,0.06,0.05,mid,0.3999999999999999,28.0,1576,0.16273551707327263,0.1641562112490702,14.206941757975711,0.01827815130001239,3.548543234896958,brent
2027-09-17,0.9422430606432965,415.0,801.8169728350757,put_call_parity,-0.6586018481685716,put,2.66,2.68,2.67,mid,0.007490636704119857,1.0,66,0.37218898302227255,0.36829907899445846,-38.89904027814084,0.13052387990421857,40.17688602350189,brent
2027-09-17,0.9422430606432965,420.0,801.8169728350757,put_call_parity,-0.6466256571218558,put,2.76,2.77,2.7649999999999997,mid,0.003616636528029017,1.0,202,0.36850892240486477,0.3649729197277131,-35.36002677151651,0.1279555013402392,41.568017694510004,brent
2027-09-17,0.9422430606432965,425.0,801.8169728350757,put_call_parity,-0.6347911994748532,put,2.85,2.87,2.8600000000000003,mid,0.006993006993006998,126.0,298,0.3647897162365098,0.361667935661871,-31.217805746387995,0.12538573237514752,42.97233045417966,brent
2027-09-17,0.9422430606432965,430.0,801.8169728350757,put_call_parity,-0.6230951597116619,put,2.95,2.97,2.96,mid,0.006756756756756763,10.0,217,0.361147708549,0.35838372651140493,-27.63982037595092,0.12289456451430177,44.4338022158926,brent
2027-09-17,0.9422430606432965,435.0,801.8169728350757,put_call_parity,-0.6115343373105859,put,3.05,3.07,3.0599999999999996,mid,0.006535947712418307,1.0,79,0.35746654992102717,0.35511991228498163,-23.466376360455342,0.12040201777870048,45.90919941787039,brent
2027-09-17,0.9422430606432965,440.0,801.8169728350757,put_call_parity,-0.6001056414869631,put,3.16,3.18,3.17,mid,0.006309148264984233,2.0,229,0.35396060690154674,0.3518761326967465,-20.844742048002352,0.11805185339521578,47.4846326401189,brent
2027-09-17,0.9422430606432965,445.0,801.8169728350757,put_call_parity,-0.5888060862330298,put,3.27,3.29,3.2800000000000002,mid,0.006097560975609761,5.0,47,0.3504089942946499,0.3486520466206229,-17.569476740270098,0.11569469296895145,49.07418133975734,brent
2027-09-17,0.9422430606432965,450.0,801.8169728350757,put_call_parity,-0.5776327856349045,put,3.38,3.4,3.3899999999999997,mid,0.0058997050147492685,1.0,285,0.34681564326690567,0.3454473315850297,-13.683116818759554,0.11333402276980119,50.6786194407336,brent
2027-09-17,0.9422430606432965,455.0,801.8169728350757,put_call_parity,-0.5665829494483194,put,3.49,3.52,3.505,mid,0.008559201141226764,1.0,82,0.3432796486073978,0.34226168330561624,-10.179653017815538,0.11103478644256208,52.34043557484099,brent
2027-09-17,0.9422430606432965,460.0,801.8169728350757,put_call_parity,-0.5556538789161292,put,3.61,3.64,3.625,mid,0.008275862068965585,1.0,605,0.33979527403660953,0.33909481525378443,-7.004587828250974,0.10879216420186477,54.0594526503726,brent
2027-09-17,0.9422430606432965,465.0,801.8169728350757,put_call_parity,-0.5448429628119137,put,3.74,3.76,3.75,mid,0.0053333333333332195,1.0,57,0.3363571816562514,0.3359464582589324,-4.1072339731901275,0.10660175568622247,55.83548860858772,brent
2027-09-17,0.9422430606432965,470.0,801.8169728350757,put_call_parity,-0.5341476736951657,put,3.87,3.89,3.88,mid,0.005154639175257737,2.0,491,0.33296041035529,0.3328163601424913,-1.4405021279872976,0.10445954838520083,57.66836074709442,brent
2027-09-17,0.9422430606432965,475.0,801.8169728350757,put_call_parity,-0.5235655643646288,put,4.0,4.03,4.015000000000001,mid,0.007471980074719862,7.0,87,0.32960035362033074,0.32970428538196406,1.0393176163331352,0.10236188753805546,59.55788957099869,brent
2027-09-17,0.9422430606432965,480.0,801.8169728350757,put_call_parity,-0.5130942644973333,put,4.14,4.17,4.154999999999999,mid,0.007220216606498256,35.0,949,0.32627273716482635,0.32661001480328883,3.3727763846247427,0.10030544762721674,61.50390220729028,brent
2027-09-17,0.9422430606432965,485.0,801.8169728350757,put_call_parity,-0.5027314774617867,put,4.29,4.32,4.305,mid,0.0069686411149826365,5.0,124,0.3230523047158794,0.3235333452999586,4.810405840791621,0.09833511615772961,63.545649139551195,brent
2027-09-17,0.9422430606432965,490.0,801.8169728350757,put_call_parity,-0.4924749772945976,put,4.44,4.47,4.455,mid,0.006734006734006591,2.0,123,0.31977549404607447,0.3204740895774276,6.985955313531522,0.0963503518282963,65.60373437135522,brent
2027-09-17,0.9422430606432965,495.0,801.8169728350757,put_call_parity,-0.48232260583057956,put,4.6,4.62,4.609999999999999,mid,0.004338394793926348,39.0,249,0.3165201634832847,0.3174320759214201,9.11912438135376,0.09439863411970427,67.71784471532425,brent
2027-09-17,0.9422430606432965,500.0,801.8169728350757,put_call_parity,-0.4722722699770783,put,4.76,4.79,4.775,mid,0.006282722513089057,44.0,573,0.3133546721429553,0.3144071479888372,10.524758458818617,0.09251993022591715,69.92597204842669,brent
2027-09-17,0.9422430606432965,505.0,801.8169728350757,put_call_parity,-0.4623219391239102,put,4.93,4.96,4.945,mid,0.006066734074823103,2.0,349,0.31020010898348577,0.31139916462002964,11.990556365438776,0.09066649766528834,72.18900182297688,brent
2027-09-17,0.9422430606432965,510.0,801.8169728350757,put_call_parity,-0.4524696426808985,put,5.1,5.13,5.115,mid,0.005865102639296236,1.0,177,0.3069868733477748,0.3084079996712659,14.211263234911176,0.08879787212778825,74.46966060972419,brent
2027-09-17,0.9422430606432965,515.0,801.8169728350757,put_call_parity,-0.4427134677355338,put,5.29,5.32,5.305,mid,0.005655042412818143,45.0,205,0.30397906411540965,0.3054335418662829,14.54477750873262,0.08706634127668664,76.91608967383276,brent
2027-09-17,0.9422430606432965,520.0,801.8169728350757,put_call_parity,-0.43305155682379687,put,5.48,5.51,5.495,mid,0.005459508644221903,6.0,941,0.30090414450085806,0.3024756946658565,15.715501649984365,0.08531380004924091,79.37905416699232,brent
2027-09-17,0.9422430606432965,525.0,801.8169728350757,put_call_parity,-0.42348210580764617,put,5.68,5.71,5.695,mid,0.005267778753292405,1.0,543,0.29788853066756654,0.2995343761543729,16.45845486806352,0.08361236586696948,81.93136335955079,brent
2027-09-17,0.9422430606432965,530.0,801.8169728350757,put_call_parity,-0.4140033618531024,put,5.89,5.92,5.904999999999999,mid,0.005080440304826461,12.0,1193,0.2949249491396029,0.2966095189424204,16.845698028175036,0.0819569851298723,84.57145036336993,brent
2027-09-17,0.9422430606432965,535.0,801.8169728350757,put_call_parity,-0.40461362150326347,put,6.1,6.14,6.119999999999999,mid,0.006535947712418307,1.0,3705,0.29194934531046174,0.2937010700844541,17.517247739923803,0.08031154098704064,87.26315893509889,brent
2027-09-17,0.9422430606432965,540.0,801.8169728350757,put_call_parity,-0.39531122884094994,put,6.33,6.36,6.345000000000001,mid,0.004728132387706895,5.0,1210,0.28901627322328405,0.29080899101061347,17.92717787329423,0.07870594558324202,90.0405624716602,brent
2027-09-17,0.9422430606432965,545.0,801.8169728350757,put_call_parity,-0.3860945737360259,put,6.56,6.6,6.58,mid,0.0060790273556231055,4.0,123,0.2861197255550783,0.28793325747179677,18.135319167184583,0.07713625454270341,92.90207618547532,brent
2027-09-17,0.9422430606432965,550.0,801.8169728350757,put_call_parity,-0.37696209017275334,put,6.81,6.84,6.824999999999999,mid,0.004395604395604433,2.0,1676,0.28325412171352043,0.28507385949711395,18.197377835935114,0.07559889087424342,95.84610542968419,brent
2027-09-17,0.9422430606432965,555.0,801.8169728350757,put_call_parity,-0.36791225465283545,put,7.06,7.1,7.08,mid,0.005649717514124299,1.0,2811,0.28041428132952767,0.2822308013628529,18.165200333252194,0.0740906157471124,98.87105332133729,brent
2027-09-17,0.9422430606432965,560.0,801.8169728350757,put_call_parity,-0.358943584670075,put,7.33,7.37,7.35,mid,0.005442176870748304,10.0,400,0.2776444210629134,0.2794041015721058,17.59680509192396,0.07263414859955337,102.00695265756902,brent
2027-09-17,0.9422430606432965,565.0,801.8169728350757,put_call_parity,-0.3500546372528289,put,7.61,7.65,7.630000000000001,mid,0.005242463958060293,1.0,553,0.2748880757282883,0.27659379284420577,17.057171159174935,0.0711991403370824,105.21933686250526,brent
2027-09-17,0.9422430606432965,570.0,801.8169728350757,put_call_parity,-0.341244007570674,put,7.9,7.93,7.915,mid,0.0037902716361338422,1.0,788,0.27209518421960516,0.27379992211312587,17.047378935207135,0.06975970868409008,108.47626638664518,brent
2027-09-17,0.9422430606432965,575.0,801.8169728350757,put_call_parity,-0.33251032760191956,put,8.2,8.24,8.219999999999999,mid,0.004866180048661913,21.0,1229,0.2694003194716146,0.27102255053399177,16.222310623771886,0.06838473376637443,111.86720517714367,brent
2027-09-17,0.9422430606432965,580.0,801.8169728350757,put_call_parity,-0.323852264858805,put,8.52,8.56,8.54,mid,0.004683840749414628,10.0,1118,0.2667485054395928,0.2682617534968503,15.132480572574991,0.0670450836983016,115.35760611711684,brent
2027-09-17,0.9422430606432965,585.0,801.8169728350757,put_call_parity,-0.3152685211674135,put,8.84,8.89,8.865,mid,0.005640157924421964,4.0,637,0.2640487295305686,0.26551762064682827,14.688911162596408,0.06569481774476471,118.88722554230289,brent
2027-09-17,0.9422430606432965,590.0,801.8169728350757,put_call_parity,-0.3067578314995048,put,9.19,9.23,9.21,mid,0.004343105320304117,2.0,954,0.2614244831665483,0.2627902559098011,13.6577274325278,0.06439549173106811,122.53953268464657,brent
2027-09-17,0.9422430606432965,595.0,801.8169728350757,put_call_parity,-0.2983189628536402,put,9.54,9.59,9.565,mid,0.005227391531625793,8.0,833,0.2587867301142976,0.2600797775226727,12.930474083751031,0.06310255643585705,126.25497975978253,brent
2027-09-17,0.9422430606432965,600.0,801.8169728350757,put_call_parity,-0.28995071318312354,put,9.92,9.96,9.940000000000001,mid,0.004024144869215384,2.0,4411,0.25621017731254175,0.2573863180673464,11.761407548046554,0.06185227835993225,130.08455606003992,brent
2027-09-17,0.9422430606432965,605.0,801.8169728350757,put_call_parity,-0.2816519103684284,put,10.31,10.35,10.33,mid,0.0038722168441431893,2.0,1337,0.2536487642665965,0.25471002450744284,10.612602408463513,0.06062174723004525,133.99700419845752,brent
2027-09-17,0.9422430606432965,610.0,801.8169728350757,put_call_parity,-0.2734214112319131,put,10.71,10.76,10.735,mid,0.004657661853749319,2.0,887,0.2510976076573405,0.2520510582267887,9.534505694481776,0.059408433049750985,137.98871494704693,brent
2027-09-17,0.9422430606432965,615.0,801.8169728350757,put_call_parity,-0.2652581005927521,put,11.13,11.18,11.155000000000001,mid,0.004482294935006627,2.0,903,0.24855216157358828,0.24940959506867036,8.574334950820772,0.058210058599023624,142.0560815806749,brent
2027-09-17,0.9422430606432965,620.0,801.8169728350757,put_call_parity,-0.25716089036013273,put,11.57,11.62,11.594999999999999,mid,0.004312203536006808,2.0,1450,0.24604238440240186,0.246785825374805,7.434409724031421,0.05704043146381956,146.21877500227146,brent
2027-09-17,0.9422430606432965,625.0,801.8169728350757,put_call_parity,-0.24912871866286845,put,12.03,12.08,12.055,mid,0.004147656574035729,262.0,1064,0.24356142784948112,0.24417995402294543,6.185261734643066,0.055895902210777434,150.47092698977627,brent
2027-09-17,0.9422430606432965,630.0,801.8169728350757,put_call_parity,-0.24116054901369155,put,12.51,12.56,12.535,mid,0.0039888312724372325,1.0,637,0.24110291340148157,0.241592200461984,4.892870605024413,0.05477316845398358,154.80663341776895,brent
2027-09-17,0.9422430606432965,635.0,801.8169728350757,put_call_parity,-0.23325536950657827,put,13.01,13.06,13.035,mid,0.0038358266206368016,1.0,420,0.23866089690612066,0.2390227987433773,3.619018372566507,0.053669244833680976,159.2199623542098,brent
2027-09-17,0.9422430606432965,640.0,801.8169728350757,put_call_parity,-0.22541219204555235,put,13.53,13.58,13.555,mid,0.0036886757654002737,55.0,333,0.23622983272345166,0.23647199754765322,2.4216482420155727,0.05258143479007501,163.704957783906,brent
2027-09-17,0.9422430606432965,645.0,801.8169728350757,put_call_parity,-0.21763005160349752,put,14.07,14.13,14.100000000000001,mid,0.004255319148936205,1.0,2064,0.23383425298577445,0.23394006020470845,1.0580721893399536,0.05152039749413329,168.275024716554,brent
2027-09-17,0.9422430606432965,650.0,801.8169728350757,put_call_parity,-0.2099080055095872,put,14.64,14.69,14.665,mid,0.003409478349812406,130.0,3941,0.23143799961314002,0.23142726470653938,-0.10734906600640137,0.05046988109071844,172.9031881325937,brent
2027-09-17,0.9422430606432965,655.0,801.8169728350757,put_call_parity,-0.20224513276401807,put,15.23,15.29,15.26,mid,0.003931847968545133,3.0,381,0.22909291543181026,0.22893390371098196,-1.590117208283004,0.04945227388359015,177.618981485969,brent
2027-09-17,0.9422430606432965,660.0,801.8169728350757,put_call_parity,-0.19464053337879872,put,15.85,15.9,15.875,mid,0.003149606299212643,21.0,5260,0.2267355587462377,0.2264602845349661,-2.752742112715756,0.04843978631908727,182.37755300406448,brent
2027-09-17,0.9422430606432965,665.0,801.8169728350757,put_call_parity,-0.1870933277434158,put,16.49,16.55,16.52,mid,0.003631961259080041,21.0,564,0.22441555817551637,0.224006729135711,-4.088290398053529,0.04745356797508435,187.2051307909761,brent
2027-09-17,0.9422430606432965,670.0,801.8169728350757,put_call_parity,-0.17960265601425818,put,17.16,17.22,17.189999999999998,mid,0.0034904013961604844,1.0,598,0.22209922139920651,0.22157357407821007,-5.256473209964419,0.04647902613666193,192.07534062779317,brent
2027-09-17,0.9422430606432965,675.0,801.8169728350757,put_call_parity,-0.1721676775267401,put,17.85,17.92,17.885,mid,0.003913894324853244,1.0,3465,0.21978133427109933,0.21916117048726794,-6.201637838313956,0.045513953231316615,196.97953030169597,brent
2027-09-17,0.9422430606432965,680.0,801.8169728350757,put_call_parity,-0.1647875702291175,put,18.58,18.65,18.615,mid,0.003760408272898216,14.0,2905,0.21750649474667397,0.2167698839822609,-7.366107644130593,0.04457664786634551,201.93647071461933,brent
2027-09-17,0.9422430606432965,685.0,801.8169728350757,put_call_parity,-0.1574615301370447,put,19.34,19.4,19.369999999999997,mid,0.0030975735673721594,3.0,1880,0.21521812994249848,0.21440009459270373,-8.180353497947435,0.04364360882338844,206.90662562526686,brent
2027-09-17,0.9422430606432965,690.0,801.8169728350757,put_call_parity,-0.15018877080796492,put,20.12,20.2,20.16,mid,0.003968253968253884,4.0,1877,0.2129591350185202,0.2120521966526039,-9.069383659162932,0.04273222397035657,211.90536479549374,brent
2027-09-17,0.9422430606432965,695.0,801.8169728350757,put_call_parity,-0.14296852283447783,put,20.95,21.02,20.985,mid,0.0033357159876102114,7.0,775,0.2107221246407654,0.20972659867149002,-9.955259692753792,0.04183918543150764,216.9188557914389,brent
2027-09-17,0.9422430606432965,700.0,801.8169728350757,put_call_parity,-0.13580003335586527,put,21.8,21.88,21.84,mid,0.003663003663003585,36.0,9225,0.2084776214985985,0.20742372317989505,-10.5389831870345,0.04095263350807198,221.9226129872877,brent
2027-09-17,0.9422430606432965,705.0,801.8169728350757,put_call_parity,-0.12868256558700128,put,22.69,22.78,22.735,mid,0.003958654057620403,3.0,5146,0.20626462674799287,0.2051440065469751,-11.206202010177746,0.04008782170359749,226.92447951497314,brent
2027-09-17,0.9422430606432965,710.0,801.8169728350757,put_call_parity,-0.1216153983639088,put,23.63,23.71,23.67,mid,0.0033798056611745605,123.0,1641,0.20407544219283177,0.2028878987678388,-11.875434249929706,0.03924139520666244,231.90791821835182,brent
2027-09-17,0.9422430606432965,715.0,801.8169728350757,put_call_parity,-0.11459782570526224,put,24.59,24.69,24.64,mid,0.004058441558441616,8.0,1538,0.20188170084418502,0.20065586321806042,-12.25837626124604,0.03840226654319563,236.8480519906394,brent
2027-09-17,0.9422430606432965,720.0,801.8169728350757,put_call_parity,-0.107629156389169,put,25.61,25.71,25.66,mid,0.0038971161340608505,67.0,2930,0.19973986943064206,0.19844837637274856,-12.914930578935003,0.03759174369581794,241.75279736619453,brent
2027-09-17,0.9422430606432965,725.0,801.8169728350757,put_call_parity,-0.10070871354459521,put,26.67,26.78,26.725,mid,0.004115996258185198,21.0,8158,0.19762065061401043,0.1962659274874448,-13.547231265656212,0.03679828657055168,246.59401154008142,brent
2027-09-17,0.9422430606432965,730.0,801.8169728350757,put_call_parity,-0.09383583425683316,put,27.78,27.89,27.835,mid,0.0039518591701095535,2.0,3011,0.19551673541012404,0.19410901823803872,-14.07717172085321,0.036018931212655744,251.3524552863848,brent
2027-09-17,0.9422430606432965,735.0,801.8169728350757,put_call_parity,-0.08700986918643328,put,28.93,29.05,28.990000000000002,mid,0.00413935839944812,765.0,1738,0.19342119033539476,0.19197816231679843,-14.430280185963317,0.03525096829794873,256.00876690799646,brent
2027-09-17,0.9422430606432965,740.0,801.8169728350757,put_call_parity,-0.08023018220105449,put,30.14,30.25,30.195,mid,0.003642987249544608,1.0,767,0.19134659502028564,0.18987388498154864,-14.727100387370019,0.034498834604742484,260.5480672432248,brent
2027-09-17,0.9422430606432965,745.0,801.8169728350757,put_call_parity,-0.0734961500197104,put,31.4,31.52,31.46,mid,0.0038143674507311186,1.0,526,0.1893233949164669,0.18779672255496868,-15.266723614982268,0.0337731457938495,264.9566647110496,brent
2027-09-17,0.9422430606432965,750.0,801.8169728350757,put_call_parity,-0.06680716186891378,put,32.71,32.84,32.775000000000006,mid,0.003966437833714799,26.0,2709,0.18730570457889748,0.18574722187094375,-15.584827079537234,0.03305711560399281,269.2022704006922,brent
2027-09-17,0.9422430606432965,755.0,801.8169728350757,put_call_parity,-0.060162619150245185,put,34.08,34.22,34.15,mid,0.004099560761347015,3.0,1475,0.1853235822782172,0.18372593966488268,-15.976426133345322,0.03236117787633192,273.26869199436703,brent
2027-09-17,0.9422430606432965,760.0,801.8169728350757,put_call_parity,-0.05356193511889323,put,35.53,35.66,35.595,mid,0.0036521983424637017,24.0,2199,0.1834052775808861,0.18173344190492563,-16.718356759604646,0.03169469703691846,277.1351363265863,brent
2027-09-17,0.9422430606432965,765.0,801.8169728350757,put_call_parity,-0.04700453457273413,put,37.03,37.17,37.1,mid,0.0037735849056603926,15.0,3325,0.18150636903042203,0.1797703030609985,-17.360659694235224,0.031041784929120998,280.7699576581281,brent
2027-09-17,0.9422430606432965,770.0,801.8169728350757,put_call_parity,-0.040489853551540424,put,38.62,38.77,38.695,mid,0.003876469828143318,41.0,6957,0.17972553318835696,0.1778371053087459,-18.884278796110486,0.030435644944412858,284.15618204113156,brent
2027-09-17,0.9422430606432965,775.0,801.8169728350757,put_call_parity,-0.03401733904592295,put,40.28,40.44,40.36,mid,0.003964321110009827,21.0,2959,0.17798314108194965,0.17593443766548525,-20.487034164644037,0.029848374270548202,287.2583819182894,brent
2027-09-17,0.9422430606432965,780.0,801.8169728350757,put_call_parity,-0.027586448715632504,put,42.04,42.2,42.120000000000005,mid,0.0037986704653372194,5.0,1290,0.17635845001627568,0.17406289505548372,-22.95554960791951,0.029305929070147868,290.05359417301355,brent
2027-09-17,0.9422430606432965,785.0,801.8169728350757,put_call_parity,-0.021196650616861476,put,43.88,44.05,43.965,mid,0.003866712157397807,9.0,1037,0.17480863863740334,0.17222307730206676,-25.85561335336578,0.028793120115767123,292.51222638512985,brent
2027-09-17,0.9422430606432965,790.0,801.8169728350757,put_call_parity,-0.014847422938202716,put,45.84,46.01,45.925,mid,0.003701687534022746,21.0,1490,0.17342874599421304,0.17041558804433773,-30.13157949875306,0.02834034386454729,294.6094532419349,brent
2027-09-17,0.9422430606432965,795.0,801.8169728350757,put_call_parity,-0.008538253744938091,put,47.87,48.05,47.959999999999994,mid,0.00375312760633861,30.0,1992,0.1720760258863047,0.16864103357661026,-34.349923096944345,0.027899966545322445,296.3209031345733,brent
2027-09-17,0.9422430606432965,800.0,801.8169728350757,put_call_parity,-0.0022686407313426797,put,50.03,50.23,50.129999999999995,mid,0.003989626969878232,9.0,3100,0.17094771735784003,0.16690002160905762,-40.47695748782415,0.02753528398065375,297.62562927569644,brent
2027-09-17,0.9422430606432965,805.0,801.8169728350757,put_call_parity,0.00396190901929352,call,47.9,48.0,47.95,mid,0.002085505735140801,6.0,1256,0.16528250377941386,0.16519315994854755,-0.8934383086631192,0.02574048430941127,298.55811307779413,brent
2027-09-17,0.9422430606432965,810.0,801.8169728350757,put_call_parity,0.010153879267214503,call,45.11,45.21,45.16,mid,0.0022143489813995004,24.0,1246,0.16320717728511966,0.16352105509918016,3.1387781406050363,0.025098135224699152,298.98452526812144,brent
2027-09-17,0.9422430606432965,815.0,801.8169728350757,put_call_parity,0.01630774484159267,call,42.41,42.51,42.459999999999994,mid,0.0023551577955723373,10.0,1917,0.1611876068017286,0.16188431078266907,6.967039809404607,0.024480835867088446,298.9176828950772,brent
2027-09-17,0.9422430606432965,820.0,801.8169728350757,put_call_parity,0.02242397185902888,call,39.81,39.9,39.855000000000004,mid,0.0022581859239743144,18.0,4374,0.15923393325996388,0.1602835263794184,10.495931194545172,0.02389099257324984,298.3323705101573,brent
2027-09-17,0.9422430606432965,825.0,801.8169728350757,put_call_parity,0.028503017935410976,call,37.3,37.39,37.345,mid,0.0024099611728478623,7.0,1321,0.15734031869718018,0.15871929529193582,13.789765947556376,0.02332614648966658,297.20657637097526,brent
2027-09-17,0.9422430606432965,830.0,801.8169728350757,put_call_parity,0.03454533239137372,call,34.89,34.98,34.935,mid,0.002576212966938494,20.0,2008,0.15551860687955574,0.15719220323309752,16.735963535417785,0.022789125608516706,295.5231071964496,brent
2027-09-17,0.9422430606432965,835.0,801.8169728350757,put_call_parity,0.0405513564515855,call,32.57,32.66,32.614999999999995,mid,0.002759466503142613,10.0,1281,0.1537307804285101,0.15570282644273414,19.720460142240437,0.0222681742751267,293.2646174800619,brent
2027-09-17,0.9422430606432965,840.0,801.8169728350757,put_call_parity,0.04652152343808944,call,30.37,30.45,30.41,mid,0.0026307135810588063,20.0,2839,0.15205900108600573,0.15425172983703336,21.92728751027634,0.0217864873357848,290.4333040192857,brent
2027-09-17,0.9422430606432965,845.0,801.8169728350757,put_call_parity,0.052456258957903894,call,28.25,28.34,28.295,mid,0.003180773988337157,2.0,2352,0.1504159138243632,0.15283946509634963,24.235512719864293,0.02131819943218876,287.01419317062766,brent
2027-09-17,0.9422430606432965,850.0,801.8169728350757,put_call_parity,0.058355981085092094,call,26.25,26.34,26.295,mid,0.003422703936109521,3.0,2336,0.14888775799482698,0.1514665686981576,25.788107033306307,0.02088723380332705,283.0303141128521,brent
2027-09-17,0.9422430606432965,855.0,801.8169728350757,put_call_parity,0.06422110053749029,call,24.36,24.43,24.395,mid,0.0028694404591104853,27.0,1495,0.1474236312836209,0.15013355990308466,27.099286194637585,0.020478453505000407,278.4830271849,brent
2027-09-17,0.9422430606432965,860.0,801.8169728350757,put_call_parity,0.07005202084828341,call,22.56,22.64,22.6,mid,0.003539823008849639,15.0,2054,0.14604395310555784,0.14884093870316903,27.969855976111845,0.020096947937510816,273.39829242035506,brent
2027-09-17,0.9422430606432965,865.0,801.8169728350757,put_call_parity,0.07584913853260943,call,20.87,20.94,20.905,mid,0.003348481224587433,22.0,1594,0.1447348875437625,0.14758918374272206,28.542961989595494,0.019738284467283387,267.7969511139696,brent
2027-09-17,0.9422430606432965,870.0,801.8169728350757,put_call_parity,0.08161284324935941,call,19.28,19.36,19.32,mid,0.0041407867494823135,43.0,2427,0.14354025229017978,0.14637875022337854,28.384979331987637,0.019413791367793098,261.7373076874572,brent
2027-09-17,0.9422430606432965,875.0,801.8169728350757,put_call_parity,0.08734351795834457,call,17.8,17.87,17.835,mid,0.003924866834875261,416.0,4539,0.142431434250952,0.1452100678060929,27.78633555140908,0.01911501498356647,255.24814673390532,brent
2027-09-17,0.9422430606432965,880.0,801.8169728350757,put_call_parity,0.0930415390729822,call,16.42,16.48,16.450000000000003,mid,0.003647416413373782,7.0,8228,0.14141876163093073,0.14408353852394024,26.647768930095072,0.01884416973952864,248.38473125857334,brent
2027-09-17,0.9422430606432965,885.0,801.8169728350757,put_call_parity,0.09870727660865948,call,15.12,15.18,15.149999999999999,mid,0.003960396039603993,3.0,3083,0.1404530835173301,0.14299953472058946,25.46451203259359,0.01858769356069476,241.15765189052442,brent
2027-09-17,0.9422430606432965,890.0,801.8169728350757,put_call_parity,0.10434109432691559,call,13.92,13.98,13.95,mid,0.00430107526881724,45.0,2106,0.1396087795755932,0.14195839703019786,23.49617454604658,0.018364893277709776,233.68437288974172,brent
2027-09-17,0.9422430606432965,895.0,801.8169728350757,put_call_parity,0.10994334987558535,call,12.79,12.85,12.82,mid,0.004680187207488338,461.0,1087,0.13877223273310432,0.14096043241520032,21.881996820959927,0.018145464885091254,225.9099089016323,brent
2027-09-17,0.9422430606432965,900.0,801.8169728350757,put_call_parity,0.11551439492504084,call,11.76,11.81,11.785,mid,0.004242681374628825,188.0,3203,0.13806689054468704,0.14000591227901013,19.390217343230876,0.017961476556640345,218.01596040500596,brent
2027-09-17,0.9422430606432965,905.0,801.8169728350757,put_call_parity,0.12105457530065614,call,10.79,10.84,10.815,mid,0.004623208506703718,4.0,451,0.13737378100500136,0.13909507067097218,17.21289665970821,0.017781592409038986,209.92481670320632,brent
2027-09-17,0.9422430606432965,910.0,801.8169728350757,put_call_parity,0.12656423111162585,call,9.89,9.94,9.915,mid,0.00504286434694896,5.0,646,0.1367290522240457,0.1382281026009999,14.990503769542196,0.01761507734451565,201.72486115948334,brent
2027-09-17,0.9422430606432965,915.0,801.8169728350757,put_call_parity,0.13204369687625137,call,9.05,9.11,9.08,mid,0.006607929515418361,2.0,1668,0.13612373838549563,0.13740516248115578,12.814240956601497,0.017459455001257722,193.45220060285106,brent
2027-09-17,0.9422430606432965,920.0,801.8169728350757,put_call_parity,0.13749330164381615,call,8.29,8.34,8.315,mid,0.00601322910402895,49.0,1005,0.1356016435649414,0.13662636271098855,10.247191460471539,0.017325782356629005,185.21733340790172,brent
2027-09-17,0.9422430606432965,925.0,801.8169728350757,put_call_parity,0.14291336911315525,call,7.57,7.62,7.595000000000001,mid,0.00658327847267937,2.0,3170,0.13504542769227265,0.13589177242270414,8.463447304314919,0.017183938785215076,176.8907332597406,brent
2027-09-17,0.9422430606432965,930.0,801.8169728350757,put_call_parity,0.1483042177480316,call,6.92,6.97,6.945,mid,0.007199424046076288,2.0,3021,0.134611286634338,0.13520141640122418,5.901297668861883,0.017073631284070977,168.75150652584608,brent
2027-09-17,0.9422430606432965,935.0,801.8169728350757,put_call_parity,0.1536661608894171,call,6.31,6.35,6.33,mid,0.0063191153238546655,1.0,472,0.13411356614189698,0.13455527419287439,4.417080509774019,0.016947606400918754,160.54353638461814,brent
2027-09-17,0.9422430606432965,940.0,801.8169728350757,put_call_parity,0.1589995068647796,call,5.75,5.79,5.77,mid,0.006932409012131722,1.0,2458,0.13368756739616178,0.1339532794148514,2.6571201868963445,0.01684011253577622,152.51866821768596,brent
2027-09-17,0.9422430606432965,945.0,801.8169728350757,put_call_parity,0.16430455909447286,call,5.23,5.28,5.255000000000001,mid,0.009514747859181697,8.0,1506,0.13329095482474973,0.13339531927577955,1.0436445102982028,0.01674034120881094,144.64037576527085,brent
2027-09-17,0.9422430606432965,950.0,801.8169728350757,put_call_parity,0.16958161619531656,call,4.76,4.8,4.779999999999999,mid,0.008368200836820092,7.0,2023,0.13290768803045444,0.13288123431558718,-0.2645371486725834,0.016644208765860098,136.90873927462758,brent
2027-09-17,0.9422430606432965,955.0,801.8169728350757,put_call_parity,0.1748309720814604,call,4.33,4.37,4.35,mid,0.009195402298850583,69.0,1197,0.13259475311946936,0.13241081837066318,-1.8393474880618044,0.01656592251738484,129.45046293117525,brent
2027-09-17,0.9422430606432965,960.0,801.8169728350757,put_call_parity,0.18005291606261198,call,3.93,3.97,3.95,mid,0.010126582278481022,4.0,1118,0.13225850741724562,0.13198381876783252,-2.746886494131018,0.016482010335549916,122.12004337185483,brent
2027-09-17,0.9422430606432965,965.0,801.8169728350757,put_call_parity,0.18524773293971591,call,3.57,3.61,3.59,mid,0.011142061281337058,16.0,2589,0.13199830808610613,0.13159993674815174,-3.9837133795439517,0.016417222224096854,115.1152525043855,brent
2027-09-17,0.9422430606432965,970.0,801.8169728350757,put_call_parity,0.19041570309815858,call,3.24,3.28,3.26,mid,0.012269938650306624,12.0,2505,0.13175358416273872,0.13125882811893613,-4.947560438025855,0.016356403828617416,108.34189350917029,brent
2027-09-17,0.9422430606432965,975.0,801.8169728350757,put_call_parity,0.19555710259857717,call,2.94,2.98,2.96,mid,0.013513513513513526,11.0,2618,0.13154472548160365,0.13096010412983292,-5.8462135177073105,0.01630458786848209,101.84900628155485,brent
2027-09-17,0.9422430606432965,980.0,801.8169728350757,put_call_parity,0.2006722032653477,call,2.67,2.71,2.69,mid,0.014869888475836444,3.0,3870,0.13139648776560778,0.13070333256620842,-6.93155199399359,0.016267861302302605,95.68989889784845,brent
2027-09-17,0.9422430606432965,985.0,801.8169728350757,put_call_parity,0.20576127277281892,call,2.43,2.46,2.4450000000000003,mid,0.012269938650306667,8.0,5839,0.13128302216564916,0.13048803905066853,-7.949831149806352,0.016239777664782594,89.82274849315826,brent
2027-09-17,0.9422430606432965,990.0,801.8169728350757,put_call_parity,0.21082457472936575,call,2.2,2.24,2.22,mid,0.018018018018018032,4.0,4799,0.1311695730982288,0.13031370854123875,-8.558645569900492,0.016211722375602807,84.18887929356401,brent
2027-09-17,0.9422430606432965,995.0,801.8169728350757,put_call_parity,0.21586236875932283,call,2.0,2.03,2.0149999999999997,mid,0.014888337468982535,1.0,3084,0.13107376075334332,0.13017978701263078,-8.939737407125392,0.016188047436305343,78.82154742502296,brent
2027-09-17,0.9422430606432965,1000.0,801.8169728350757,put_call_parity,0.22087491058286704,call,1.82,1.85,1.835,mid,0.01634877384196187,13.0,3670,0.13108485917172658,0.13008568330516682,-9.991758665597594,0.016190788935877474,73.87177376352044,brent
2027-09-17,0.9422430606432965,1005.0,801.8169728350757,put_call_parity,0.2258624520939062,call,1.66,1.69,1.6749999999999998,mid,0.017910447761194048,276.0,3645,0.1311703626111279,0.13003077112433936,-11.395914867885493,0.016211917533704642,69.27380326266172,brent
2027-09-17,0.9422430606432965,1010.0,801.8169728350757,put_call_parity,0.23082524143603514,call,1.51,1.54,1.525,mid,0.019672131147541003,14.0,4827,0.1312080817831463,0.13001439117269786,-11.93690610448439,0.016221242628415046,64.8185039377427,brent
2027-09-17,0.9422430606432965,1015.0,801.8169728350757,put_call_parity,0.2357635230766178,call,1.38,1.4,1.39,mid,0.014388489208633108,2.0,2122,0.13128664369242998,0.1300358533947721,-12.507902976578722,0.016240673646607997,60.64791211158089,brent
2027-09-17,0.9422430606432965,1020.0,801.8169728350757,put_call_parity,0.2406775378790468,call,1.26,1.28,1.27,mid,0.015748031496063006,1.0,4418,0.13143122910213206,0.13009443931508938,-13.367897870426859,0.01627646491064833,56.791109213280244,brent
2027-09-17,0.9422430606432965,1025.0,801.8169728350757,put_call_parity,0.24556752317323868,call,1.15,1.17,1.16,mid,0.017241379310344845,18.0,1295,0.1315775833515683,0.13018940444901017,-13.881789025581293,0.016312734161465725,53.13824820790375,brent
2027-09-17,0.9422430606432965,1030.0,801.8169728350757,put_call_parity,0.2504337128244115,call,1.05,1.08,1.065,mid,0.028169014084507067,1.0,1327,0.13184187009765955,0.1303199807660883,-15.218893315712412,0.016378331493464363,49.85111903796536,brent
2027-09-17,0.9422430606432965,1035.0,801.8169728350757,put_call_parity,0.25527633730019944,call,0.97,0.99,0.98,mid,0.02040816326530614,4.0,293,0.13215598167865716,0.13048537918594608,-16.706024927110875,0.016456466794425917,46.81182463148305,brent
2027-09-17,0.9422430606432965,1040.0,801.8169728350757,put_call_parity,0.2600956237361484,call,0.89,0.91,0.9,mid,0.02222222222222224,2.0,2374,0.1324295043864693,0.13068479208721387,-17.447122992554355,0.016524657055316097,43.88424106125285,brent
2027-09-17,0.9422430606432965,1045.0,801.8169728350757,put_call_parity,0.26489179599964136,call,0.82,0.84,0.83,mid,0.024096385542168697,6.0,522,0.1327886400919319,0.1309173958108928,-18.71244281039103,0.01661440505237799,41.232377033193956,brent
2027-09-17,0.9422430606432965,1050.0,801.8169728350757,put_call_parity,0.26966507475229917,call,0.75,0.77,0.76,mid,0.026315789473684233,5.0,628,0.1330047110177177,0.1311823531405334,-18.22357877184322,0.016668518274349443,38.548602278571266,brent
2027-09-17,0.9422430606432965,1055.0,801.8169728350757,put_call_parity,0.2744156775108969,call,0.7,0.71,0.705,mid,0.014184397163120581,1.0,892,0.13347528623486984,0.13147881574283637,-19.964704920334697,0.01678667450126706,36.330118829332584,brent
2027-09-17,0.9422430606432965,1060.0,801.8169728350757,put_call_parity,0.27914381870684296,call,0.64,0.66,0.65,mid,0.030769230769230795,20.0,1383,0.13382313888161937,0.13180592655364637,-20.172123279730002,0.016874284698857735,34.0930123255163,brent
2027-09-17,0.9422430606432965,1065.0,801.8169728350757,put_call_parity,0.28384970974425555,call,0.6,0.61,0.605,mid,0.016528925619834725,1.0,210,0.13434659705954752,0.13216282209578784,-21.837749637596826,0.017006552672804293,32.18475771224071,brent
2027-09-17,0.9422430606432965,1070.0,801.8169728350757,put_call_parity,0.2885335590566818,call,0.55,0.57,0.56,mid,0.035714285714285546,2.0,905,0.1347594064168789,0.13254863471675182,-22.10771700127068,0.017111225961004745,30.264434927506727,brent
2027-09-17,0.9422430606432965,1075.0,801.8169728350757,put_call_parity,0.29319557216249326,call,0.52,0.53,0.525,mid,0.019047619047619063,2.0,168,0.13540030738025005,0.13296249473583488,-24.378126444151714,0.01727437122071886,28.696069200318473,brent
2027-09-17,0.9422430606432965,1080.0,801.8169728350757,put_call_parity,0.29783595171899535,call,0.48,0.5,0.49,mid,0.04081632653061228,1.0,204,0.13594986052885127,0.1334035324919465,-25.463280369047713,0.01741487976772482,27.123347693304478,brent
2027-09-17,0.9422430606432965,1085.0,801.8169728350757,put_call_parity,0.30245489757529004,call,0.45,0.47,0.45999999999999996,mid,0.04347826086956514,1.0,44,0.13659459714436348,0.13387088028489283,-27.237168594706485,0.01758045014471935,25.733967263205916,brent
2027-09-17,0.9422430606432965,1090.0,801.8169728350757,put_call_parity,0.3070526068239194,call,0.42,0.44,0.43,mid,0.046511627906976785,20.0,2757,0.13715320306524484,0.13436367420449127,-27.89528860753565,0.017724535260646126,24.34167476251495,brent
2027-09-17,0.9422430606432965,1100.0,801.8169728350757,put_call_parity,0.31618509038719195,call,0.37,0.39,0.38,mid,0.05263157894736847,2.0,1022,0.13843892757754878,0.13542217389063058,-30.167536869181998,0.018058405481089848,21.93963620690913,brent
2027-09-17,0.9422430606432965,1110.0,801.8169728350757,put_call_parity,0.3252349259071099,call,0.33,0.34,0.335,mid,0.02985074626865674,2.0,5046,0.13964167543507797,0.13657225816764454,-30.694172674334276,0.018373548895582303,19.733017341712184,brent
2027-09-17,0.9422430606432965,1120.0,801.8169728350757,put_call_parity,0.3342035958898703,call,0.29,0.31,0.3,mid,0.06666666666666674,14.0,388,0.14106817911774636,0.13780731144692496,-32.60867670821399,0.01875085471532737,17.938429674851847,brent
2027-09-17,0.9422430606432965,1130.0,801.8169728350757,put_call_parity,0.34309254330711636,call,0.26,0.28,0.27,mid,0.07407407407407414,10.0,22,0.14253187997709044,0.1391209135152971,-34.10966461793341,0.019141985133668875,16.36163917918412,brent
2027-09-17,0.9422430606432965,1140.0,801.8169728350757,put_call_parity,0.35190317298927126,call,0.23,0.25,0.24,mid,0.0833333333333333,3.0,163,0.14374848484667815,0.14050686975589374,-32.41615090784411,0.019470159050210264,14.788935536425704,brent
2027-09-17,0.9422430606432965,1150.0,801.8169728350757,put_call_parity,0.3606368529580257,call,0.21,0.23,0.22,mid,0.090909090909091,1.0,725,0.14542130122539215,0.14195923446604508,-34.62066759347071,0.019925948358455122,13.66416495486458,brent
2027-09-17,0.9422430606432965,1160.0,801.8169728350757,put_call_parity,0.36929491570114037,call,0.19,0.2,0.195,mid,0.05128205128205133,2.0,204,0.14651238623950766,0.14347232785887545,-30.400583806322047,0.020226075831379017,12.320518931915792,brent
2027-09-17,0.9422430606432965,1170.0,801.8169728350757,put_call_parity,0.37787865939253185,call,0.17,0.19,0.18,mid,0.11111111111111106,1.0,5,0.14820647458452393,0.14504074741374964,-31.657271707742908,0.020696518746167385,11.4408387443594,brent
2027-09-17,0.9422430606432965,1180.0,801.8169728350757,put_call_parity,0.3863893490604405,call,0.15,0.17,0.16,mid,0.1250000000000001,1.0,209,0.1492683794037555,0.14665937427630346,-26.090051274520466,0.020994163888738832,10.333637269542532,brent
2027-09-17,0.9422430606432965,1190.0,801.8169728350757,put_call_parity,0.39482821770630516,call,0.14,0.16,0.15000000000000002,mid,0.13333333333333325,4.0,104,0.1511170279493285,0.1483233754100722,-27.93652539256286,0.021517398099749337,9.706820483309752,brent
2027-09-17,0.9422430606432965,1200.0,801.8169728350757,put_call_parity,0.4031964673768218,call,0.13,0.14,0.135,mid,0.07407407407407414,2.0,43,0.1522960263394071,0.15002820217707644,-22.678241623306505,0.021854460587642194,8.846785851412706,brent
2027-09-17,0.9422430606432965,1210.0,801.8169728350757,put_call_parity,0.4114952701915169,call,0.12,0.13,0.125,mid,0.08000000000000007,124.0,215,0.15387180429802877,0.15176958598174395,-21.022183162848208,0.022309048125908216,8.235095812745774,brent
2027-09-17,0.9422430606432965,1220.0,801.8169728350757,put_call_parity,0.41972576932803224,call,0.11,0.12,0.11499999999999999,mid,0.0869565217391304,1.0,6,0.1553117291950252,0.15354353155780126,-17.681976372239394,0.02272853574246224,7.629401683991986,brent
2027-09-17,0.9422430606432965,1230.0,801.8169728350757,put_call_parity,0.42788907996719316,call,0.1,0.11,0.10500000000000001,mid,0.09523809523809518,1.0,96,0.15660175316091807,0.15534630841661856,-12.554447442995054,0.023107671611407306,7.02806275917666,brent
2027-09-17,0.9422430606432965,1240.0,801.8169728350757,put_call_parity,0.43598629019981255,call,0.09,0.11,0.1,mid,0.20000000000000004,1.0,24,0.15848634217041022,0.15717444091213312,-13.119012582770983,0.02366718643454465,6.684349761427597,brent
2027-09-17,0.9422430606432965,1250.0,801.8169728350757,put_call_parity,0.44401846189707683,call,0.08,0.1,0.09,mid,0.22222222222222227,5.0,4,0.15949252065302028,0.15902469731501148,-4.678233380087937,0.023968650967510354,6.090959593429962,brent
2027-09-17,0.9422430606432965,1260.0,801.8169728350757,put_call_parity,0.45198663154625374,call,0.08,0.1,0.09,mid,0.22222222222222227,,200,0.16202948788448132,0.16089407822932528,-11.354096551560444,0.024737229963302593,6.014464668562414,brent
2027-09-17,0.9422430606432965,1270.0,801.8169728350757,put_call_parity,0.45989181105336707,call,0.07,0.09,0.08,mid,0.24999999999999986,1.0,27,0.16278165673192674,0.1627798046301024,-0.018521018243511378,0.02496743202660993,5.429265319342038,brent
2027-09-17,0.9422430606432965,1280.0,801.8169728350757,put_call_parity,0.46773498851439294,call,0.07,0.08,0.07500000000000001,mid,0.13333333333333325,1.0,122,0.164292388235696,0.16467930575048742,3.8691751479141834,0.025433014170091126,5.10474378881841,brent
2027-09-17,0.9422430606432965,1300.0,801.8169728350757,put_call_parity,0.4832391750503581,call,0.06,0.08,0.07,mid,0.28571428571428575,3.0,335,0.1681017394899384,0.16851031808271136,4.085785927729624,0.026626087975020852,4.728569040211507,brent
2027-09-17,0.9422430606432965,1310.0,801.8169728350757,put_call_parity,0.4909020477959273,call,0.05,0.07,0.060000000000000005,mid,0.33333333333333337,2.0,43,0.16820703882277716,0.17043762136103702,22.30582538259862,0.02665945571331435,4.149289612550603,brent
2027-09-17,0.9422430606432965,1320.0,801.8169728350757,put_call_parity,0.49850664718114657,call,0.05,0.07,0.060000000000000005,mid,0.33333333333333337,20.0,160,0.1705330959046202,0.17237026066299155,18.3716475837134,0.02740187624152553,4.1033806176048655,brent
2027-09-17,0.9422430606432965,1330.0,801.8169728350757,put_call_parity,0.5060538528165295,call,0.05,0.07,0.060000000000000005,mid,0.33333333333333337,5.0,21,0.1728377678809642,0.17430653048205252,14.687626010883303,0.028147527078556007,4.0590063358242485,brent
2027-09-17,0.9422430606432965,1340.0,801.8169728350757,put_call_parity,0.5135445245456871,call,0.05,0.06,0.055,mid,0.18181818181818174,1.0,2,0.17383394593785073,0.17624486567951914,24.109197416684047,0.028472927661263334,3.7528419132901107,brent
2027-09-17,0.9422430606432965,1350.0,801.8169728350757,put_call_parity,0.5209795030332053,call,0.04,0.06,0.05,mid,0.3999999999999999,1.0,5,0.17468667061537277,0.17818383169328067,34.97161077907901,0.028752954883772965,3.4471411286203986,brent
2027-09-30,0.977859498999461,540.0,802.3796377701166,put_call_parity,-0.39601272011003075,put,6.61,6.66,6.635,mid,0.007535795026375256,3.0,73,0.28729306797463877,0.2853016883594696,-19.913796151691532,0.08070988958014012,93.56883208010683,brent
2027-09-30,0.977859498999461,550.0,802.3796377701166,put_call_parity,-0.3776635814418343,put,7.11,7.16,7.135,mid,0.0070077084793272355,8.0,35,0.28165860236917595,0.2802284980600633,-14.301043091126676,0.07757512762149044,99.53453312238557,brent
2027-09-30,0.977859498999461,560.0,802.3796377701166,put_call_parity,-0.3596450759391559,put,7.65,7.7,7.675000000000001,mid,0.006514657980456002,3.0,253,0.27611475917289463,0.2751956488812486,-9.191102916460414,0.07455138260158407,105.81652689295295,brent
2027-09-30,0.977859498999461,570.0,802.3796377701166,put_call_parity,-0.3419454988397549,put,8.24,8.3,8.27,mid,0.007255139056831983,1.0,32,0.2707607277412913,0.2702023743168693,-5.58353424422009,0.0716882211888069,112.49153373553297,brent
2027-09-30,0.977859498999461,575.0,802.3796377701166,put_call_parity,-0.33321181887100043,put,8.56,8.61,8.585,mid,0.0058241118229468754,,85,0.26811112818475497,0.2677203866376511,-3.9074154710388997,0.0702920386467603,115.95063830939539,brent
2027-09-30,0.977859498999461,580.0,802.3796377701166,put_call_parity,-0.3245537561278858,put,8.88,8.94,8.91,mid,0.006734006734006591,28.0,58,0.2654599728973633,0.2652480863084259,-2.118865889373933,0.06890877830741905,119.47835837275906,brent
2027-09-30,0.977859498999461,590.0,802.3796377701166,put_call_parity,-0.3074593227685856,put,9.58,9.63,9.605,mid,0.005205622071837658,1.0,18,0.260260321203429,0.2603323806921407,0.7205948871169543,0.06623573833110763,126.81486625223843,brent
2027-09-30,0.977859498999461,595.0,802.3796377701166,put_call_parity,-0.2990204541227211,put,9.95,10.0,9.975,mid,0.005012531328320874,1.0,1,0.25769994977424987,0.2578889219513062,1.8897217705632352,0.06493892973509756,130.6165329518431,brent
2027-09-30,0.977859498999461,600.0,802.3796377701166,put_call_parity,-0.29065220445220447,put,10.33,10.39,10.36,mid,0.00579150579150584,4.0,33,0.2551586549514008,0.25545504419024306,2.963892388422873,0.06366446108468446,134.50237312378854,brent
2027-09-30,0.977859498999461,605.0,802.3796377701166,put_call_parity,-0.2823534016375093,put,10.73,10.79,10.76,mid,0.005576208178438543,2.0,168,0.25263148916137307,0.25303075198715247,3.9926282577940064,0.062409603442047365,138.46880430757076,brent
2027-09-30,0.977859498999461,610.0,802.3796377701166,put_call_parity,-0.2741229025009938,put,11.15,11.21,11.18,mid,0.0053667262969589,,11,0.250148927942872,0.250616063018971,4.671350760989679,0.06118905567773446,142.53648914137742,brent
2027-09-30,0.977859498999461,620.0,802.3796377701166,put_call_parity,-0.2578623816292136,put,12.04,12.1,12.07,mid,0.004971002485501284,89.0,71,0.24522280593988616,0.24581563319924005,5.928272593538897,0.05880282269414804,150.9069120870873,brent
2027-09-30,0.977859498999461,625.0,802.3796377701166,put_call_parity,-0.2498302099319493,put,12.51,12.58,12.545,mid,0.0055799123156636335,63.0,90,0.24280209047625162,0.24342999661316267,6.279061369110495,0.057647609391434096,155.22298063844622,brent
2027-09-30,0.977859498999461,630.0,802.3796377701166,put_call_parity,-0.2418620402827724,put,13.0,13.07,13.035,mid,0.005370157268891468,1.0,46,0.24037018848321262,0.24105417266841253,6.839841851999095,0.05649859746362882,159.59723532174647,brent
2027-09-30,0.977859498999461,640.0,802.3796377701166,put_call_parity,-0.2261136833146333,put,14.05,14.12,14.085,mid,0.00496982605608793,1.0,38,0.23560927937590137,0.23633233530279218,7.230559268908143,0.05428267495845301,168.6044637699958,brent
2027-09-30,0.977859498999461,650.0,802.3796377701166,put_call_parity,-0.21060949677866797,put,15.19,15.26,15.225,mid,0.004597701149425306,5.0,26,0.23092294915572986,0.23165102696972964,7.2807781399977785,0.05214475718770972,177.8947353956504,brent
2027-09-30,0.977859498999461,675.0,802.3796377701166,put_call_parity,-0.17286916879582107,put,18.47,18.55,18.509999999999998,mid,0.004321988114532786,1.0,5,0.21946206871984483,0.22013350953542943,6.714408155845952,0.04709723338151012,202.0987978496862,brent
2027-09-30,0.977859498999461,680.0,802.3796377701166,put_call_parity,-0.16548906149819848,put,19.21,19.3,19.255000000000003,mid,0.004674110620618013,1.0,1,0.21723567986590286,0.21786351316401545,6.278332981125844,0.046146500682879385,207.07597413378457,brent
2027-09-30,0.977859498999461,685.0,802.3796377701166,put_call_parity,-0.15816302140612554,put,19.98,20.07,20.025,mid,0.004494382022471904,2.0,14,0.21499630611370701,0.21560527894964984,6.089728359428282,0.045200002150818853,212.0627493211857,brent
2027-09-30,0.977859498999461,690.0,802.3796377701166,put_call_parity,-0.15089026207704573,put,20.78,20.88,20.83,mid,0.004800768122899562,9.0,7111,0.21278594329707534,0.2133591055239979,5.7316222692255225,0.044275383211895815,217.0739678644321,brent
2027-09-30,0.977859498999461,691.0,802.3796377701166,put_call_parity,-0.14944203590068092,put,20.94,21.04,20.990000000000002,mid,0.004764173415912237,,15,0.21232288086117745,0.2129113460818617,5.884652206842588,0.0440828896845602,218.06581338477022,brent
2027-09-30,0.977859498999461,692.0,802.3796377701166,put_call_parity,-0.14799590405068125,put,21.1,21.21,21.155,mid,0.005199716379106567,,2,0.21187729337624975,0.2124640845886572,5.867912124074559,0.043898056355426915,219.0665967246113,brent
2027-09-30,0.977859498999461,693.0,802.3796377701166,put_call_parity,-0.14655186047844762,put,21.27,21.37,21.32,mid,0.004690431519699879,,4,0.2114261802013113,0.21201732378166913,5.911435803578335,0.04371132648228358,220.0645134692912,brent
2027-09-30,0.977859498999461,695.0,802.3796377701166,put_call_parity,-0.14367001410355876,put,21.62,21.71,21.665,mid,0.004154165705054228,1.0,61,0.21057505210250319,0.21112531537770987,5.5026327520668605,0.043360101736825,222.08497793352777,brent
2027-09-30,0.977859498999461,698.0,802.3796377701166,put_call_parity,-0.13936275690597835,put,22.13,22.23,22.18,mid,0.00450856627592432,4.0,7,0.20924434570127376,0.20979112868999447,5.46782988720712,0.04281381430850516,225.08590817118383,brent
2027-09-30,0.977859498999461,700.0,802.3796377701166,put_call_parity,-0.1365015246249462,put,22.49,22.59,22.54,mid,0.004436557231588351,14.0,48,0.20840254473649872,0.20890425584176311,5.017111052643964,0.04247002281213336,227.1049457144992,brent
2027-09-30,0.977859498999461,701.0,802.3796377701166,put_call_parity,-0.13507397263376078,put,22.66,22.77,22.715,mid,0.004842615012106513,1.0,1,0.20795091728743814,0.20846160398190364,5.1068669446549535,0.04228614938585284,228.09888310011866,brent
2027-09-30,0.977859498999461,707.0,802.3796377701166,put_call_parity,-0.1265511937717781,put,23.76,23.87,23.815,mid,0.004618937644341777,4.0,180,0.2053374122042114,0.20581687558245548,4.794633782440883,0.04122993288069463,234.08558410358611,brent
2027-09-30,0.977859498999461,708.0,802.3796377701166,put_call_parity,-0.1251377659746311,put,23.95,24.06,24.005,mid,0.004582378671110162,,6,0.20490983013662578,0.20537798179808855,4.681516614627734,0.041058402278497136,235.08231531863478,brent
2027-09-30,0.977859498999461,709.0,802.3796377701166,put_call_parity,-0.12372633313622328,put,24.14,24.26,24.200000000000003,mid,0.004958677685950453,207.0,205,0.20449745052052012,0.20493963821743927,4.421876969191441,0.04089330906900284,236.0838359966497,brent
2027-09-30,0.977859498999461,710.0,802.3796377701166,put_call_parity,-0.12231688963298969,put,24.35,24.45,24.4,mid,0.0040983606557376175,1.0,45,0.2041000364779628,0.20450184831064386,4.018118326810649,0.04073452191714265,237.08970417005142,brent
2027-09-30,0.977859498999461,720.0,802.3796377701166,put_call_parity,-0.10833064765824986,put,26.36,26.47,26.415,mid,0.004164300586787789,1.0,2,0.19984714575081897,0.20015519833220527,3.080525813863033,0.039054614815290295,246.91448269784473,brent
2027-09-30,0.977859498999461,721.0,802.3796377701166,put_call_parity,-0.1069427223834018,put,26.56,26.69,26.625,mid,0.004882629107981317,1.0,1,0.19942256515867257,0.1997237413818858,3.011762232132398,0.03888884595078701,247.88323317620362,brent
2027-09-30,0.977859498999461,725.0,802.3796377701166,put_call_parity,-0.10141020481367605,put,27.43,27.55,27.490000000000002,mid,0.004365223717715569,5.0,6,0.197761115255056,0.1980039452194917,2.4282996443569793,0.03824355569729236,251.7393801356968,brent
2027-09-30,0.977859498999461,727.0,802.3796377701166,put_call_parity,-0.09865538213483149,put,27.86,27.99,27.924999999999997,mid,0.004655326768128881,1.0,1000,0.19690200308046152,0.1971477248146559,2.4572173419437626,0.03791200276329682,253.63750373600192,brent
2027-09-30,0.977859498999461,730.0,802.3796377701166,put_call_parity,-0.09453732552591398,put,28.55,28.67,28.61,mid,0.0041943376441803916,4.0,48,0.19569252320396438,0.19586808857833574,1.7556537437135589,0.03744768067289225,256.48087911683194,brent
2027-09-30,0.977859498999461,732.0,802.3796377701166,put_call_parity,-0.09180134570703928,put,29.0,29.13,29.064999999999998,mid,0.004472733528298607,2.0,2,0.1948467893634297,0.19501817948654535,1.7139012311565005,0.0371247011974746,258.3436363796789,brent
2027-09-30,0.977859498999461,735.0,802.3796377701166,put_call_parity,-0.08771136045551409,put,29.71,29.84,29.775,mid,0.004366078925272847,1.0,3,0.19363470716912884,0.19374818057770551,1.1347340857667532,0.03666425502373446,261.12005758656187,brent
2027-09-30,0.977859498999461,740.0,802.3796377701166,put_call_parity,-0.08093167347013543,put,30.92,31.06,30.990000000000002,mid,0.004517586318167054,4.0,9,0.1916001422084973,0.1916448075312322,0.44665322734893653,0.035897823097374576,265.6423824292889,brent
2027-09-30,0.977859498999461,742.0,802.3796377701166,put_call_parity,-0.07823261650097033,put,31.42,31.56,31.490000000000002,mid,0.00444585582724665,6.0,1,0.19079124718245816,0.19080822615554413,0.16978973085973736,0.03559535698233509,267.4138617061055,brent
2027-09-30,0.977859498999461,743.0,802.3796377701166,put_call_parity,-0.07688581495059163,put,31.67,31.82,31.745,mid,0.004725153567490898,5.0,1,0.1903950927250269,0.19039097762481957,-0.04115100207313649,0.035447691722226386,268.2925577563492,brent
2027-09-30,0.977859498999461,745.0,802.3796377701166,put_call_parity,-0.07419764128879132,put,32.19,32.33,32.26,mid,0.004339739615623081,,26,0.1896003475019787,0.1895585912146334,-0.4175628734531811,0.035152378582906166,270.03061937046414,brent
2027-09-30,0.977859498999461,750.0,802.3796377701166,put_call_parity,-0.06750865313799467,put,33.51,33.66,33.584999999999994,mid,0.004466279589102237,40.0,97,0.18762780814031438,0.18749019020554417,-1.3761793477021222,0.03442475588647815,274.26175950990637,brent
2027-09-30,0.977859498999461,754.0,802.3796377701166,put_call_parity,-0.0621894916603948,put,34.61,34.77,34.69,mid,0.004612280196022015,1.0,1,0.1860840713518711,0.18584876330919842,-2.3530804267268834,0.033860616247736446,277.5212141671733,brent
2027-09-30,0.977859498999461,760.0,802.3796377701166,put_call_parity,-0.0542634263879741,put,36.34,36.5,36.42,mid,0.004393190554640214,50.0,11,0.18380731236204356,0.18340966057715302,-3.976517848905403,0.03303710841574892,282.1698332666093,brent
2027-09-30,0.977859498999461,762.0,802.3796377701166,put_call_parity,-0.05163530398170451,put,36.93,37.1,37.015,mid,0.004592732675942231,,3,0.1830533919784668,0.18260296651356867,-4.504254648981243,0.03276664835589328,283.6485838047165,brent
2027-09-30,0.977859498999461,764.0,802.3796377701166,put_call_parity,-0.04901407050183033,put,37.54,37.71,37.625,mid,0.004518272425249215,2.0,4,0.18232174326622114,0.18179952766154026,-5.222156046808813,0.03250524084574827,285.0915612458214,brent
2027-09-30,0.977859498999461,765.0,802.3796377701166,put_call_parity,-0.047706025841815,put,37.86,38.02,37.94,mid,0.0042171850289932445,6.0,3,0.18197935789906355,0.18139904536783769,-5.803125312258683,0.03238327109440977,285.8004582711455,brent
2027-09-30,0.977859498999461,766.0,802.3796377701166,put_call_parity,-0.04639968992775955,put,38.15,38.33,38.239999999999995,mid,0.00470711297071129,1.0,1,0.18157675873672507,0.18099939672872717,-5.773620079979058,0.03224014435369008,286.4933889513734,brent
2027-09-30,0.977859498999461,768.0,802.3796377701166,put_call_parity,-0.043792126520678605,put,38.79,38.97,38.879999999999995,mid,0.0046296296296296224,1.0,2,0.1808877400710067,0.1802026275319107,-6.851125390960055,0.03199592902346378,287.85880226660447,brent
2027-09-30,0.977859498999461,770.0,802.3796377701166,put_call_parity,-0.04119134482062128,put,39.44,39.62,39.53,mid,0.004553503668100169,1.0,101,0.18020167672724077,0.1794092750105656,-7.924017166751618,0.03175368368179855,289.18089151272505,brent
2027-09-30,0.977859498999461,775.0,802.3796377701166,put_call_parity,-0.034718830315003786,put,41.1,41.28,41.19,mid,0.004369992716678799,2.0,15,0.17846699817431091,0.17744121249023506,-10.257856840758528,0.031145284086904222,292.285344252761,brent
2027-09-30,0.977859498999461,778.0,802.3796377701166,put_call_parity,-0.03085533548995923,put,42.14,42.33,42.235,mid,0.004498638569906422,1.0,1,0.1774963854470924,0.1762711705105425,-12.252149365498955,0.03080743109678965,294.0071398577107,brent
2027-09-30,0.977859498999461,779.0,802.3796377701166,put_call_parity,-0.029570813797602586,put,42.49,42.69,42.59,mid,0.00469593801361812,30.0,31,0.17717899855350003,0.17588300066829296,-12.959978852070675,0.030697354119533837,294.55593647148623,brent
2027-09-30,0.977859498999461,781.0,802.3796377701166,put_call_parity,-0.027006709828664804,put,43.22,43.41,43.315,mid,0.00438647119935352,1.0,3,0.17657002473026456,0.17510947333460988,-14.605513956546801,0.030486699817325574,295.61506063924617,brent
2027-09-30,0.977859498999461,784.0,802.3796377701166,put_call_parity,-0.023172839317942975,put,44.32,44.52,44.42,mid,0.004502476361999163,,21,0.17565251615564512,0.1739563310713628,-16.9618508428232,0.03017068769963526,297.1025922701304,brent
2027-09-30,0.977859498999461,785.0,802.3796377701166,put_call_parity,-0.021898141885942406,put,44.69,44.89,44.79,mid,0.004465282429113705,1.0,3004,0.1753353810140463,0.17357388861019388,-17.614924038524272,0.030061841575539358,297.57068765318587,brent
2027-09-30,0.977859498999461,786.0,802.3796377701166,put_call_parity,-0.020625067239144312,put,45.07,45.27,45.17,mid,0.004427717511622822,4.0,128,0.17504333589316828,0.1731924288378233,-18.509070553449913,0.02996178073845206,298.025071654936,brent
2027-09-30,0.977859498999461,787.0,802.3796377701166,put_call_parity,-0.019353611250947644,put,45.45,45.66,45.555,mid,0.00460981231478419,1.0,61,0.17475947908856804,0.17281195999565904,-19.475190929089948,0.029864685246049395,298.4652244644753,brent
2027-09-30,0.977859498999461,789.0,802.3796377701166,put_call_parity,-0.01681553882247655,put,46.23,46.44,46.334999999999994,mid,0.0045322110715442085,,182,0.17419934962921324,0.17205402845729129,-21.453211719219546,0.029673550755247528,299.3019083631223,brent
2027-09-30,0.977859498999461,791.0,802.3796377701166,put_call_parity,-0.014283891900696954,put,47.03,47.24,47.135000000000005,mid,0.004455288002545897,11.0,11,0.17367126363010138,0.1713001614897495,-23.711021403518828,0.029493912488911506,300.07930180024425,brent
2027-09-30,0.977859498999461,800.0,802.3796377701166,put_call_parity,-0.0029701320004235725,put,50.81,51.04,50.925,mid,0.0045164457535590945,1.0,85,0.17148962733435122,0.1679599326471964,-35.29694687154805,0.028757569102352276,302.808672976025,brent
2027-09-30,0.977859498999461,805.0,802.3796377701166,put_call_parity,0.0032604177502125286,call,48.95,49.06,49.005,mid,0.0022446689113355665,1.0,3,0.1650100974006858,0.16614283746058373,11.327400598979132,0.02662548332688846,303.8203894671707,brent
2027-09-30,0.977859498999461,806.0,802.3796377701166,put_call_parity,0.004501882838277432,call,48.39,48.5,48.445,mid,0.0022706161626586735,41.0,194,0.1646168498753559,0.16578286753912477,11.660176637688647,0.026498728307618236,303.9582914621651,brent
2027-09-30,0.977859498999461,810.0,802.3796377701166,put_call_parity,0.009452387998133525,call,46.17,46.28,46.225,mid,0.002379664683612751,3.0,3185,0.16301683775462372,0.16435481260809634,13.379748534726177,0.025986116882555612,304.3240518458591,brent
2027-09-30,0.977859498999461,815.0,802.3796377701166,put_call_parity,0.015606253572511919,call,43.48,43.59,43.535,mid,0.0025267026530379363,83.0,42,0.1610837077126452,0.1625971102593121,15.134025466668755,0.025373460036395897,304.3463441391403,brent
2027-09-30,0.977859498999461,820.0,802.3796377701166,put_call_parity,0.021722480589947926,call,40.87,40.98,40.925,mid,0.0026878436163713976,25.0,59,0.1591717290461039,0.1608710344614588,16.993054153549014,0.024774695579645928,303.86258065603437,brent
2027-09-30,0.977859498999461,830.0,802.3796377701166,put_call_parity,0.033843841122292787,call,35.94,36.05,35.995,mid,0.0030559799972218206,20.0,10,0.1555543637694256,0.15751923818375513,19.648744143295204,0.023661422840578625,301.29639354681785,brent
2027-09-30,0.977859498999461,840.0,802.3796377701166,put_call_parity,0.04582003216900853,call,31.41,31.51,31.46,mid,0.003178639542275951,1.0,1031,0.15221378910983094,0.15431088858261469,20.97099472783748,0.022656063495114655,296.50932961655093,brent
2027-09-30,0.977859498999461,845.0,802.3796377701166,put_call_parity,0.051754767688823,call,29.29,29.39,29.34,mid,0.003408316291751923,2.0,29,0.150639026195553,0.15276430914084294,21.25282945289936,0.022189701391423032,293.2666140288517,brent
2027-09-30,0.977859498999461,850.0,802.3796377701166,put_call_parity,0.05765448981601142,call,27.27,27.37,27.32,mid,0.0036603221083455866,5.0,21,0.14913243647294833,0.1512582511137882,21.258146408398847,0.021748068158774645,289.4612792258867,brent
2027-09-30,0.977859498999461,860.0,802.3796377701166,put_call_parity,0.06935052957920254,call,23.54,23.63,23.585,mid,0.0038159847360610495,1.0,42,0.14634589167428613,0.14837434145193054,20.284497776444088,0.02094293424293311,280.2179999426947,brent
2027-09-30,0.977859498999461,870.0,802.3796377701166,put_call_parity,0.08091135198027857,call,20.21,20.3,20.255000000000003,mid,0.004443347321648968,1.0,204,0.143879425461132,0.1456728433557191,17.934178945870904,0.020242952159635955,268.9586720078578,brent
2027-09-30,0.977859498999461,880.0,802.3796377701166,put_call_parity,0.09234004780390138,call,17.29,17.36,17.325,mid,0.004040404040404057,3.0,286,0.14176742018191962,0.14316798958869895,14.005694067793229,0.019653021604377086,255.98454706038504,brent
2027-09-30,0.977859498999461,900.0,802.3796377701166,put_call_parity,0.11481290365595986,call,12.49,12.56,12.525,mid,0.005588822355289444,2.0,4,0.13838354674704986,0.13880688412397404,4.233373769241822,0.018726015283061715,226.20229171818767,brent
2027-09-30,0.977859498999461,905.0,802.3796377701166,put_call_parity,0.12035308403157537,call,11.49,11.56,11.525,mid,0.00607375271149677,,42,0.13769793739266073,0.13786251837225294,1.645809795922104,0.018540922078618235,218.2354334190626,brent
2027-09-30,0.977859498999461,910.0,802.3796377701166,put_call_parity,0.1258627398425449,call,10.56,10.63,10.595,mid,0.006606890042472891,2.0,13,0.13706015413872077,0.13698017711059113,-0.7997702812964635,0.01836956578421635,210.14182525107682,brent
2027-09-30,0.977859498999461,915.0,802.3796377701166,put_call_parity,0.13134220560717041,call,9.7,9.77,9.735,mid,0.007190549563430949,5.0,109,0.13648565132313187,0.13616164470747982,-3.240066156520449,0.018215892391296062,201.99026534554503,brent
2027-09-30,0.977859498999461,920.0,802.3796377701166,put_call_parity,0.1367918103747352,call,8.9,8.96,8.93,mid,0.006718924972004535,2.0,169,0.13591548203935494,0.1354086630148618,-5.0681902449314915,0.018064016378766208,193.743761519443,brent
2027-09-30,0.977859498999461,925.0,802.3796377701166,put_call_parity,0.14221187784407432,call,8.16,8.22,8.190000000000001,mid,0.007326007326007386,,5,0.1354152610950686,0.13472292050097284,-6.923405940957583,0.017931296084816906,185.5385198198911,brent
2027-09-30,0.977859498999461,930.0,802.3796377701166,put_call_parity,0.14760272647895087,call,7.47,7.53,7.5,mid,0.008000000000000066,39.0,65,0.1349219180370447,0.13410604111537436,-8.158769216703444,0.017800879969994448,177.32046868003061,brent
2027-09-30,0.977859498999461,935.0,802.3796377701166,put_call_parity,0.1529646696203362,call,6.83,6.89,6.859999999999999,mid,0.008746355685131138,2.0,313,0.13444886624993627,0.13355957301825727,-8.892932316789947,0.017676274921899517,169.14462790748266,brent
2027-09-30,0.977859498999461,940.0,802.3796377701166,put_call_parity,0.1582980155956987,call,6.24,6.3,6.27,mid,0.009569377990430561,324.0,365,0.13401219603483897,0.1330849773207737,-9.272187140652587,0.017561641479767003,161.0718862414959,brent
2027-09-30,0.977859498999461,945.0,802.3796377701166,put_call_parity,0.163603067825392,call,5.7,5.76,5.73,mid,0.010471204188481607,62.0,1021,0.13363120285764252,0.13268361699514145,-9.475858625010714,0.017461928844593518,153.16931707269325,brent
2027-09-30,0.977859498999461,950.0,802.3796377701166,put_call_parity,0.1688801249262357,call,5.2,5.26,5.23,mid,0.011472275334607955,1.0,104,0.1332601940856024,0.1323567461218282,-9.03447963774201,0.01736510212650891,145.38744432152802,brent
2027-09-30,0.977859498999461,955.0,802.3796377701166,put_call_parity,0.17412948081237933,call,4.74,4.8,4.77,mid,0.012578616352201177,523.0,2,0.13291536646315188,0.1321054996455754,-8.098668175764711,0.017275349599735992,137.77990228276892,brent
2027-09-30,0.977859498999461,975.0,802.3796377701166,put_call_parity,0.19485561132949636,call,3.27,3.31,3.29,mid,0.012158054711246211,396.0,372,0.1318863276987774,0.13187477623804147,-0.11551460735920172,0.017008891483438336,109.67188359048758,brent
2027-09-30,0.977859498999461,980.0,802.3796377701166,put_call_parity,0.1999707119962667,call,2.97,3.02,2.995,mid,0.01669449081802999,10.0,13,0.13169273593906483,0.13201388837672345,3.211524376586228,0.01695899450615715,103.25792251102455,brent
2027-09-30,0.977859498999461,985.0,802.3796377701166,put_call_parity,0.2050597815037381,call,2.71,2.75,2.73,mid,0.014652014652014666,2.0,666,0.13156863782379283,0.13223246471005728,6.638268862644569,0.016927047601337484,97.18999190509442,brent
2028-01-21,1.2874485400953515,370.0,811.7233040266829,put_call_parity,-0.7856565178641786,put,2.79,2.82,2.8049999999999997,mid,0.010695187165775333,1.0,2146,0.3760212736114679,0.3711713018438424,-48.49971767625527,0.18203492167455682,42.26833563791917,brent
2028-01-21,1.2874485400953515,375.0,811.7233040266829,put_call_parity,-0.772233497532038,put,2.89,2.92,2.9050000000000002,mid,0.010327022375215078,5.0,6273,0.3725562109781523,0.3681151925808326,-44.41018397319696,0.1786954502721342,43.72826258520052,brent
2028-01-21,1.2874485400953515,380.0,811.7233040266829,put_call_parity,-0.7589882707820174,put,3.0,3.03,3.0149999999999997,mid,0.009950248756218841,10.0,66,0.3692819524119159,0.3650837085935944,-41.98243818321512,0.175568276441599,45.288205395110104,brent
2028-01-21,1.2874485400953515,385.0,811.7233040266829,put_call_parity,-0.7459161892146645,put,3.1,3.13,3.115,mid,0.009630818619582602,496.0,498,0.365752966748746,0.36207630086039233,-36.76665888353692,0.17222872802187492,46.772712906964045,brent
2028-01-21,1.2874485400953515,390.0,811.7233040266829,put_call_parity,-0.7330127843787567,put,3.21,3.24,3.225,mid,0.009302325581395425,2.0,33,0.36240780750469903,0.35909244504020693,-33.153624644920995,0.16909274317174208,48.35720715769737,brent
2028-01-21,1.2874485400953515,395.0,811.7233040266829,put_call_parity,-0.7202737586013269,put,3.32,3.36,3.34,mid,0.011976047904191628,1.0,11,0.35912942517455765,0.356131640412947,-29.97784761610667,0.16604731594688132,49.99751633307603,brent
2028-01-21,1.2874485400953515,400.0,811.7233040266829,put_call_parity,-0.7076949763944668,put,3.44,3.47,3.455,mid,0.008683068017366208,13.0,1405,0.35581494943231906,0.3531934088891049,-26.215405432141736,0.16299649318930057,51.65071860671586,brent
2028-01-21,1.2874485400953515,405.0,811.7233040266829,put_call_parity,-0.6952724563959096,put,3.55,3.59,3.57,mid,0.011204481792717097,1.0,343,0.35246802571498237,0.35027729408385017,-21.907316311322035,0.15994450747762293,53.31746740935567,brent
2028-01-21,1.2874485400953515,410.0,811.7233040266829,put_call_parity,-0.6830023638040952,put,3.68,3.71,3.6950000000000003,mid,0.00811907983761835,1.0,214,0.3492736027808492,0.34738286045097544,-18.907423298737402,0.15705848616013454,55.08238302052125,brent
2028-01-21,1.2874485400953515,415.0,811.7233040266829,put_call_parity,-0.6708810032717505,put,3.8,3.84,3.82,mid,0.010471204188481685,2.0,473,0.3460418058652939,0.34450969247249286,-15.32113392801071,0.15416543712313416,56.860915985745244,brent
2028-01-21,1.2874485400953515,420.0,811.7233040266829,put_call_parity,-0.6589048122250348,put,3.93,3.97,3.95,mid,0.010126582278481022,2.0,1426,0.34286134025109005,0.34165739390001826,-12.03946351071794,0.15134459518500618,58.69507707648428,brent
2028-01-21,1.2874485400953515,425.0,811.7233040266829,put_call_parity,-0.6470703545780319,put,4.07,4.11,4.09,mid,0.009779951100244507,1.0,1492,0.33981003146800204,0.3388255870443954,-9.84444423606623,0.14866278689427542,60.62549176170872,brent
2028-01-21,1.2874485400953515,430.0,811.7233040266829,put_call_parity,-0.6353743148148406,put,4.2,4.25,4.225,mid,0.011834319526627177,300.0,321,0.3366360371597123,0.33601391211029213,-6.221250494201636,0.14589858856699178,62.529144314387466,brent
2028-01-21,1.2874485400953515,435.0,811.7233040266829,put_call_parity,-0.6238134924137648,put,4.35,4.39,4.369999999999999,mid,0.009153318077803214,229.0,452,0.333582839316457,0.3332220265727561,-3.608127437008668,0.1432640686786881,64.52847791970862,brent
2028-01-21,1.2874485400953515,440.0,811.7233040266829,put_call_parity,-0.6123847965901419,put,4.49,4.54,4.515000000000001,mid,0.011074197120708708,8.0,286,0.3304890915965176,0.33044960459295364,-0.39487003563987155,0.14061904296056865,66.54249822000669,brent
2028-01-21,1.2874485400953515,445.0,811.7233040266829,put_call_parity,-0.6010852413362086,put,4.65,4.69,4.67,mid,0.00856531049250536,10.0,530,0.32750388175307354,0.32769633647052265,1.924547174491087,0.13809017589805087,68.65092908191588,brent
2028-01-21,1.2874485400953515,450.0,811.7233040266829,put_call_parity,-0.5899119407380833,put,4.8,4.85,4.824999999999999,mid,0.010362694300518099,5.0,3626,0.3244758757741398,0.32496192813016367,4.860523560238916,0.13554849678755493,70.7742829996753,brent
2028-01-21,1.2874485400953515,455.0,811.7233040266829,put_call_parity,-0.5788621045514983,put,4.97,5.02,4.994999999999999,mid,0.010010010010009975,1.0,4064,0.32161399501136023,0.3222461006402704,6.321056289101956,0.13316796301683098,73.02937595729011,brent
2028-01-21,1.2874485400953515,460.0,811.7233040266829,put_call_parity,-0.5679330340193082,put,5.14,5.19,5.165,mid,0.009680542110358318,1.0,120,0.3187036122206934,0.31954858976155814,8.449775408647664,0.13076871338469598,75.29887945797238,brent
2028-01-21,1.2874485400953515,465.0,811.7233040266829,put_call_parity,-0.5571221179150924,put,5.31,5.36,5.335,mid,0.009372071227741464,50.0,139,0.31574838029639773,0.3168691455237928,11.207652273950707,0.12835480816183606,77.58380726314694,brent
2028-01-21,1.2874485400953515,470.0,811.7233040266829,put_call_parity,-0.5464268287983445,put,5.49,5.55,5.52,mid,0.010869565217391235,1.0,507,0.31293923166186316,0.3142075318288611,12.683001669979156,0.1260810749751351,79.99725181235658,brent
2028-01-21,1.2874485400953515,475.0,811.7233040266829,put_call_parity,-0.5358447194678077,put,5.68,5.74,5.71,mid,0.010507880910683099,1.0,2130,0.31014133044626807,0.3115635260785345,14.221956322664209,0.12383664293860595,82.46257351317833,brent
2028-01-21,1.2874485400953515,480.0,811.7233040266829,put_call_parity,-0.5253734196005121,put,5.88,5.93,5.904999999999999,mid,0.008467400508044001,10.0,1076,0.307352856078245,0.3089369188253997,15.840627471547242,0.12161982815461189,84.97956516049848,brent
2028-01-21,1.2874485400953515,485.0,811.7233040266829,put_call_parity,-0.5150106325649656,put,6.08,6.14,6.109999999999999,mid,0.009819967266775715,50.0,25,0.304629218530074,0.30632751344552067,16.98294915446652,0.11947388658146528,87.58399439530787,brent
2028-01-21,1.2874485400953515,490.0,811.7233040266829,put_call_parity,-0.5047541323977766,put,6.29,6.35,6.32,mid,0.009493670886075887,1.0,529,0.30190840810010106,0.30373512583149365,18.26717731392591,0.11734924385724334,90.23879281556914,brent
2028-01-21,1.2874485400953515,495.0,811.7233040266829,put_call_parity,-0.49460176093375846,put,6.51,6.57,6.54,mid,0.009174311926605581,2.0,1103,0.29924294362604603,0.30115958410463983,19.166404785938006,0.11528630381551797,92.97878486703529,brent
2028-01-21,1.2874485400953515,500.0,811.7233040266829,put_call_parity,-0.48455142508025706,put,6.74,6.8,6.77,mid,0.008862629246676457,27.0,5961,0.2966269434918942,0.2986007283451551,19.737848532608847,0.11327943456127545,95.80234273137683,brent
2028-01-21,1.2874485400953515,505.0,811.7233040266829,put_call_parity,-0.47460109422708885,put,6.97,7.04,7.005,mid,0.009992862241256286,60.0,873,0.2940042684937442,0.2960584103391075,20.541418453632886,0.11128513336917034,98.67387185101754,brent
2028-01-21,1.2874485400953515,510.0,811.7233040266829,put_call_parity,-0.4647487977840773,put,7.22,7.28,7.25,mid,0.008275862068965585,13.0,258,0.2914234505655745,0.29353249334123677,21.09042775662262,0.10933995008955007,101.6267073597405,brent
2028-01-21,1.2874485400953515,515.0,811.7233040266829,put_call_parity,-0.45499262283871267,put,7.47,7.54,7.505,mid,0.009327115256495707,1.0,796,0.28887961864630574,0.29102285185256577,21.432332062600313,0.10743942696130013,104.65920349537187,brent
2028-01-21,1.2874485400953515,520.0,811.7233040266829,put_call_parity,-0.44533071192697565,put,7.74,7.81,7.775,mid,0.009003215434083523,23.0,220,0.28641463198783007,0.2885293714118904,21.14739424060319,0.10561370564610502,107.80203268525698,brent
2028-01-21,1.2874485400953515,525.0,811.7233040266829,put_call_parity,-0.435761260910825,put,8.01,8.08,8.045,mid,0.008701056556867655,50.0,494,0.28388511782900466,0.28605194840025827,21.668305712536085,0.1037564564678328,110.95655209720154,brent
2028-01-21,1.2874485400953515,530.0,811.7233040266829,put_call_parity,-0.42628251695628133,put,8.3,8.37,8.335,mid,0.008398320335932633,1.0,1506,0.2814701029959282,0.2835904898575917,21.20386861663548,0.10199864987619188,114.24928937048489,brent
2028-01-21,1.2874485400953515,535.0,811.7233040266829,put_call_parity,-0.4168927766064422,put,8.59,8.67,8.629999999999999,mid,0.009269988412514493,10.0,865,0.2790307893898098,0.2811449133106498,21.14123920839983,0.1002384020133144,117.58328576115444,brent
2028-01-21,1.2874485400953515,540.0,811.7233040266829,put_call_parity,-0.4075903839441287,put,8.9,8.97,8.935,mid,0.007834359261331872,1.0,803,0.2766088626528703,0.2787151466115604,21.062839586900584,0.09850585865727722,120.98866698627694,brent
2028-01-21,1.2874485400953515,545.0,811.7233040266829,put_call_parity,-0.39837372883920474,put,9.22,9.29,9.254999999999999,mid,0.007563479200432039,5.0,364,0.2742413589468816,0.2763011277861824,20.597688393007573,0.09682684559405103,124.4932482104325,brent
2028-01-21,1.2874485400953515,550.0,811.7233040266829,put_call_parity,-0.3892412452759321,put,9.55,9.63,9.59,mid,0.008342022940563094,44.0,1319,0.2719220059009031,0.273902804891589,19.80798990685928,0.0951959757384403,128.09360232529764,brent
2028-01-21,1.2874485400953515,555.0,811.7233040266829,put_call_parity,-0.3801914097560143,put,9.89,9.97,9.93,mid,0.00805639476334341,15.0,286,0.2695690641670485,0.2715201358819893,19.510717149407995,0.09355564149660892,131.72984118188194,brent
2028-01-21,1.2874485400953515,560.0,811.7233040266829,put_call_parity,-0.37122273977325376,put,10.25,10.33,10.29,mid,0.007774538386783292,32.0,3540,0.26729410948860544,0.2691530884824238,18.58978993818372,0.09198322988380554,135.48501124359817,brent
2028-01-21,1.2874485400953515,565.0,811.7233040266829,put_call_parity,-0.3623337923560078,put,10.61,10.7,10.655,mid,0.008446738620366013,5.0,645,0.26498116092515583,0.26680164006959567,18.20479144439835,0.0903982193852408,139.2728719610109,brent
2028-01-21,1.2874485400953515,570.0,811.7233040266829,put_call_parity,-0.353523162673853,put,11.0,11.08,11.04,mid,0.00724637681159421,1.0,1495,0.2627360481614133,0.2644657775592097,17.297293977963648,0.0888728701278707,143.17276732679744,brent
2028-01-21,1.2874485400953515,575.0,811.7233040266829,put_call_parity,-0.3447894827050983,put,11.39,11.48,11.435,mid,0.007870572802798414,6.0,441,0.2604833261687526,0.26214549729921327,16.62171130460688,0.08735539600039542,147.12793306156416,brent
2028-01-21,1.2874485400953515,580.0,811.7233040266829,put_call_parity,-0.33613141996198376,put,11.8,11.89,11.845,mid,0.007598142676234686,3.0,737,0.2582545558457691,0.25984080496834067,15.86249122571548,0.08586691546470739,151.1618951163665,brent
2028-01-21,1.2874485400953515,585.0,811.7233040266829,put_call_parity,-0.32754767627059234,put,12.23,12.32,12.275,mid,0.007331975560081454,24.0,197,0.25607789600695074,0.257551715479374,14.738194724232546,0.08442558233107277,155.29560983368657,brent
2028-01-21,1.2874485400953515,590.0,811.7233040266829,put_call_parity,-0.3190369866026836,put,12.67,12.76,12.715,mid,0.007078254030672423,6.0,627,0.2538843383319616,0.2552782528865471,13.939145545854847,0.08298540174539512,159.4761649625584,brent
2028-01-21,1.2874485400953515,595.0,811.7233040266829,put_call_parity,-0.310598117956819,put,13.13,13.22,13.175,mid,0.006831119544592019,1.0,491,0.2517339813984924,0.253020450296519,12.864688980265825,0.08158561062654997,163.7482569815558,brent
2028-01-21,1.2874485400953515,600.0,811.7233040266829,put_call_parity,-0.30222986828630244,put,13.61,13.7,13.655,mid,0.006590992310508961,28.0,1846,0.24962118244231515,0.2507783497823517,11.571673400365412,0.08022186445255325,168.1064437823593,brent
2028-01-21,1.2874485400953515,605.0,811.7233040266829,put_call_parity,-0.2939310654716073,put,14.1,14.19,14.145,mid,0.0063626723223753874,1.0,3773,0.24748271536456196,0.24855200229993274,10.692869353707835,0.07885325474491514,172.50179946693973,brent
2028-01-21,1.2874485400953515,610.0,811.7233040266829,put_call_parity,-0.28570056633509183,put,14.61,14.71,14.66,mid,0.006821282401091502,6.0,1591,0.2454028305744298,0.24634146760627987,9.386370318500703,0.07753343311780841,176.99609273622423,brent
2028-01-21,1.2874485400953515,615.0,811.7233040266829,put_call_parity,-0.27753725569593096,put,15.14,15.24,15.190000000000001,mid,0.00658327847267937,5.0,1227,0.24331959155778216,0.24414681417916928,8.272226213871248,0.07622264877715657,181.54107291308404,brent
2028-01-21,1.2874485400953515,620.0,811.7233040266829,put_call_parity,-0.2694400454633115,put,15.68,15.79,15.735,mid,0.006990784874483599,16.0,3440,0.24123070450035305,0.24196811913752536,7.374146371723067,0.07491953090415589,186.1333189786181,brent
2028-01-21,1.2874485400953515,625.0,811.7233040266829,put_call_parity,-0.2614078737660473,put,16.25,16.36,16.305,mid,0.0067463968107942,3.0,873,0.23918642212857427,0.23980546816200957,6.190460334352943,0.07365511705465325,190.80743722137288,brent
2028-01-21,1.2874485400953515,630.0,811.7233040266829,put_call_parity,-0.25343970411687033,put,16.84,16.95,16.895,mid,0.006510802012429679,213.0,1921,0.2371553407218039,0.23765895541524018,5.0361469343629395,0.07240952488563038,195.5375774958176,brent
2028-01-21,1.2874485400953515,635.0,811.7233040266829,put_call_parity,-0.2455345246097571,put,17.45,17.56,17.505,mid,0.006283918880319876,3.0,2706,0.23513384507229848,0.23552868346107078,3.948383887723006,0.07118035845294395,200.31826402830086,brent
2028-01-21,1.2874485400953515,640.0,811.7233040266829,put_call_parity,-0.23769134714873127,put,18.08,18.2,18.14,mid,0.006615214994487376,1.0,7688,0.23314291593218386,0.23341476318234924,2.7184725016538014,0.06998006264856906,205.16095686833998,brent
2028-01-21,1.2874485400953515,645.0,811.7233040266829,put_call_parity,-0.22990920670667622,put,18.73,18.85,18.79,mid,0.006386375731772273,3.0,1318,0.23113005655558727,0.23131731369657182,1.872571409845536,0.06877692112349447,210.02559578145627,brent
2028-01-21,1.2874485400953515,650.0,811.7233040266829,put_call_parity,-0.22218716061276597,put,19.41,19.53,19.47,mid,0.006163328197226554,44.0,6952,0.229163745973612,0.2292364622688393,0.7271629522731526,0.06761167645888863,214.9554364052407,brent
2028-01-21,1.2874485400953515,655.0,811.7233040266829,put_call_parity,-0.2145242878671969,put,20.12,20.24,20.18,mid,0.0059464816650147394,2.0,1504,0.22723799840276548,0.2271723442215127,-0.6565418125278888,0.06648011920389783,219.94082416758087,brent
2028-01-21,1.2874485400953515,660.0,811.7233040266829,put_call_parity,-0.2069196884819775,put,20.84,20.97,20.905,mid,0.006218607988519445,16.0,2131,0.22528053021857591,0.2251251028399559,-1.5542737862001,0.06533970936008815,224.9295617814206,brent
2028-01-21,1.2874485400953515,665.0,811.7233040266829,put_call_parity,-0.19937248284659465,put,21.6,21.73,21.665,mid,0.006000461573967182,7.0,1725,0.22337744931408168,0.2230948892737466,-2.8256004033508364,0.06424044404009566,229.97214181965654,brent
2028-01-21,1.2874485400953515,670.0,811.7233040266829,put_call_parity,-0.1918818111174371,put,22.38,22.51,22.445,mid,0.005791935843172313,12.0,1841,0.22145845504600847,0.22108186243271913,-3.765926132893449,0.06314142962167614,235.0184053743568,brent
2028-01-21,1.2874485400953515,675.0,811.7233040266829,put_call_parity,-0.18444683262991893,put,23.18,23.32,23.25,mid,0.00602150537634411,2.0,2679,0.21954236145458675,0.21908618887719875,-4.561725773880032,0.06205353710091354,240.074882694889,brent
2028-01-21,1.2874485400953515,680.0,811.7233040266829,put_call_parity,-0.17706672533229642,put,24.02,24.16,24.09,mid,0.005811540058115424,2.0,2421,0.21766672626292416,0.21710804270177225,-5.58683561151907,0.06099777168337726,245.1568076707609,brent
2028-01-21,1.2874485400953515,685.0,811.7233040266829,put_call_parity,-0.16974068524022343,put,24.89,25.03,24.96,mid,0.0056089743589743815,1.0,1523,0.21580601289091456,0.2151476054119294,-6.584074789851568,0.05995935621705458,250.24165159810246,brent
2028-01-21,1.2874485400953515,690.0,811.7233040266829,put_call_parity,-0.1624679259111437,put,25.78,25.93,25.855,mid,0.005801585766776197,1.0,2153,0.2139366187539975,0.21320506579289797,-7.315529610995297,0.05892507367447433,255.3095567054348,brent
2028-01-21,1.2874485400953515,695.0,811.7233040266829,put_call_parity,-0.15524767793765668,put,26.71,26.87,26.79,mid,0.005972377752892876,4.0,1704,0.2121134953687077,0.21128061976998672,-8.328755987209725,0.057925058415348084,260.3811350470509,brent
2028-01-21,1.2874485400953515,700.0,811.7233040266829,put_call_parity,-0.14807918845904405,put,27.68,27.84,27.759999999999998,mid,0.005763688760806922,14.0,9412,0.2103119646545081,0.20937447025973827,-9.37494394769839,0.05694529405958514,265.43385728837944,brent
2028-01-21,1.2874485400953515,705.0,811.7233040266829,put_call_parity,-0.14096172069018012,put,28.67,28.84,28.755000000000003,mid,0.005912015301686598,1.0,883,0.20849062461994564,0.207486827011186,-10.037976087596267,0.05596325158714926,270.43963582403575,brent
2028-01-21,1.2874485400953515,710.0,811.7233040266829,put_call_parity,-0.1338945534670877,put,29.71,29.88,29.795,mid,0.0057056553112937785,2.0,478,0.206719915646477,0.20561790643650096,-11.020092099760237,0.05501669749582953,275.420709727289,brent
2028-01-21,1.2874485400953515,715.0,811.7233040266829,put_call_parity,-0.1268769808084411,put,30.78,30.95,30.865000000000002,mid,0.005507856795723251,1.0,800,0.2049403707804319,0.203767931430308,-11.724393501238994,0.05407355395902681,280.340769527788,brent
2028-01-21,1.2874485400953515,720.0,811.7233040266829,put_call_parity,-0.11990831149234779,put,31.89,32.07,31.98,mid,0.005628517823639766,2.0,892,0.2032017389048353,0.20193713117694528,-12.64607727890027,0.05315996904027944,285.2088509234751,brent
2028-01-21,1.2874485400953515,725.0,811.7233040266829,put_call_parity,-0.11298786864777405,put,33.04,33.23,33.135,mid,0.005734118002112502,500.0,382,0.20148141722235682,0.20012574094493918,-13.556762774176445,0.052263666410578835,290.0038330205544,brent
2028-01-21,1.2874485400953515,730.0,811.7233040266829,put_call_parity,-0.10611498936001193,put,34.23,34.43,34.33,mid,0.005825808330905996,1000.0,1530,0.19977519826699655,0.19833400186796643,-14.411963990301203,0.05138223840089418,294.71218169292723,brent
2028-01-21,1.2874485400953515,735.0,811.7233040266829,put_call_parity,-0.09928902428961212,put,35.47,35.66,35.565,mid,0.005342330943343111,1.0,181,0.1980790914120981,0.1965621607115775,-15.169307005205857,0.050513463764193765,299.3203870806923,brent
2028-01-21,1.2874485400953515,740.0,811.7233040266829,put_call_parity,-0.09250933730423327,put,36.75,36.96,36.855000000000004,mid,0.005698005698005721,5.0,1406,0.19643867018120809,0.1948104696249613,-16.28200556246795,0.04968025885346951,303.8271563398477,brent
2028-01-21,1.2874485400953515,745.0,811.7233040266829,put_call_parity,-0.08577530512288924,put,38.08,38.3,38.19,mid,0.005760670332547758,2.0,125,0.1948157574659733,0.19307918587704287,-17.365715889304244,0.04886276535519937,308.2072193272455,brent
2028-01-21,1.2874485400953515,750.0,811.7233040266829,put_call_parity,-0.07908631697209267,put,39.46,39.68,39.57,mid,0.005559767500631763,49.0,2348,0.1932063359648265,0.19136857157621756,-18.377643886089423,0.04805876520008916,312.44574746517003,brent
2028-01-21,1.2874485400953515,755.0,811.7233040266829,put_call_parity,-0.07244177425342402,put,40.9,41.12,41.01,mid,0.005364545232870005,3.0,4261,0.19165398055018612,0.18967889337304594,-19.75087177140178,0.047289591949158195,316.53577223247845,brent
2028-01-21,1.2874485400953515,760.0,811.7233040266829,put_call_parity,-0.065841090222072,put,42.38,42.62,42.5,mid,0.005647058823529292,7.0,2665,0.19012211399094653,0.18801042214525884,-21.116918456876853,0.04653665337781216,320.4543702996087,brent
2028-01-21,1.2874485400953515,765.0,811.7233040266829,put_call_parity,-0.05928368967591297,put,43.93,44.17,44.05,mid,0.005448354143019342,1.0,3740,0.18863768827659194,0.18636343266445093,-22.742556121410075,0.04581279729348049,324.1894282974189,brent
2028-01-21,1.2874485400953515,770.0,811.7233040266829,put_call_parity,-0.0527690086547192,put,45.54,45.79,45.665,mid,0.005474652359575167,8.0,1187,0.18721128170658424,0.1847382032438794,-24.730784627048365,0.045122578827679415,327.7246638295598,brent
2028-01-21,1.2874485400953515,775.0,811.7233040266829,put_call_parity,-0.04629649414910178,put,47.22,47.47,47.345,mid,0.005280388636603654,5.0,1102,0.18583810896932956,0.1831350153668293,-27.030936025002617,0.044463068825452895,331.04203119406515,brent
2028-01-21,1.2874485400953515,780.0,811.7233040266829,put_call_parity,-0.0398656038188114,put,48.97,49.24,49.105000000000004,mid,0.00549842174931276,9.0,3693,0.18455868841308803,0.1815541532950581,-30.045351180299217,0.043852955618414215,334.1264176420342,brent
2028-01-21,1.2874485400953515,785.0,811.7233040266829,put_call_parity,-0.033475805720040316,put,50.8,51.05,50.925,mid,0.004909180166912126,1.0,3495,0.18330854758784504,0.17999590365689275,-33.126439309522915,0.04326087625222884,336.9574732371374,brent
2028-01-21,1.2874485400953515,790.0,811.7233040266829,put_call_parity,-0.02712657804138161,put,52.7,52.98,52.84,mid,0.0052990158970475775,100.0,1461,0.1821876143762581,0.17846055501462307,-37.270593616350325,0.04273341272237052,339.5222516178078,brent
2028-01-21,1.2874485400953515,795.0,811.7233040266829,put_call_parity,-0.020817408848116815,put,54.69,54.95,54.82,mid,0.004742794600510856,7.0,634,0.18110316354393105,0.17694839741091226,-41.54766133018795,0.0422261953509711,341.8034268471428,brent
2028-01-21,1.2874485400953515,800.0,811.7233040266829,put_call_parity,-0.01454779583452146,put,56.76,57.0,56.879999999999995,mid,0.004219409282700457,35.0,943,0.18009622043828286,0.17545972189403497,-46.364985442478854,0.04175794100937391,343.7884478152019,brent
2028-01-21,1.2874485400953515,805.0,811.7233040266829,put_call_parity,-0.008317246083885427,put,58.93,59.24,59.085,mid,0.005246678514005285,10.0,346,0.1793520124901037,0.17399482002185318,-53.571924682505326,0.04141354307653946,345.4623732129991,brent
2028-01-21,1.2874485400953515,810.0,811.7233040266829,put_call_parity,-0.0021252758359642755,put,61.19,61.51,61.349999999999994,mid,0.005215973920130405,81.0,407,0.1786208739716307,0.17255398334454627,-60.66890627084432,0.04107658204647911,346.8186600286391,brent
2028-01-21,1.2874485400953515,815.0,811.7233040266829,put_call_parity,0.004028589738413833,call,58.32,58.46,58.39,mid,0.0023976708340469354,6.0,1672,0.17165681301260058,0.1711375028662372,-5.193101463633887,0.03793603780085249,347.968731671813,brent
2028-01-21,1.2874485400953515,820.0,811.7233040266829,put_call_parity,0.010144816755850102,call,55.6,55.74,55.67,mid,0.002514819471887921,56.0,1483,0.16994106364259023,0.1697456684857819,-1.953951568083312,0.03718146892141678,348.6592132582364,brent
2028-01-21,1.2874485400953515,825.0,811.7233040266829,put_call_parity,0.01622386283223225,call,52.94,53.09,53.015,mid,0.002829387909082442,15.0,2063,0.16824665574121053,0.16837876841713764,1.3211267592710962,0.036443724931643,348.97471552821327,brent
2028-01-21,1.2874485400953515,830.0,811.7233040266829,put_call_parity,0.022266177288194834,call,50.36,50.5,50.43,mid,0.0027761253222288434,7.0,1858,0.16658443115572874,0.16703708858987187,4.526574341431333,0.035727176824194296,348.89917356830466,brent
2028-01-21,1.2874485400953515,835.0,811.7233040266829,put_call_parity,0.02827220134840667,call,47.86,48.0,47.93,mid,0.002920926350928449,56.0,1174,0.16499417656827264,0.16572091203054387,7.267354622712274,0.035048312416093366,348.41915486994,brent
2028-01-21,1.2874485400953515,840.0,811.7233040266829,put_call_parity,0.03424236833491045,call,45.42,45.56,45.49,mid,0.003077599472411531,9.0,1652,0.16340127425357837,0.16443051822585739,10.292439722790203,0.03437484567241382,347.5204000027733,brent
2028-01-21,1.2874485400953515,845.0,811.7233040266829,put_call_parity,0.04017710385472517,call,43.07,43.2,43.135000000000005,mid,0.003013793902863163,6.0,1140,0.16187499895162952,0.16316618246867168,12.911835170421604,0.033735677499799145,346.1947960172957,brent
2028-01-21,1.2874485400953515,850.0,811.7233040266829,put_call_parity,0.04607682598191342,call,40.79,40.92,40.855000000000004,mid,0.0031819850691470457,28.0,1692,0.1603845069039365,0.16192817518814223,15.436682842057403,0.033117283482671796,344.4328419215406,brent
2028-01-21,1.2874485400953515,855.0,811.7233040266829,put_call_parity,0.051941945434311465,call,38.59,38.72,38.655,mid,0.0033630836890439905,12.0,516,0.1589426257776615,0.16071676126546436,17.741354878028638,0.03252450127808063,342.23024934370613,brent
2028-01-21,1.2874485400953515,860.0,811.7233040266829,put_call_parity,0.05777286574510462,call,36.47,36.59,36.53,mid,0.00328497125650163,5.0,585,0.15753356078060962,0.15953219933689475,19.98638556285126,0.03195038224789717,339.5815963903025,brent
2028-01-21,1.2874485400953515,865.0,811.7233040266829,put_call_parity,0.06356998342943049,call,34.43,34.56,34.495000000000005,mid,0.003768662124945718,2.0,895,0.15620092570589425,0.15837474108592964,21.738153800353878,0.03141210827762182,336.4966238003184,brent
2028-01-21,1.2874485400953515,870.0,811.7233040266829,put_call_parity,0.06933368814618053,call,32.47,32.6,32.535,mid,0.003995696941755112,2.0,457,0.1549005342510886,0.15724463052673066,23.440962756420546,0.030891266232779636,332.9698411646152,brent
2028-01-21,1.2874485400953515,875.0,811.7233040266829,put_call_parity,0.07506436285516573,call,30.6,30.71,30.655,mid,0.0035883216441037163,147.0,1517,0.1536476778973642,0.15614210328109474,24.944253837305418,0.03039358164338301,329.01138276629024,brent
2028-01-21,1.2874485400953515,880.0,811.7233040266829,put_call_parity,0.08076238396980343,call,28.79,28.91,28.85,mid,0.004159445407279064,4.0,687,0.15242815136863166,0.1550673858514692,26.39234482837538,0.029913018824945906,324.6250493633994,brent
2028-01-21,1.2874485400953515,885.0,811.7233040266829,put_call_parity,0.08642812150548074,call,27.08,27.19,27.134999999999998,mid,0.004053805048830034,51.0,987,0.15129004487257175,0.1540206948927139,27.30650020142139,0.02946799466066808,319.8461732458868,brent
2028-01-21,1.2874485400953515,890.0,811.7233040266829,put_call_parity,0.09206193922373672,call,25.43,25.55,25.490000000000002,mid,0.0047077285209886615,1.0,1093,0.15017390015370036,0.1530022364855025,28.28336331802156,0.029034797335917063,314.6633674631444,brent
2028-01-21,1.2874485400953515,895.0,811.7233040266829,put_call_parity,0.09766419477240652,call,23.88,23.99,23.935,mid,0.004595780238144952,104.0,1098,0.1491462612340785,0.15201220541443383,28.659441803553232,0.028638787116266367,309.1352628866262,brent
2028-01-21,1.2874485400953515,900.0,811.7233040266829,put_call_parity,0.10323523982186207,call,22.39,22.5,22.445,mid,0.00490086879037645,128.0,2332,0.1481308816381421,0.15105078445408862,29.199028159465346,0.028250171874935785,303.23653884325944,brent
2028-01-21,1.2874485400953515,905.0,811.7233040266829,put_call_parity,0.10877542019747741,call,20.99,21.1,21.045,mid,0.005226894749346779,18.0,748,0.14721434785791,0.1501181436664176,29.037958085076088,0.027901667434750223,297.0564696224429,brent
2028-01-21,1.2874485400953515,910.0,811.7233040266829,put_call_parity,0.11428507600844696,call,19.66,19.76,19.71,mid,0.0050735667174024056,9.0,1921,0.14631926776342566,0.1492144397129646,28.951719495389494,0.027563408231003676,290.56389300652916,brent
2028-01-21,1.2874485400953515,915.0,811.7233040266829,put_call_parity,0.11976454177307252,call,18.4,18.5,18.45,mid,0.005420054200542083,15.0,594,0.14548506295373023,0.14833981518554065,28.5475223181042,0.02725001161578486,283.8216510933977,brent
2028-01-21,1.2874485400953515,920.0,811.7233040266829,put_call_parity,0.12521414654063717,call,17.21,17.31,17.259999999999998,mid,0.00579374275782143,1.0,516,0.14470133567391177,0.14749439795902858,27.930622851168042,0.02695721106072911,276.85300062384897,brent
2028-01-21,1.2874485400953515,925.0,811.7233040266829,put_call_parity,0.13063421400997632,call,16.09,16.19,16.14,mid,0.006195786864931934,13.0,238,0.14397567598528418,0.1466783005700492,27.026245847650287,0.02668751470498232,269.7002168596852,brent
2028-01-21,1.2874485400953515,930.0,811.7233040266829,put_call_parity,0.13602506264485292,call,15.03,15.13,15.08,mid,0.006631299734748105,1.0,828,0.14327886505910803,0.1458916196252268,26.12754566118758,0.02642981629795848,262.36226132255655,brent
2028-01-21,1.2874485400953515,935.0,811.7233040266829,put_call_parity,0.14138700578623825,call,14.04,14.13,14.085,mid,0.006389776357827592,15.0,279,0.1426375388394135,0.14513443524276978,24.968964033562912,0.02619374241262082,254.90435387639073,brent
2028-01-21,1.2874485400953515,940.0,811.7233040266829,put_call_parity,0.1467203517616008,call,13.1,13.19,13.145,mid,0.006846709775580058,3.0,206,0.14202123862911353,0.14440681053101892,23.85571901905387,0.02596787853756516,247.31881306626659,brent
2028-01-21,1.2874485400953515,945.0,811.7233040266829,put_call_parity,0.15202540399129394,call,12.22,12.31,12.265,mid,0.007337953526294322,6.0,153,0.14145850895914147,0.14370879110751875,22.50282148377275,0.025762501573140705,239.6772130571721,brent
2028-01-21,1.2874485400953515,950.0,811.7233040266829,put_call_parity,0.1573024610921377,call,11.39,11.48,11.435,mid,0.007870572802798414,2.0,821,0.14091722061218775,0.14304040466202622,21.23184049838467,0.02556571932282202,231.96331288787633,brent
2028-01-21,1.2874485400953515,955.0,811.7233040266829,put_call_parity,0.16255181697828155,call,10.61,10.7,10.655,mid,0.008446738620366013,1.0,292,0.1404055888642506,0.1424016605666925,19.960717024418983,0.025380412115673726,224.21749454752083,brent
2028-01-21,1.2874485400953515,960.0,811.7233040266829,put_call_parity,0.1677737609594332,call,9.88,9.97,9.925,mid,0.009068010075566737,2.0,804,0.13993311035684133,0.14179254953643858,18.59439179597244,0.025209884393641517,216.48388411191158,brent
2028-01-21,1.2874485400953515,965.0,811.7233040266829,put_call_parity,0.17296857783653719,call,9.2,9.28,9.239999999999998,mid,0.008658008658008667,4.0,1311,0.13948679869811037,0.1412130433422855,17.262446441751177,0.02504932879364005,208.76790243441692,brent
2028-01-21,1.2874485400953515,970.0,811.7233040266829,put_call_parity,0.17813654799497972,call,8.56,8.64,8.600000000000001,mid,0.009302325581395356,1.0,1413,0.13907655074873163,0.1406630945801108,15.865438313791834,0.024902199119268758,201.11253176621292,brent
2028-01-21,1.2874485400953515,975.0,811.7233040266829,put_call_parity,0.18327794749539836,call,7.96,8.04,8.0,mid,0.009999999999999898,2.0,98,0.13868794561043934,0.1401426364969769,14.546908865375464,0.02476323100909249,193.5156225415848,brent
2028-01-21,1.2874485400953515,980.0,811.7233040266829,put_call_parity,0.18839304816216876,call,7.4,7.48,7.44,mid,0.01075268817204302,2.0,663,0.1383310059500605,0.1396515828768161,13.20576926755579,0.024635929319895045,186.01781287442694,brent
2028-01-21,1.2874485400953515,985.0,811.7233040266829,put_call_parity,0.19348211766964019,call,6.89,6.96,6.925,mid,0.010108303249097514,23.0,59,0.13804527623384683,0.1391898279868787,11.445517530318805,0.024534260903406848,178.71798542546532,brent
2028-01-21,1.2874485400953515,990.0,811.7233040266829,put_call_parity,0.19854541962618688,call,6.4,6.47,6.4350000000000005,mid,0.010878010878010783,11.0,801,0.13773095334435945,0.13875724658593944,10.262932415799897,0.024422661283128328,171.4395890514494,brent
2028-01-21,1.2874485400953515,995.0,811.7233040266829,put_call_parity,0.203583213656144,call,5.95,6.01,5.98,mid,0.010033444816053446,2.0,775,0.13745306538586202,0.13835369399483208,9.006286089700556,0.024324209674619793,164.32615175059178,brent
2028-01-21,1.2874485400953515,1000.0,811.7233040266829,put_call_parity,0.20859575547968826,call,5.53,5.59,5.5600000000000005,mid,0.01079136690647475,118.0,16975,0.13722461997306143,0.13797900622944903,7.543862563876013,0.02424342375000063,157.42037701581964,brent
2028-01-21,1.2874485400953515,1005.0,811.7233040266829,put_call_parity,0.21358329699072728,call,5.15,5.23,5.19,mid,0.015414258188824675,3.0,1249,0.13715996199676722,0.137633000195892,4.730381991247812,0.024220582930020614,150.97318492040847,brent
2028-01-21,1.2874485400953515,1010.0,811.7233040266829,put_call_parity,0.21854608633285644,call,4.79,4.86,4.825,mid,0.014507772020725448,17.0,6515,0.1369778161460599,0.1373154739470165,3.376578009565978,0.024156296686352097,144.4157241091683,brent
2028-01-21,1.2874485400953515,1015.0,811.7233040266829,put_call_parity,0.22348436797343899,call,4.45,4.52,4.484999999999999,mid,0.015607580824971996,1.0,6640,0.13681474653440592,0.1370262069991709,2.1146046476497316,0.024098815653549977,138.03736059365477,brent
2028-01-21,1.2874485400953515,1020.0,811.7233040266829,put_call_parity,0.22839838277586802,call,4.13,4.21,4.17,mid,0.019184652278177474,100.0,5036,0.13668185697478075,0.13676496070749575,0.8310373271500082,0.024052023538233023,131.86908681812375,brent
2028-01-21,1.2874485400953515,1025.0,811.7233040266829,put_call_parity,0.23328836807005976,call,3.84,3.91,3.875,mid,0.018064516129032333,100.0,5121,0.13655220544678276,0.13653147869773793,-0.20726749044824855,0.024006415398580047,125.86104522131116,brent
2028-01-21,1.2874485400953515,1030.0,811.7233040266829,put_call_parity,0.23815455772123265,call,3.57,3.64,3.605,mid,0.019417475728155418,100.0,6297,0.13647634813990034,0.13632548735213315,-1.5086078776718748,0.02397975078050148,120.12342187880942,brent
2028-01-21,1.2874485400953515,1035.0,811.7233040266829,put_call_parity,0.2429971821970206,call,3.32,3.39,3.355,mid,0.02086438152011931,101.0,2386,0.13642702516211033,0.136146696346548,-2.8032881556233624,0.023962421199134245,114.60247215053235,brent
2028-01-21,1.2874485400953515,1040.0,811.7233040266829,put_call_parity,0.24781646863296963,call,3.09,3.16,3.125,mid,0.02240000000000009,101.0,2408,0.13641648201397727,0.13599479923573005,-4.216827782472232,0.023958717686666946,109.3250487294131,brent
2028-01-21,1.2874485400953515,1045.0,811.7233040266829,put_call_parity,0.2526126408964626,call,2.87,2.94,2.9050000000000002,mid,0.024096385542168617,1.0,4417,0.1363627372477747,0.13586947408321415,-4.932631645605534,0.02393984310481125,104.1244549722154,brent
2028-01-21,1.2874485400953515,1050.0,811.7233040266829,put_call_parity,0.2573859196491203,call,2.68,2.74,2.71,mid,0.02214022140221404,11.0,6660,0.1364186169288089,0.13577038413216877,-6.482327966401414,0.023959467599305482,99.31145820346414,brent
2028-01-21,1.2874485400953515,1055.0,811.7233040266829,put_call_parity,0.26213652240771806,call,2.49,2.56,2.5250000000000004,mid,0.027722772277227657,1.0,7263,0.13645030013698958,0.1356971785132413,-7.531216237482708,0.02397059805889918,94.61311857695345,brent
2028-01-21,1.2874485400953515,1060.0,811.7233040266829,put_call_parity,0.266864663603664,call,2.33,2.38,2.355,mid,0.02123142250530778,2.0,6363,0.1365174342106304,0.13564949298528078,-8.67941225349611,0.023994191114697288,90.14737594824526,brent
2028-01-21,1.2874485400953515,1065.0,811.7233040266829,put_call_parity,0.2715705546410768,call,2.17,2.23,2.2,mid,0.027272727272727296,41.0,4831,0.13663326934336664,0.13562695070468112,-10.063186386855271,0.02403492656328694,85.93556395077184,brent
2028-01-21,1.2874485400953515,1070.0,811.7233040266829,put_call_parity,0.27625440395350315,call,2.03,2.08,2.0549999999999997,mid,0.024330900243309136,2.0,1894,0.136751707091656,0.1356291630189934,-11.225440726626012,0.024076612989631305,81.88403995919157,brent
2028-01-21,1.2874485400953515,1075.0,811.7233040266829,put_call_parity,0.2809164170593144,call,1.89,1.94,1.915,mid,0.026109660574412556,1.0,2223,0.13681638100074175,0.13565573028041006,-11.606507203316962,0.024099391453150487,77.88536557020645,brent
2028-01-21,1.2874485400953515,1080.0,811.7233040266829,put_call_parity,0.2855567966158166,call,1.76,1.8,1.78,mid,0.02247191011235957,35.0,1257,0.136826277343063,0.13570624267471745,-11.200346683455376,0.02410287794287301,73.94080552419427,brent
2028-01-21,1.2874485400953515,1085.0,811.7233040266829,put_call_parity,0.29017574247211114,call,1.65,1.69,1.67,mid,0.023952095808383256,1.0,23,0.13706469295863796,0.13578028106135043,-12.844118972875352,0.024186948183564004,70.56046546059068,brent
2028-01-21,1.2874485400953515,1090.0,811.7233040266829,put_call_parity,0.29477345172074054,call,1.54,1.58,1.56,mid,0.025641025641025664,2.0,1407,0.1372017700576016,0.13587741782025975,-13.243522373418415,0.024235350649677984,67.13822819735961,brent
2028-01-21,1.2874485400953515,1095.0,811.7233040266829,put_call_parity,0.2993501187481525,call,1.45,1.48,1.4649999999999999,mid,0.020477815699658723,1.0,8,0.1374631703777254,0.13599721770141443,-14.65952676310972,0.02432778624055691,64.06876556148997,brent
2028-01-21,1.2874485400953515,1100.0,811.7233040266829,put_call_parity,0.30390593528401316,call,1.36,1.39,1.375,mid,0.021818181818181678,1.0,816,0.13771047216809315,0.13613923867291006,-15.712334951830941,0.02441539831678419,61.10234159456089,brent
2028-01-21,1.2874485400953515,1105.0,811.7233040266829,put_call_parity,0.30844109044940443,call,1.28,1.31,1.295,mid,0.02316602316602319,19.0,346,0.13803349808496856,0.1363030327638267,-17.304653211418774,0.024530074510972312,58.38387908602468,brent
2028-01-21,1.2874485400953515,1110.0,811.7233040266829,put_call_parity,0.312955770803931,call,1.2,1.23,1.2149999999999999,mid,0.024691358024691384,1.0,85,0.13826967601161602,0.1364881468981883,-17.815291134277157,0.024614089168002912,55.64085369037481,brent
2028-01-21,1.2874485400953515,1115.0,811.7233040266829,put_call_parity,0.3174501603917703,call,1.13,1.16,1.145,mid,0.026200873362445438,1.0,8,0.13860028491626844,0.1366941237165965,-19.061611996719353,0.02473193663852199,53.16234369647441,brent
2028-01-21,1.2874485400953515,1120.0,811.7233040266829,put_call_parity,0.3219244407866915,call,1.07,1.1,1.085,mid,0.027649769585253482,1.0,203,0.1390445321848075,0.13692050238235634,-21.240298024511606,0.024890734341517732,50.96297623296251,brent
2028-01-21,1.2874485400953515,1125.0,811.7233040266829,put_call_parity,0.32637879113607177,call,1.01,1.04,1.025,mid,0.02926829268292686,6.0,29,0.1394178365251551,0.13716681936917294,-22.510171559821657,0.025024566176184322,48.75192562776489,brent
2028-01-21,1.2874485400953515,1130.0,811.7233040266829,put_call_parity,0.3308133882039375,call,0.95,0.98,0.965,mid,0.03108808290155443,1.0,76,0.13971504938018564,0.1374326092277625,-22.82440152423154,0.02513137532998807,46.52600202858357,brent
2028-01-21,1.2874485400953515,1135.0,811.7233040266829,put_call_parity,0.3352284064130543,call,0.9,0.93,0.915,mid,0.03278688524590167,1.0,127,0.1401551081506093,0.13771740532899937,-24.377028216099326,0.025289936613375485,44.59905611404729,brent
2028-01-21,1.2874485400953515,1140.0,811.7233040266829,put_call_parity,0.3396240178860923,call,0.85,0.88,0.865,mid,0.03468208092485552,1.0,441,0.14052807655437308,0.1380207405814995,-25.073359728735866,0.025424714398925536,42.66311729637566,brent
2028-01-21,1.2874485400953515,1150.0,811.7233040266829,put_call_parity,0.34835769785484705,call,0.77,0.79,0.78,mid,0.025641025641025664,1.0,837,0.1414369277723452,0.13868116197572272,-27.557657966224834,0.02575464141751242,39.25456807696506,brent
2028-01-21,1.2874485400953515,1160.0,811.7233040266829,put_call_parity,0.3570157605979616,call,0.69,0.72,0.705,mid,0.04255319148936174,373.0,408,0.14236487710715737,0.13941015292851183,-29.54724178645535,0.026093695749028978,36.15962524910369,brent
2028-01-21,1.2874485400953515,1170.0,811.7233040266829,put_call_parity,0.365599504289353,call,0.63,0.65,0.64,mid,0.03125000000000003,1.0,82,0.14334938819423074,0.14020402662395406,-31.453615702766726,0.026455840683658423,33.39459661149532,brent
2028-01-21,1.2874485400953515,1190.0,811.7233040266829,put_call_parity,0.38254906260312627,call,0.59,0.62,0.605,mid,0.049586776859504175,2.0,46,0.14783230390994345,0.14197194708430752,-58.60356825635932,0.028136402602297293,31.25560697097866,brent
2028-01-21,1.2874485400953515,1200.0,811.7233040266829,put_call_parity,0.39091731227364285,call,0.48,0.5,0.49,mid,0.04081632653061228,11.0,1744,0.14655823327650805,0.1429389368927464,-36.19296383761655,0.027653513693166657,26.682327423770854,brent
2028-01-21,1.2874485400953515,1210.0,811.7233040266829,put_call_parity,0.39921611508833804,call,0.44,0.46,0.45,mid,0.04444444444444448,10.0,49,0.14763744777451152,0.14395672040829754,-36.80727366213971,0.028062278919093707,24.81665744933997,brent
2028-01-21,1.2874485400953515,1230.0,811.7233040266829,put_call_parity,0.4156099248640143,call,0.43,0.47,0.44999999999999996,mid,0.08888888888888885,9.0,51,0.15279684847003816,0.14613159580996968,-66.65252660068482,0.03005790258374961,24.18632882105145,brent
2028-01-21,1.2874485400953515,1240.0,811.7233040266829,put_call_parity,0.4237071350966338,call,0.42,0.46,0.44,mid,0.090909090909091,1.0,155,0.15491290171716832,0.14728242914170786,-76.30472575460456,0.03089619922982448,23.516654398592316,brent
2028-01-21,1.2874485400953515,1250.0,811.7233040266829,put_call_parity,0.431739306793898,call,0.33,0.35,0.33999999999999997,mid,0.0588235294117646,1.0,322,0.15271702281332078,0.14847154922149258,-42.45473591828197,0.030026504487778546,19.361095721869845,brent
2028-01-21,1.2874485400953515,1260.0,811.7233040266829,put_call_parity,0.43970747644307495,call,0.3,0.32,0.31,mid,0.06451612903225812,1.0,140,0.15352027882734529,0.14969612481397854,-38.241540133667485,0.03034320003292502,17.90686899896262,brent
2028-01-21,1.2874485400953515,1270.0,811.7233040266829,put_call_parity,0.4476126559501882,call,0.28,0.3,0.29000000000000004,mid,0.06896551724137917,30.0,142,0.15474249492666875,0.15095344804926253,-37.890468774062214,0.030828263940513904,16.868346492969952,brent
2028-01-21,1.2874485400953515,1280.0,811.7233040266829,put_call_parity,0.45545583341121404,call,0.27,0.28,0.275,mid,0.03636363636363639,1.0,190,0.15616768473286052,0.1522409348801676,-39.26749852692923,0.031398740137386395,16.04728705790472,brent
2028-01-21,1.2874485400953515,1300.0,811.7233040266829,put_call_parity,0.47096001994717934,call,0.23,0.25,0.24,mid,0.0833333333333333,5.0,865,0.15841971446233288,0.15489667831910148,-35.23036143231406,0.032310846156055964,14.213037999300132,brent
2028-01-21,1.2874485400953515,1310.0,811.7233040266829,put_call_parity,0.4786228926927484,call,0.22,0.24,0.22999999999999998,mid,0.0869565217391304,1.0,202,0.15993506453676815,0.15626037725760702,-36.74687279161121,0.032931935713566785,13.628569556118796,brent
2028-01-21,1.2874485400953515,1320.0,811.7233040266829,put_call_parity,0.4862274920779678,call,0.2,0.23,0.21500000000000002,mid,0.1395348837209302,1.0,234,0.16100344921586046,0.15764511976471926,-33.58329451141201,0.03337338352464003,12.832672252886802,brent
2028-01-21,1.2874485400953515,1330.0,811.7233040266829,put_call_parity,0.49377469771335064,call,0.19,0.21,0.2,mid,0.09999999999999995,1.0,1478,0.1619661469789398,0.15904891838471766,-29.172285942221375,0.0337736797384097,12.039600454905953,brent
2028-01-21,1.2874485400953515,1340.0,811.7233040266829,put_call_parity,0.5012653694425082,call,0.18,0.2,0.19,mid,0.10526315789473693,2.0,4844,0.1632536148235502,0.16046989634205266,-27.83718481497527,0.034312747298290175,11.472750939158148,brent
2028-01-21,1.2874485400953515,1350.0,811.7233040266829,put_call_parity,0.5087003479300264,call,0.17,0.19,0.18,mid,0.11111111111111106,2.0,8,0.1644695031639949,0.16190628377523375,-25.6321938876114,0.0348257629923153,10.910821315015836,brent
2028-01-21,1.2874485400953515,1360.0,811.7233040266829,put_call_parity,0.5160804552276489,call,0.16,0.18,0.16999999999999998,mid,0.11764705882352937,1.0,1,0.16560985809109116,0.16335641376194832,-22.534443291428452,0.03531036844081255,10.353046510463633,brent
2028-01-21,1.2874485400953515,1380.0,811.7233040266829,put_call_parity,0.5306792546488016,call,0.14,0.16,0.15000000000000002,mid,0.13333333333333325,1.0,9,0.16764420851909265,0.16629172361868017,-13.524849004124817,0.03618320132782557,9.246818558359113,brent
2028-01-21,1.2874485400953515,1390.0,811.7233040266829,put_call_parity,0.5378995026222886,call,0.13,0.16,0.14500000000000002,mid,0.2068965517241379,10.0,16,0.1690931013836686,0.16777404691889733,-13.190544647712631,0.0368113426883808,8.930031668399709,brent
2028-01-21,1.2874485400953515,1400.0,811.7233040266829,put_call_parity,0.5450679921009013,call,0.12,0.15,0.135,mid,0.2222222222222222,1.0,11,0.1699112853844771,0.16926439116808661,-6.468942163904979,0.0371684396705784,8.383653051859252,brent
2028-01-21,1.2874485400953515,1410.0,811.7233040266829,put_call_parity,0.5521854598697652,call,0.12,0.14,0.13,mid,0.15384615384615397,10.0,110,0.1712521018326839,0.17076154139961255,-4.905604330713576,0.037757366887814135,8.074317510500444,brent
2028-01-21,1.2874485400953515,1430.0,811.7233040266829,put_call_parity,0.5662701997515043,call,0.1,0.13,0.115,mid,0.2608695652173913,50.0,59,0.17311399350313883,0.17377178515930852,6.577916561696928,0.03858284331242995,7.227313667532611,brent
2028-01-21,1.2874485400953515,1440.0,811.7233040266829,put_call_parity,0.5732388690675976,call,0.1,0.13,0.115,mid,0.2608695652173913,2.0,24,0.1749933515212285,0.17528282199638925,2.8947047516075797,0.039425115746327406,7.165771842302462,brent
2028-01-21,1.2874485400953515,1450.0,811.7233040266829,put_call_parity,0.5801593119121713,call,0.09,0.12,0.105,mid,0.2857142857142857,100.0,119,0.17540034648983346,0.17679654372051823,13.961972306847647,0.03960871681556532,6.6280434267334085,brent
2028-01-21,1.2874485400953515,1460.0,811.7233040266829,put_call_parity,0.5870321911999333,call,0.09,0.12,0.105,mid,0.2857142857142857,4.0,14,0.17723642184021957,0.17831208549193617,10.756636517166019,0.04044229813232753,6.573458701907078,brent
2028-01-21,1.2874485400953515,1470.0,811.7233040266829,put_call_parity,0.5938581562703332,call,0.08,0.11,0.095,mid,0.3157894736842105,1.0,98,0.17746424837878133,0.1798286413971147,23.64393018333383,0.040546337139714984,6.037384551801959,brent
2028-01-21,1.2874485400953515,1480.0,811.7233040266829,put_call_parity,0.600637843255712,call,0.08,0.1,0.09,mid,0.22222222222222227,4.0,4219,0.17840529424339,0.18134546107383087,29.40166830440877,0.040977490216664476,5.744546893207171,brent
